{"createdAt":"2025-08-09T20:11:48.494Z","updatedAt":"2025-08-09T20:36:46.565Z","id":"LQXL7HtCBeiMJAf0","name":"My workflow 59","active":false,"isArchived":false,"nodes":[{"parameters":{},"type":"n8n-nodes-base.manualTrigger","typeVersion":1,"position":[-448,-80],"id":"b46e252f-fbe1-45bc-aa42-36645027d720","name":"When clicking ‘Execute workflow’"},{"parameters":{"operation":"getAll","tableId":"IMAGENS FLORICULTURA SAO JOSE","returnAll":true},"type":"n8n-nodes-base.supabase","typeVersion":1,"position":[224,-96],"id":"5e4c1d4f-8032-48b3-879b-891faa8516be","name":"Get many rows","credentials":{"supabaseApi":{"id":"G9KBchsZQ2g5jOab","name":"Supabase Astatonn"}}},{"parameters":{"operation":"appendOrUpdate","documentId":{"__rl":true,"value":"19_iDJIRNjqtTWtaiiEIQRkX9JMA1CSChkP-A9zzOHws","mode":"list","cachedResultName":"Estoque_Floricultura","cachedResultUrl":"https://docs.google.com/spreadsheets/d/19_iDJIRNjqtTWtaiiEIQRkX9JMA1CSChkP-A9zzOHws/edit?usp=drivesdk"},"sheetName":{"__rl":true,"value":"gid=0","mode":"list","cachedResultName":"Página1","cachedResultUrl":"https://docs.google.com/spreadsheets/d/19_iDJIRNjqtTWtaiiEIQRkX9JMA1CSChkP-A9zzOHws/edit#gid=0"},"columns":{"mappingMode":"defineBelow","value":{"ID":"={{ $json.id }}","Produto":"={{ $json.produto }}","Preço Unitário":"={{ $json[\"preço\"] }}","Data de Entrada":"={{ $json.created_at }}"},"matchingColumns":["ID"],"schema":[{"id":"ID","displayName":"ID","required":false,"defaultMatch":false,"display":true,"type":"string","canBeUsedToMatch":true,"removed":false},{"id":"Produto","displayName":"Produto","required":false,"defaultMatch":false,"display":true,"type":"string","canBeUsedToMatch":true},{"id":"Quantidade","displayName":"Quantidade","required":false,"defaultMatch":false,"display":true,"type":"string","canBeUsedToMatch":true,"removed":true},{"id":"Preço Unitário","displayName":"Preço Unitário","required":false,"defaultMatch":false,"display":true,"type":"string","canBeUsedToMatch":true},{"id":"Data de Entrada","displayName":"Data de Entrada","required":false,"defaultMatch":false,"display":true,"type":"string","canBeUsedToMatch":true},{"id":"Última Atualização","displayName":"Última Atualização","required":false,"defaultMatch":false,"display":true,"type":"string","canBeUsedToMatch":true,"removed":true}],"attemptToConvertTypes":false,"convertFieldsToString":false},"options":{}},"type":"n8n-nodes-base.googleSheets","typeVersion":4.6,"position":[464,-96],"id":"000b2d39-e686-4df6-98d5-5fd1d6032bf5","name":"Append or update row in sheet","credentials":{"googleSheetsOAuth2Api":{"id":"sFtSa2h1fvmHuTqX","name":"rolimvictorhugo@gmail.com"}}},{"parameters":{"operation":"clear","documentId":{"__rl":true,"value":"19_iDJIRNjqtTWtaiiEIQRkX9JMA1CSChkP-A9zzOHws","mode":"list","cachedResultName":"Estoque_Floricultura","cachedResultUrl":"https://docs.google.com/spreadsheets/d/19_iDJIRNjqtTWtaiiEIQRkX9JMA1CSChkP-A9zzOHws/edit?usp=drivesdk"},"sheetName":{"__rl":true,"value":"gid=0","mode":"list","cachedResultName":"Página1","cachedResultUrl":"https://docs.google.com/spreadsheets/d/19_iDJIRNjqtTWtaiiEIQRkX9JMA1CSChkP-A9zzOHws/edit#gid=0"},"clear":"specificRows","startIndex":2,"rowsToDelete":500},"type":"n8n-nodes-base.googleSheets","typeVersion":4.6,"position":[-64,-96],"id":"d18e9631-bf3a-46d3-ae1b-cbf6fc905776","name":"Clear sheet","credentials":{"googleSheetsOAuth2Api":{"id":"sFtSa2h1fvmHuTqX","name":"rolimvictorhugo@gmail.com"}}}],"connections":{"When clicking ‘Execute workflow’":{"main":[[{"node":"Clear sheet","type":"main","index":0}]]},"Get many rows":{"main":[[{"node":"Append or update row in sheet","type":"main","index":0}]]},"Clear sheet":{"main":[[{"node":"Get many rows","type":"main","index":0}]]}},"settings":{"executionOrder":"v1"},"staticData":null,"meta":{"templateCredsSetupCompleted":true},"pinData":{},"versionId":"80582f39-aaf7-4dda-b689-97ad1c827288","triggerCount":0,"tags":[]}

