{"createdAt":"2025-04-03T03:39:40.704Z","updatedAt":"2025-06-10T17:46:56.607Z","id":"6v39JnIdw6Vr7Nbp","name":"ENVIA AGENDAMENTO 24 HORAS ANTES DO COMPROMISSO","active":false,"isArchived":false,"nodes":[{"parameters":{"rule":{"interval":[{"field":"cronExpression","expression":"0 0 8 * * 1-5"}]}},"type":"n8n-nodes-base.scheduleTrigger","typeVersion":1.2,"position":[-660,-220],"id":"707abb84-7ca9-499a-bcf6-b9624880d425","name":"Schedule Trigger"},{"parameters":{"operation":"getAll","calendar":{"__rl":true,"value":"family04342260373651376960@group.calendar.google.com","mode":"list","cachedResultName":"Família"},"returnAll":true,"timeMin":"={{ $now.minus({ hours: 1 }) }}","timeMax":"={{ $now.plus({ hours: 24 }) }}","options":{}},"type":"n8n-nodes-base.googleCalendar","typeVersion":1.3,"position":[-420,-220],"id":"2a08406a-0a08-4179-91fe-fbe22b6bc25b","name":"Google Calendar","credentials":{"googleCalendarOAuth2Api":{"id":"y5jaRwDrRim31Hix","name":"rolimvictorhugo@gmail.com"}}},{"parameters":{"jsCode":"const messages = [];\n\nfor (const item of items) {\n    try {\n        if (!item.json.start || !item.json.start.dateTime) continue;\n\n        // Pegando os dados do evento\n        let eventSummary = item.json.summary || \"Evento\";\n        let eventStart = new Date(item.json.start.dateTime);\n        let eventTime = eventStart.toLocaleTimeString(\"pt-BR\", { hour: \"2-digit\", minute: \"2-digit\" });\n        let eventDate = eventStart.toLocaleDateString(\"pt-BR\");\n\n        // Expressão regular para extrair nome e telefone do summary\n        const regex = /(.*?)\\s*-\\s*(.*?)\\s*-\\s*(\\d+)/;\n        const match = eventSummary.match(regex);\n\n        let cliente = \"Usuário\";\n        let telefone = \"Número de telefone\";\n\n        if (match) {\n            eventSummary = match[1].trim(); // Nome do evento\n            cliente = match[2].trim(); // Nome do cliente\n            telefone = match[3].trim(); // Telefone\n        }\n\n        // Calculando tempo restante para o evento\n        const now = new Date();\n        const diffMs = eventStart - now;\n        const diffHours = Math.floor(diffMs / (1000 * 60 * 60));\n\n        messages.push({\n            json: {\n                mensagem: `🔔 *Lembrete de Evento!*\\n\\n📌 *${eventSummary} - ${cliente}*\\n🕰️ *Horário:* ${eventTime}\\n📅 *Data:* ${eventDate}\\n🧑‍💼 *Cliente:* ${cliente}\\n📞 *Contato:* ${telefone}\\n\\n⏳ *O evento acontece daqui a ${diffHours} hora(s)!*`\n            },\n        });\n    } catch (error) {\n        console.error(\"❌ Erro ao processar evento:\", error);\n    }\n}\n\n// Garante que retorna algo, mesmo se não houver eventos\nreturn messages.length > 0 ? messages : [{ json: { skip: true } }];\n"},"type":"n8n-nodes-base.code","typeVersion":2,"position":[-200,-220],"id":"e67a737a-b67c-4c2f-bed7-e5b24706812f","name":"Code"},{"parameters":{"conditions":{"boolean":[{"value1":"={{$json.skip}}","value2":true}]}},"type":"n8n-nodes-base.if","typeVersion":1,"position":[60,-220],"id":"7309cb70-5862-454c-8eea-5365b38e1a23","name":"If"},{"parameters":{"method":"POST","url":"https://evolutionapi.automatech.tech/message/sendText/victor","sendHeaders":true,"headerParameters":{"parameters":[{"name":"apikey","value":"0F3F4D76C290-4A8A-981C-17936C9CBD76"}]},"sendBody":true,"bodyParameters":{"parameters":[{"name":"number","value":"=555198416987-1553871639@g.us"},{"name":"text","value":"=🌞 Bom dia, Família! 🎉 Aqui estão todos os compromissos do dia:\n\n{{ $json.mensagem }}"}]},"options":{"allowUnauthorizedCerts":true,"redirect":{"redirect":{}}}},"id":"bcd607f1-c7b6-4c5d-95b1-3be430433fe2","name":"HTTP Request2","type":"n8n-nodes-base.httpRequest","typeVersion":4.2,"position":[880,-140]},{"parameters":{"fieldsToAggregate":{"fieldToAggregate":[{"fieldToAggregate":"mensagem"}]},"options":{}},"type":"n8n-nodes-base.aggregate","typeVersion":1,"position":[340,-140],"id":"282431e3-1c5b-4b4c-87ca-364f8387de98","name":"Aggregate"},{"parameters":{"jsCode":"// Supondo que data seja a saída do nó Aggregate\nconst mensagens = $input.item.json.mensagem; // Acesse o array\nconst mensagemFinal = mensagens.join('\\n'); // Concatena as mensagens em uma String única\n\nreturn [{\n  json: {\n    mensagem: mensagemFinal // Retorne a mensagem formatada\n  }\n}];"},"type":"n8n-nodes-base.code","typeVersion":2,"position":[580,-140],"id":"cf3fa8aa-e413-40f7-9790-67ce427b08c0","name":"Code1"}],"connections":{"Schedule Trigger":{"main":[[{"node":"Google Calendar","type":"main","index":0}]]},"Google Calendar":{"main":[[{"node":"Code","type":"main","index":0}]]},"Code":{"main":[[{"node":"If","type":"main","index":0}]]},"If":{"main":[[],[{"node":"Aggregate","type":"main","index":0}]]},"Aggregate":{"main":[[{"node":"Code1","type":"main","index":0}]]},"Code1":{"main":[[{"node":"HTTP Request2","type":"main","index":0}]]}},"settings":{"executionOrder":"v1"},"staticData":{"node:Schedule Trigger":{"recurrenceRules":[]}},"meta":{"templateCredsSetupCompleted":true},"pinData":{},"versionId":"9f0733cd-c047-45d2-aab4-749db9045e21","triggerCount":1,"tags":[{"createdAt":"2025-04-18T04:29:01.436Z","updatedAt":"2025-04-18T04:29:01.436Z","id":"O8dsWJpFE2QmJmpS","name":"EM PRODUÇÂO"}]}

