{"createdAt":"2025-04-20T05:10:03.919Z","updatedAt":"2025-04-26T23:59:25.082Z","id":"PFOjiq0T8iQCqSds","name":"pagamento pix kiwify","active":false,"isArchived":false,"nodes":[{"parameters":{"resource":"messages-api","instanceName":"whatsapp","remoteJid":"={{ $json.Telefone }}","messageText":"=🔴 Informativo:\n\nOla,{{ $json.Nome }} , Acabamos de Ver que voce gerou um Pix na Kiwify do produto: *{{ $json.Produto }}*.\n\nSegue a Baixo suas informações\nWhatsapp: *wa.me/{{ $json.Telefone }}*\n\nE-mail: *{{ $json['E-mail'] }}*\n\n🟢 Mensagem Automática Enviada 🟢\n\nCOPIE ESSE CODIGO E PAGUE NO APP DO SEU BANCO⬇️","options_message":{"delay":2500,"linkPreview":false}},"type":"n8n-nodes-evolution-api.evolutionApi","typeVersion":1,"position":[880,460],"id":"0c47a368-fded-4d0f-9aa2-c88f2608666f","name":"Evolution API8","credentials":{"evolutionApi":{"id":"Jsa3dJJatpZBbdg9","name":"Victor"}}},{"parameters":{"content":"","height":380,"width":1320,"color":3},"type":"n8n-nodes-base.stickyNote","typeVersion":1,"position":[0,340],"id":"312b3e5a-9d5b-43d9-a2dc-76e3dd611062","name":"Sticky Note1"},{"parameters":{"content":"","height":320,"width":760,"color":3},"type":"n8n-nodes-base.stickyNote","position":[0,0],"typeVersion":1,"id":"580d7237-ab14-45fe-89d2-f98ece71eeee","name":"Sticky Note47"},{"parameters":{"content":"![N8N Labz](https://i.postimg.cc/9MT8MG79/Automa-o-com-IA-Georgivan-Costa.png)","height":317,"width":536,"color":3},"id":"7577ff33-4935-4f31-9308-8a428585932e","name":"Sticky Note54","type":"n8n-nodes-base.stickyNote","position":[780,0],"typeVersion":1},{"parameters":{"content":"# Informações","height":80,"width":343},"id":"5403a2b3-26c9-417c-ada8-6886e5af43cb","name":"Sticky Note12","type":"n8n-nodes-base.stickyNote","typeVersion":1,"position":[40,20]},{"parameters":{"content":"## N8N Versão 1.71.1\n## Evolution API 2.2.0","height":100,"width":283,"color":7},"id":"fe3b8089-4952-479f-9fd2-3d1638ee4a56","name":"Sticky Note14","type":"n8n-nodes-base.stickyNote","typeVersion":1,"position":[460,20]},{"parameters":{"content":"## [COMPRE A AUTOMAÇÃO COMPLETA AQUI](https://pay.kiwify.com.br/aureDZv)","height":80,"width":383,"color":5},"id":"c0741e3b-0fc6-4ab1-b316-1007e9fc1930","name":"Sticky Note15","type":"n8n-nodes-base.stickyNote","typeVersion":1,"position":[40,120]},{"parameters":{"content":"## [Acesse o canal no Youtube](https://www.youtube.com/@GeorgivanCosta)","height":80,"width":283,"color":7},"id":"5b1f5d6c-bbf6-40c8-8c86-d1ca8f3badb8","name":"Sticky Note16","type":"n8n-nodes-base.stickyNote","typeVersion":1,"position":[440,180]},{"parameters":{"content":"## [Grupo de Networking](https://chat.whatsapp.com/K4FsJRlYrZw0Djgu6yDlCY)","height":80,"width":283,"color":4},"id":"cc9f359a-1cfc-43e0-8629-e463eb2017fe","name":"Sticky Note","type":"n8n-nodes-base.stickyNote","typeVersion":1,"position":[40,220]},{"parameters":{"jsCode":"// Obtenha os valores dos campos\nconst productBasePrice = $json.body.Commissions.product_base_price;\nconst purchaseDate = $json.body.created_at; // Atualizado para o campo correto\n\n// Função para formatar o preço\nfunction formatPrice(price) {\n    if (!isNaN(price)) {\n        return `R$ ${parseFloat(price).toFixed(2).replace('.', ',')}`;\n    } else {\n        throw new Error(\"O valor fornecido não é um número válido.\");\n    }\n}\n\n// Função para formatar a data\nfunction formatDate(dateString) {\n    // Verifica se a data está no formato ISO ou no formato 'YYYY-MM-DD HH:MM'\n    const date = dateString.includes('T') ? new Date(dateString) : new Date(dateString.replace(' ', 'T'));\n\n    if (isNaN(date.getTime())) {\n        throw new Error(\"A data fornecida não é válida.\");\n    }\n    return date.toLocaleDateString('pt-BR'); // Formato: DD/MM/YYYY\n}\n\ntry {\n    const formattedPrice = formatPrice(productBasePrice);\n    const formattedDate = formatDate(purchaseDate);\n\n    // Retorna todos os dados originais junto com os campos formatados\n    return {\n        ...$json.body,\n        formattedPrice,\n        formattedDate\n    };\n} catch (error) {\n    throw new Error(error.message);\n}\n"},"type":"n8n-nodes-base.code","typeVersion":2,"position":[240,460],"id":"a61d1e11-c311-49f7-92d0-43dbcbfe26df","name":"Formata data e Preço"},{"parameters":{"operation":"append","documentId":{"__rl":true,"REDACTED_KEY": "[REDACTED]","mode":"list","cachedResultName":"Planilha Familia","cachedResultUrl":"https://docs.google.com/spreadsheets/d/1Emag5dB7UNI4PuyYcYInxCBJxs5aEegeBAKWK7HJVhg/edit?usp=drivesdk"},"sheetName":{"__rl":true,"value":"gid=0","mode":"list","cachedResultName":"Página1","cachedResultUrl":"https://docs.google.com/spreadsheets/d/1Emag5dB7UNI4PuyYcYInxCBJxs5aEegeBAKWK7HJVhg/edit#gid=0"},"columns":{"mappingMode":"defineBelow","value":{},"matchingColumns":[],"schema":[],"attemptToConvertTypes":false,"convertFieldsToString":false},"options":{}},"type":"n8n-nodes-base.googleSheets","typeVersion":4.5,"position":[460,460],"id":"1f1af78e-dff5-434c-89ae-7cc23a2a8f99","name":"Salva Dados na Planilha","credentials":{"googleSheetsOAuth2Api":{"id":"sFtSa2h1fvmHuTqX","name":"rolimvictorhugo@gmail.com"}}},{"parameters":{"amount":2},"type":"n8n-nodes-base.wait","typeVersion":1.1,"position":[680,460],"id":"0ec1e18b-1af2-4fc5-ace9-0c43ac3ebe2e","name":"Espera 2 segundos","webhookId":"278d15d1-df66-46eb-bdf8-a65c19a60ea4"},{"parameters":{"httpMethod":"POST","path":"e4a674a9-8644-4516-b5e3-0e3c250e425a","options":{}},"type":"n8n-nodes-base.webhook","typeVersion":2,"position":[20,460],"id":"2e68879a-8fb3-4f2f-9a7e-da13baa92fa4","name":"Webhook PIX kiwify","webhookId":"e4a674a9-8644-4516-b5e3-0e3c250e425a"},{"parameters":{"resource":"messages-api","instanceName":"whatsapp","remoteJid":"={{ $('Formata data e Preço').item.json.Customer.mobile }}","messageText":"={{ $('Formata data e Preço').item.json.pix_code }}","options_message":{"delay":2500,"linkPreview":false}},"type":"n8n-nodes-evolution-api.evolutionApi","typeVersion":1,"position":[1080,460],"id":"bcbf82c1-1d07-438a-b7c1-03ab5ac2e40a","name":"Evolution API"}],"connections":{"Formata data e Preço":{"main":[[{"node":"Salva Dados na Planilha","type":"main","index":0}]]},"Salva Dados na Planilha":{"main":[[{"node":"Espera 2 segundos","type":"main","index":0}]]},"Espera 2 segundos":{"main":[[{"node":"Evolution API8","type":"main","index":0}]]},"Webhook PIX kiwify":{"main":[[{"node":"Formata data e Preço","type":"main","index":0}]]},"Evolution API8":{"main":[[{"node":"Evolution API","type":"main","index":0}]]}},"settings":{"executionOrder":"v1"},"staticData":null,"meta":null,"pinData":{"Webhook PIX kiwify":[{"json":{"headers":{"host": "[REDACTED]","user-agent":"axios/0.23.0","content-length":"2822","accept":"application/json, text/plain, */*","content-type":"application/json","traceparent":"00-a4fa199009cd3bc0b4a846cddc58b430-b49bcb5ebdfaee25-01","x-forwarded-for":"34.95.238.190","x-forwarded-host":"n8n.chatclin.com.br","x-forwarded-port":"443","x-forwarded-proto":"https","x-forwarded-server":"6db378caf585","x-real-ip":"34.95.238.190","accept-encoding":"gzip"},"params":{},"query":{"REDACTED_KEY": "[REDACTED]"},"body":{"order_id":"0807d8a6-734b-4a6a-9259-ccaa7e94a99c","order_ref":"PvJOfmq","order_status":"waiting_payment","product_type":"membership","payment_method":"pix","store_id":"FfhEfV8Ksq9BeNG","payment_merchant_id":75203840,"installments":null,"card_type":"","card_last4digits":"","card_rejection_reason":null,"boleto_URL":null,"boleto_barcode":null,"boleto_expiry_date":null,"pix_code":"00020101021226840014br.gov.bcb.pix2562pix-h.stone.com.br/pix/v2/ee77b9e9-67fb-4b62-829b-b6537068aa7b5204000053039865406970.005802BR5924Pagar.me Pagamentos S.A.6014RIO DE JANEIRO622905253b6997c1ef2f4b2597b6e11de6304ED77","pix_expiration":"18/03/2025 00:59","sale_type":"producer","created_at":"2025-03-14 00:59","updated_at":"2025-03-14 00:59","approved_date":null,"refunded_at":null,"webhook_event_type":"pix_created","Product":{"product_id":"8b5d6256-f6dc-4bb6-9f53-5c867b0f0f80","product_name":"Example product"},"Customer":{"full_name":"John Doe","first_name":"John","email":"johndoe@example.com","mobile":"+34819421434","CPF":"37824559895","ip":"195.112.139.203","instagram":"@kiwify","street":"Rua 1001","number":"315","complement":"SL 05","neighborhood":"Centro","city":"Balneário Camboriú","state":"SC","zipcode":"88330-756"},"Commissions":{"charge_amount":9611,"product_base_price":9611,"product_base_price_currency":"BRL","kiwify_fee":1057,"kiwify_fee_currency":"BRL","settlement_amount":9611,"settlement_amount_currency":"BRL","sale_tax_rate":0,"sale_tax_amount":0,"commissioned_stores":[{"id":"b2f237eb-e7d1-45a0-9c8a-2eb649c8e90d","type":"producer","custom_name":"Example store","email":"example@store.domain","value":"8554"},{"id":"83e8a36c-0df9-4b2b-9dfa-13f21531c1c9","type":"coproducer","custom_name":"Example coproducer","email":"example@coproducer.domain","value":"8554"},{"id":"6756fad7-a5fb-4bc3-b7a4-d3fea0e665fb","type":"affiliate","affiliate_id":"rTDgSIx","custom_name":"Example affiliate","email":"example@affiliate.domain","value":"8554"}],"currency":"BRL","my_commission":8554,"funds_status":null,"estimated_deposit_date":null,"deposit_date":null},"TrackingParameters":{"src":null,"sck":null,"utm_source":null,"utm_medium":null,"utm_campaign":null,"utm_content":null,"utm_term":null},"Subscription":{"id":"175c3cd0-f713-40b7-87fd-f54839465be3","start_date":"2025-03-11T00:59:51.691Z","next_payment":"2025-03-18T00:59:51.691Z","status":"active","plan":{"id":"0bc3c3ec-8864-4b26-96be-b081488f5edd","name":"Example plan","frequency":"weekly","qty_charges":0},"charges":{"completed":[{"order_id":"0807d8a6-734b-4a6a-9259-ccaa7e94a99c","amount":8554,"status":"paid","installments":1,"card_type":"mastercard","card_last_digits":"7273","card_first_digits":"497001","created_at":"2025-03-11T00:59:51.691Z"}],"future":[{"charge_date":"2025-03-18T00:59:51.691Z"}]}},"subscription_id":"175c3cd0-f713-40b7-87fd-f54839465be3"},"webhookUrl":"https://webhook.chatclin.com.br/webhook-test/e4a674a9-8644-4516-b5e3-0e3c250e425a","executionMode":"test"}}]},"versionId":"ab423dbf-001a-4ac3-9243-85ae26b55c1f","triggerCount":0,"tags":[]}

