{"createdAt":"2025-02-15T00:20:02.546Z","updatedAt":"2025-07-18T03:05:57.333Z","id":"3hnlyEb9rGumu41g","name":"My workflow 3","active":false,"isArchived":true,"nodes":[{"parameters":{"options":{}},"type":"@n8n/n8n-nodes-langchain.chatTrigger","typeVersion":1.1,"position":[-340,460],"id":"4d1fb3be-db0c-4fcf-b35d-ceb0c77d85f9","name":"When chat message received","webhookId":"075b8193-58eb-43e6-806c-9d381cf6db8c"},{"parameters":{},"type":"@n8n/n8n-nodes-langchain.toolCalculator","typeVersion":1,"position":[-20,700],"id":"0f0c9b52-acc7-4cbf-82b0-27623c2eeb2b","name":"Calculator"},{"parameters":{"options":{"systemMessage":"=Horário atual: {{ $now }}\n\n### IDENTIDADE\n\nVc é um agente que auxilia o usuario a decidir o que quer fazer.\n\n### OBJETIVO\n\nDirecionar o usuario para o agente correto conforme a informação do usuario.\n\n### REGRAS\n\n1. Seja direto nas respostas. Não ultrapasse 500 caracteres.\n2. Para quebrar linhas, utilize '\\n\\n'.\n3. Sempre faça uma pergunta de cada vez.\n4. Sempre que o usuario quizer comprar Camisetas chame a tool 'camisetas'.\n\n### FERRAMENTAS DISPONÍVEIS\n\n1. camisetas:\n\nUse esta ferramenta para:\n\n- Auxiliar o usuario na venda de Camisetas.\n- Quebrar objeções.\n"}},"type":"@n8n/n8n-nodes-langchain.agent","typeVersion":1.7,"position":[-120,460],"id":"bcf41463-f05b-4fff-8fa5-7886b5bdfe56","name":"AI SDR"},{"parameters":{"sessionIdType":"customKey","sessionKey":"123","contextWindowLength":30},"type":"@n8n/n8n-nodes-langchain.memoryBufferWindow","typeVersion":1.3,"position":[-180,720],"id":"c4fa4f68-ca87-4e3a-b878-6ba162e00a2f","name":"Window Buffer Memory"},{"parameters":{"path":"agente-vendas","responseMode":"lastNode","options":{}},"type":"n8n-nodes-base.webhook","typeVersion":2,"position":[420,440],"id":"c5bc1aab-8efb-4c7b-b2fb-5418532aa9a2","name":"Webhook2","webhookId":"c5501a86-684a-445f-9895-18f8edd6629a"},{"parameters":{"promptType":"define","text":"={{ $json.body.Duvida }}","options":{"systemMessage":"Você é um agente especializado em venda de camisetas .\nvc possui um vasto estoque de diversas camisetas com diversas estampas ."}},"type":"@n8n/n8n-nodes-langchain.agent","typeVersion":1.7,"position":[660,440],"id":"3e6ef6c5-aba8-4fd3-9186-c6e0c159d3b9","name":"AI Agent1"},{"parameters":{"assignments":{"assignments":[{"id":"e1512b2b-cb58-4f2a-bd93-b050e8164639","name":"Response","value":"={{ $json.output }}","type":"string"}]},"options":{}},"type":"n8n-nodes-base.set","typeVersion":3.4,"position":[1040,440],"id":"e80fb8ca-1ec0-4076-85f6-9620e8d8ae5b","name":"Edit Fields1"},{"parameters":{"sessionIdType":"customKey","sessionKey":"123","contextWindowLength":30},"type":"@n8n/n8n-nodes-langchain.memoryBufferWindow","typeVersion":1.3,"position":[720,660],"id":"a43c5477-0ec1-4629-a8db-6d456eeabc7f","name":"Window Buffer Memory1"},{"parameters":{"content":"## AGENTE PRINCIPAL","height":640,"width":720,"color":5},"type":"n8n-nodes-base.stickyNote","position":[-420,360],"typeVersion":1,"id":"69efbbdd-9368-41ff-924e-e9aeaae29028","name":"Sticky Note"},{"parameters":{"content":"## AGENTE VENDAS","height":640,"width":920,"color":2},"type":"n8n-nodes-base.stickyNote","position":[380,340],"typeVersion":1,"id":"437bc9a6-cdc4-48e4-9c5b-534791adc061","name":"Sticky Note1"},{"parameters":{"content":"# MULTI AGENTES (SDR + PESQUISADOR)\n\n## Link do vídeo: https://youtu.be/ZmI5Prq0DXQ\n## Instagram: https://www.instagram.com/oandersonadelino/\n\n### by Anderson Adelino","height":260,"width":840,"color":7},"type":"n8n-nodes-base.stickyNote","position":[0,0],"typeVersion":1,"id":"832a7664-9e90-4bae-8560-dff62f292f73","name":"Sticky Note3"},{"parameters":{"options":{}},"type":"@n8n/n8n-nodes-langchain.lmChatGroq","typeVersion":1,"position":[-320,720],"id":"02a561b6-42c7-49b6-b43b-23db1a1a74b9","name":"Groq Chat Model","credentials":{"groqApi":{"id":"KXjg29ccvtGZYRMX","name":"Groq account"}}},{"parameters":{"options":{}},"type":"@n8n/n8n-nodes-langchain.lmChatGroq","typeVersion":1,"position":[560,660],"id":"4412a25c-e227-4c81-93fa-64d7797edc6d","name":"Groq Chat Model1","credentials":{"groqApi":{"id":"KXjg29ccvtGZYRMX","name":"Groq account"}}},{"parameters":{"toolDescription":"Chame esta tool quando for realizar a venda de Camisetas.","url":"https://n8n.automatech.tech/webhook/agente-vendas","sendBody":true,"parametersBody":{"values":[{"name":"=SessionId","valueProvider":"fieldValue","value":"={{ $json.sessionId }}"},{"name":"chatInput","valueProvider":"fieldValue","value":"={{ $json.chatInput }}"}]}},"type":"@n8n/n8n-nodes-langchain.toolHttpRequest","typeVersion":1.1,"position":[120,700],"id":"b0203d5f-3cda-4547-a22f-9a318e69d464","name":"camisetas"}],"connections":{"When chat message received":{"main":[[{"node":"AI SDR","type":"main","index":0}]]},"Calculator":{"ai_tool":[[{"node":"AI SDR","type":"ai_tool","index":0}]]},"Window Buffer Memory":{"ai_memory":[[{"node":"AI SDR","type":"ai_memory","index":0}]]},"Webhook2":{"main":[[{"node":"AI Agent1","type":"main","index":0}]]},"AI Agent1":{"main":[[{"node":"Edit Fields1","type":"main","index":0}]]},"Window Buffer Memory1":{"ai_memory":[[{"node":"AI Agent1","type":"ai_memory","index":0}]]},"Groq Chat Model":{"ai_languageModel":[[{"node":"AI SDR","type":"ai_languageModel","index":0}]]},"Groq Chat Model1":{"ai_languageModel":[[{"node":"AI Agent1","type":"ai_languageModel","index":0}]]},"camisetas":{"ai_tool":[[{"node":"AI SDR","type":"ai_tool","index":0}]]}},"settings":{"executionOrder":"v1"},"staticData":null,"meta":{"templateCredsSetupCompleted":true},"pinData":{},"versionId":"7658de0d-417e-473e-90ba-81854f678f05","triggerCount":2,"tags":[]}

