{"createdAt":"2025-05-03T05:07:15.398Z","updatedAt":"2025-06-03T17:05:05.664Z","id":"rHbYUVVRtRxQbEuP","name":"NOTIFICAÇÂO FLORICULTURA SÂO JOSÈ","active":false,"isArchived":false,"nodes":[{"parameters":{"resource":"messages-api","instanceName":"GLPI","remoteJid":"5551998416987","messageText":"=🎉 Pagamento Confirmado!\n\nO cliente {{ $('Code').item.json[\"Nome \"] }} realizou o pagamento com sucesso para o produto {{ $('Code').item.json.Produto }} às {{ $('Date & Time').item.json.formattedDate }}.\n\n🌸 Novo Pedido Agendado!\n\n🧍 Cliente: {{ $('Code').item.json[\"Nome \"] }}\n📦 Produto: {{ $('Code').item.json.Produto }}\n📅 Data da Retirada: {{ $('Code').item.json[\"Data da Retirada\"] }}\n⏰ Horário da Retirada: {{ $('Code').item.json[\"Horario da Retirada \"] }}\n📞 Telefone: {{ $('Code1').item.json.Telefone }}\n📦 Quantidade Vendida: {{ $('Code2').item.json.QuantidadeVendida }}\n\n💐 Prepare o pedido com muito carinho e atenção, para garantir a melhor experiência ao cliente!","options_message":{}},"type":"n8n-nodes-evolution-api.evolutionApi","typeVersion":1,"position":[600,-760],"id":"ccba7b6b-ee17-41ff-be9b-111496188554","name":"Evolution API","credentials":{"evolutionApi":{"id":"08ttur0tAMHqYQhL","name":"GLPI"}}},{"parameters":{"conditions":{"options":{"caseSensitive":true,"leftValue":"","typeValidation":"strict","version":2},"conditions":[{"id":"7dde58d4-709b-43b0-b2dd-9dbd5dcb7a1e","leftValue":"={{ $json.status }}","rightValue":"=succeeded","operator":{"type":"string","operation":"contains"}}],"combinator":"or"},"options":{}},"type":"n8n-nodes-base.if","typeVersion":2.2,"position":[-420,-740],"id":"9a3351bb-e7d6-4d53-a773-eab035865225","name":"If"},{"parameters":{"operation":"formatDate","date":"={{ $now }}","format":"custom","customFormat":"=dd/MM/yyyy HH:mm","options":{}},"type":"n8n-nodes-base.dateTime","typeVersion":2,"position":[-1200,-740],"id":"b12bb1d0-4cb4-4d72-8d51-8198f8a2c303","name":"Date & Time"},{"parameters":{"jsCode":"// Ordena os itens pelo número da linha, se existir\nitems.sort((a, b) => (a.json.row_number || 0) - (b.json.row_number || 0));\n\n// Retorna o último item (maior row_number)\nreturn [items[items.length - 1]];\n"},"type":"n8n-nodes-base.code","typeVersion":2,"position":[-820,-740],"id":"1a519a5d-5ccf-43cc-abcd-2d43327d4493","name":"Code"},{"parameters":{"operation":"appendOrUpdate","documentId":{"__rl":true,"value":"19_iDJIRNjqtTWtaiiEIQRkX9JMA1CSChkP-A9zzOHws","mode":"list","cachedResultName":"Estoque_Floricultura","cachedResultUrl":"https://docs.google.com/spreadsheets/d/19_iDJIRNjqtTWtaiiEIQRkX9JMA1CSChkP-A9zzOHws/edit?usp=drivesdk"},"sheetName":{"__rl":true,"value":"gid=0","mode":"list","cachedResultName":"Página1","cachedResultUrl":"https://docs.google.com/spreadsheets/d/19_iDJIRNjqtTWtaiiEIQRkX9JMA1CSChkP-A9zzOHws/edit#gid=0"},"columns":{"mappingMode":"defineBelow","value":{"ID":"={{ $json.row_number }}","Quantidade":"={{ $json.Quantidade }}","Última Atualização":"={{ $('Date & Time').item.json.formattedDate }}"},"matchingColumns":["ID"],"schema":[{"id":"ID","displayName":"ID","required":false,"defaultMatch":false,"display":true,"type":"string","canBeUsedToMatch":true,"removed":false},{"id":"Produto","displayName":"Produto","required":false,"defaultMatch":false,"display":true,"type":"string","canBeUsedToMatch":true,"removed":true},{"id":"Quantidade","displayName":"Quantidade","required":false,"defaultMatch":false,"display":true,"type":"string","canBeUsedToMatch":true},{"id":"Preço Unitário","displayName":"Preço Unitário","required":false,"defaultMatch":false,"display":true,"type":"string","canBeUsedToMatch":true,"removed":true},{"id":"Data de Entrada","displayName":"Data de Entrada","required":false,"defaultMatch":false,"display":true,"type":"string","canBeUsedToMatch":true,"removed":true},{"id":"Última Atualização","displayName":"Última Atualização","required":false,"defaultMatch":false,"display":true,"type":"string","canBeUsedToMatch":true,"removed":false}],"attemptToConvertTypes":false,"convertFieldsToString":false},"options":{}},"type":"n8n-nodes-base.googleSheets","typeVersion":4.5,"position":[380,-760],"id":"8a511598-f1d4-4821-838f-92613e23ddbe","name":"Google Sheets","credentials":{"googleSheetsOAuth2Api":{"id":"sFtSa2h1fvmHuTqX","name":"rolimvictorhugo@gmail.com"}}},{"parameters":{"documentId":{"__rl":true,"value":"19_iDJIRNjqtTWtaiiEIQRkX9JMA1CSChkP-A9zzOHws","mode":"list","cachedResultName":"Estoque_Floricultura","cachedResultUrl":"https://docs.google.com/spreadsheets/d/19_iDJIRNjqtTWtaiiEIQRkX9JMA1CSChkP-A9zzOHws/edit?usp=drivesdk"},"sheetName":{"__rl":true,"value":"gid=0","mode":"list","cachedResultName":"Página1","cachedResultUrl":"https://docs.google.com/spreadsheets/d/19_iDJIRNjqtTWtaiiEIQRkX9JMA1CSChkP-A9zzOHws/edit#gid=0"},"filtersUI":{"values":[{"lookupColumn":"Produto","lookupValue":"={{ $json.Produto }}"}]},"options":{}},"type":"n8n-nodes-base.googleSheets","typeVersion":4.5,"position":[-160,-760],"id":"ca29a1d9-19af-488b-93d7-ce0a115fdf1f","name":"Google Sheets1","credentials":{"googleSheetsOAuth2Api":{"id":"sFtSa2h1fvmHuTqX","name":"rolimvictorhugo@gmail.com"}}},{"parameters":{"jsCode":"// Objeto de entrada\nconst item = $input.item.json;\n\n// Garantir que os campos numéricos sejam tratados corretamente\nconst precoPago = parseFloat(item[\"Preço\"]);\nconst precoUnitario = parseFloat(item[\"Preço Unitário\"]);\nconst quantidadeEstoque = parseInt(item[\"Quantidade\"]);\n\n// Calcular quantidade vendida\nconst quantidadeVendida = precoPago / precoUnitario;\n\n// Atualizar quantidade restante no estoque\nconst novaQuantidade = quantidadeEstoque - quantidadeVendida;\n\n// Retornar dados atualizados\nreturn {\n  json: {\n    row_number: item[\"row_number\"],\n    Produto: item[\"Produto\"],\n    Quantidade: novaQuantidade,\n    \"Preço Unitário\": item[\"Preço Unitário\"],\n    \"Data de Entrada\": item[\"Data de Entrada\"],\n    \"Última Atualização\": new Date().toISOString(),\n    QuantidadeVendida: quantidadeVendida\n  }\n};\n"},"type":"n8n-nodes-base.code","typeVersion":2,"position":[220,-760],"id":"a16d6e9b-526b-45a6-9a0b-17c4312d814d","name":"Code2","executeOnce":false},{"parameters":{"assignments":{"assignments":[{"id":"6a8a3cb3-88b5-4a42-9cc4-c4655f3056ba","name":"Preço","value":"={{ $('Code').item.json[\"Preço\"] }}","type":"string"}]},"includeOtherFields":true,"options":{}},"type":"n8n-nodes-base.set","typeVersion":3.4,"position":[40,-760],"id":"d908d5f9-9a92-4030-a540-73157975457a","name":"Edit Fields1"},{"parameters":{"documentId":{"__rl":true,"value":"1TROXFCxgg5ehtDnryeaE2_nRv7OfUz172UN2gAImk_w","mode":"list","cachedResultName":"Clientes_Retirada","cachedResultUrl":"https://docs.google.com/spreadsheets/d/1TROXFCxgg5ehtDnryeaE2_nRv7OfUz172UN2gAImk_w/edit?usp=drivesdk"},"sheetName":{"__rl":true,"value":"gid=0","mode":"list","cachedResultName":"Página1","cachedResultUrl":"https://docs.google.com/spreadsheets/d/1TROXFCxgg5ehtDnryeaE2_nRv7OfUz172UN2gAImk_w/edit#gid=0"},"options":{}},"type":"n8n-nodes-base.googleSheets","typeVersion":4.5,"position":[-1020,-740],"id":"a4e88aee-8b0a-48a1-ae05-ab2a6ecd5433","name":"Google Sheets2","credentials":{"googleSheetsOAuth2Api":{"id":"sFtSa2h1fvmHuTqX","name":"rolimvictorhugo@gmail.com"}}},{"parameters":{"jsCode":"return items.map(item => {\n  let telefone = item.json.Telefone;\n\n  if (telefone && typeof telefone === 'string') {\n    // Remove @ em diante\n    telefone = telefone.split('@')[0];\n    // Remove o prefixo 55 se estiver no início\n    if (telefone.startsWith('55')) {\n      telefone = telefone.slice(2);\n    }\n    item.json.Telefone = telefone;\n  }\n\n  return item;\n});\n"},"type":"n8n-nodes-base.code","typeVersion":2,"position":[-620,-740],"id":"b42d2a4c-a88e-4000-8560-4bb9572a8b03","name":"Code1"},{"parameters":{"pollTimes":{"item":[{"mode":"custom","cronExpression":"=0-59/2 * * * *\n\n"}]},"documentId":{"__rl":true,"value":"1TROXFCxgg5ehtDnryeaE2_nRv7OfUz172UN2gAImk_w","mode":"list","cachedResultName":"Clientes_Retirada","cachedResultUrl":"https://docs.google.com/spreadsheets/d/1TROXFCxgg5ehtDnryeaE2_nRv7OfUz172UN2gAImk_w/edit?usp=drivesdk"},"sheetName":{"__rl":true,"value":"gid=0","mode":"list","cachedResultName":"Página1","cachedResultUrl":"https://docs.google.com/spreadsheets/d/1TROXFCxgg5ehtDnryeaE2_nRv7OfUz172UN2gAImk_w/edit#gid=0"},"event":"rowAdded","options":{}},"type":"n8n-nodes-base.googleSheetsTrigger","typeVersion":1,"position":[-1420,-740],"id":"f25a2e22-a31e-412b-984b-a6bb8b84a06b","name":"Google Sheets Trigger","credentials":{"googleSheetsTriggerOAuth2Api":{"id":"hlmiiDdOQRCWwB8V","name":"Google Sheets Trigger account"}}},{"parameters":{"resource":"messages-api","instanceName":"GLPI","remoteJid":"=55{{ $('Code4').item.json.Telefone }}","messageText":"=🌸 Olá {{ $('Google Sheets').item.json[\"Nome \"] }}, tudo bem?\n\nRecebemos com sucesso seu pagamento via PIX referente a **{{ $('Code2').item.json.QuantidadeVendida }} unidade(s) de “{{ $('Google Sheets').item.json.Produto }}”**!  \n\n**Seu pedido está confirmado para retirada em:**  \n🗓️ Data: {{ $('Code3').item.json[\"Data da Retirada\"] }}  \n⏰ Horário: {{ $('Code3').item.json[\"Horario da Retirada \"] }}  \n\nEm caso de dúvidas ou alterações, entraremos em contato pelo telefone **{{ $('Code4').item.json.Telefone }}**.  \n\nMuito obrigada pela preferência! Estamos preparando seu pedido com todo carinho 💐  \n","options_message":{}},"type":"n8n-nodes-evolution-api.evolutionApi","typeVersion":1,"position":[860,-760],"id":"b780ba63-7d1f-4595-ab83-a51e73a84ca7","name":"Evolution API2","credentials":{"evolutionApi":{"id":"08ttur0tAMHqYQhL","name":"GLPI"}}}],"connections":{"If":{"main":[[{"node":"Google Sheets1","type":"main","index":0}],[]]},"Date & Time":{"main":[[{"node":"Google Sheets2","type":"main","index":0}]]},"Code":{"main":[[{"node":"Code1","type":"main","index":0}]]},"Evolution API":{"main":[[{"node":"Evolution API2","type":"main","index":0}]]},"Google Sheets1":{"main":[[{"node":"Edit Fields1","type":"main","index":0}]]},"Code2":{"main":[[{"node":"Google Sheets","type":"main","index":0}]]},"Edit Fields1":{"main":[[{"node":"Code2","type":"main","index":0}]]},"Google Sheets":{"main":[[{"node":"Evolution API","type":"main","index":0}]]},"Google Sheets2":{"main":[[{"node":"Code","type":"main","index":0}]]},"Code1":{"main":[[{"node":"If","type":"main","index":0}]]},"Google Sheets Trigger":{"main":[[{"node":"Date & Time","type":"main","index":0}]]}},"settings":{"executionOrder":"v1"},"staticData":{"node:Google Sheets Trigger":{"documentId":"1TROXFCxgg5ehtDnryeaE2_nRv7OfUz172UN2gAImk_w","sheetId":0,"lastIndexChecked":3},"node:Schedule Trigger":{"recurrenceRules":[]}},"meta":{"templateCredsSetupCompleted":true},"pinData":{},"versionId":"5baf1000-619b-4c2a-a21b-e535f05fce81","triggerCount":1,"tags":[]}

