{"createdAt":"2025-04-13T23:59:45.117Z","updatedAt":"2025-07-18T03:10:20.390Z","id":"niMfPR4hv6JjziVb","name":"MCP_SERVER_SAUDE","active":false,"isArchived":true,"nodes":[{"parameters":{"path":"saude"},"type":"@n8n/n8n-nodes-langchain.mcpTrigger","typeVersion":1,"position":[200,120],"id":"b68d5163-0f2d-415f-b757-eeb2d9656ffd","name":"MCP Server Trigger","webhookId":"c6890b42-efbe-44b2-9f7a-c580e8935aad"},{"parameters":{"calendar":{"__rl":true,"value":"secsau.3bsupr@gmail.com","mode":"list","cachedResultName":"BOTSAUDE"},"start":"={{ /*n8n-auto-generated-fromAI-override*/ $fromAI('Start', ``, 'string') }}","end":"={{ /*n8n-auto-generated-fromAI-override*/ $fromAI('End', ``, 'string') }}","additionalFields":{"description":"={{ /*n8n-auto-generated-fromAI-override*/ $fromAI('Description', ``, 'string') }}","summary":"={{ /*n8n-auto-generated-fromAI-override*/ $fromAI('Summary', ``, 'string') }}"}},"type":"n8n-nodes-base.googleCalendarTool","typeVersion":1.3,"position":[60,360],"id":"c757c322-faac-493f-9133-58e2213dbdfa","name":"Create Event","credentials":{"googleCalendarOAuth2Api":{"id":"bY9dPYnTrlBCv2GD","name":"CALENDARIO SAUDE"}}},{"parameters":{"operation":"get","calendar":{"__rl":true,"value":"secsau.3bsupr@gmail.com","mode":"list","cachedResultName":"BOTSAUDE"},"eventId":"={{ /*n8n-auto-generated-fromAI-override*/ $fromAI('Event_ID', ``, 'string') }}","options":{}},"type":"n8n-nodes-base.googleCalendarTool","typeVersion":1.3,"position":[200,360],"id":"8d46226f-a849-4eeb-8a3a-c8e9da436c6f","name":"Get Event","credentials":{"googleCalendarOAuth2Api":{"id":"bY9dPYnTrlBCv2GD","name":"CALENDARIO SAUDE"}}},{"parameters":{"operation":"delete","calendar":{"__rl":true,"value":"secsau.3bsupr@gmail.com","mode":"list","cachedResultName":"BOTSAUDE"},"eventId":"={{ /*n8n-auto-generated-fromAI-override*/ $fromAI('Event_ID', ``, 'string') }}","options":{}},"type":"n8n-nodes-base.googleCalendarTool","typeVersion":1.3,"position":[360,360],"id":"cf3a535f-e90a-46bc-ba0f-46521f3652d7","name":"Delete event","credentials":{"googleCalendarOAuth2Api":{"id":"bY9dPYnTrlBCv2GD","name":"CALENDARIO SAUDE"}}},{"parameters":{"operation":"getAll","calendar":{"__rl":true,"value":"secsau.3bsupr@gmail.com","mode":"list","cachedResultName":"BOTSAUDE"},"returnAll":true,"timeMin":"={{ /*n8n-auto-generated-fromAI-override*/ $fromAI('After', ``, 'string') }}","timeMax":"={{ /*n8n-auto-generated-fromAI-override*/ $fromAI('Before', ``, 'string') }}","options":{}},"type":"n8n-nodes-base.googleCalendarTool","typeVersion":1.3,"position":[520,360],"id":"2ced5acb-6c65-45c8-b907-92fb60cd2180","name":"Get Many Events","credentials":{"googleCalendarOAuth2Api":{"id":"bY9dPYnTrlBCv2GD","name":"CALENDARIO SAUDE"}}},{"parameters":{"operation":"update","calendar":{"__rl":true,"value":"secsau.3bsupr@gmail.com","mode":"list","cachedResultName":"BOTSAUDE"},"eventId":"={{ /*n8n-auto-generated-fromAI-override*/ $fromAI('Event_ID', ``, 'string') }}","updateFields":{"description":"={{ /*n8n-auto-generated-fromAI-override*/ $fromAI('Description', ``, 'string') }}","summary":"={{ /*n8n-auto-generated-fromAI-override*/ $fromAI('Summary', ``, 'string') }}"}},"type":"n8n-nodes-base.googleCalendarTool","typeVersion":1.3,"position":[680,360],"id":"969dc618-c7c3-4bb1-a74b-240226607da6","name":"Google Calendar","credentials":{"googleCalendarOAuth2Api":{"id":"bY9dPYnTrlBCv2GD","name":"CALENDARIO SAUDE"}}},{"parameters":{"content":"                                   SERVIDOR MCP PARA CALENDARIO ","height":80,"width":800},"type":"n8n-nodes-base.stickyNote","position":[-100,0],"typeVersion":1,"id":"6fe8fef4-2307-49d9-9c2a-ba6fc5467473","name":"Sticky Note"}],"connections":{"Create Event":{"ai_tool":[[{"node":"MCP Server Trigger","type":"ai_tool","index":0}]]},"Get Event":{"ai_tool":[[{"node":"MCP Server Trigger","type":"ai_tool","index":0}]]},"Delete event":{"ai_tool":[[{"node":"MCP Server Trigger","type":"ai_tool","index":0}]]},"Get Many Events":{"ai_tool":[[{"node":"MCP Server Trigger","type":"ai_tool","index":0}]]},"Google Calendar":{"ai_tool":[[{"node":"MCP Server Trigger","type":"ai_tool","index":0}]]}},"settings":{"executionOrder":"v1"},"staticData":null,"meta":null,"pinData":{},"versionId":"f9ae1ae8-e93e-4634-88b6-10d266b7fe9f","triggerCount":1,"tags":[{"createdAt":"2025-04-18T04:29:01.436Z","updatedAt":"2025-04-18T04:29:01.436Z","id":"O8dsWJpFE2QmJmpS","name":"EM PRODUÇÂO"}]}

