{"createdAt":"2025-06-03T23:56:17.879Z","updatedAt":"2025-06-08T03:55:22.472Z","id":"iM1jxgKl4ddhi0DY","name":"CalculaFrete","active":false,"isArchived":false,"nodes":[{"parameters":{"jsCode":"const data = items[0].json;\n\nconst distancia_metros = data.routes[0].distance;\nconst distancia_km = distancia_metros / 1000;\nconst duracao_segundos = data.routes[0].duration;\n\nconst entrega_disponivel = distancia_km <= 50;\n\nreturn [\n  {\n    json: {\n      distancia_km: parseFloat(distancia_km.toFixed(2)),\n      duracao_min: Math.ceil(duracao_segundos / 60),\n      entrega_disponivel\n    }\n  }\n];\n"},"type":"n8n-nodes-base.code","typeVersion":2,"position":[920,360],"id":"e758c703-3e70-4a84-bb3f-4c9b2a6f552c","name":"Code"},{"parameters":{"url":"=http://maps.astatonn.com/route/v1/driving/-50.52755552936459,-29.835422011056313;{{$json[\"coordinates\"][\"longitude\"]}},{{$json[\"coordinates\"][\"latitude\"]}}\n","options":{}},"type":"n8n-nodes-base.httpRequest","typeVersion":4.2,"position":[580,360],"id":"f7aea5e6-efd4-4724-b9f3-9747f60dd030","name":"HTTP Request1"},{"parameters":{"url":"=http://maps.astatonn.com/geocode?address={{ $json.Endereco }}","sendQuery":true,"queryParameters":{"parameters":[{"name":"q","value":"R. Domiciano Nunes, 396 - Pitangueiras, Santo Antônio da Patrulha - RS, 95500-000"},{"name":"format","value":"json"}]},"sendHeaders":true,"headerParameters":{"parameters":[{"name":"User-Agent","value":"n8n-geocoder"}]},"options":{}},"type":"n8n-nodes-base.httpRequest","typeVersion":4.2,"position":[260,360],"id":"aae32220-ed2a-435b-836b-619f44d3ee21","name":"HTTP Request2","alwaysOutputData":true}],"connections":{"HTTP Request1":{"main":[[{"node":"Code","type":"main","index":0}]]},"HTTP Request2":{"main":[[{"node":"HTTP Request1","type":"main","index":0}]]}},"settings":{"executionOrder":"v1"},"staticData":null,"meta":null,"pinData":{},"versionId":"f00523da-eba5-4a1b-bf58-3bbefce8a531","triggerCount":0,"tags":[]}

