{"createdAt":"2025-03-12T11:02:34.216Z","updatedAt":"2025-07-17T18:34:27.750Z","id":"xpP3japoXb6PkeCc","name":"Evolution Web interface","active":false,"isArchived":false,"nodes":[{"parameters":{"html":"<!DOCTYPE html>\n<html lang=\"pt-BR\">\n<head>\n  <meta charset=\"UTF-8\">\n  <title>Controle de Tokens - OpenAI</title>\n  <style>\n    body {\n      font-family: Arial, sans-serif;\n      margin: 2rem;\n      background: #f9f9f9;\n      color: #333;\n    }\n    h1 {\n      color: #222;\n    }\n    .card {\n      background: white;\n      padding: 1.5rem;\n      border-radius: 10px;\n      box-shadow: 0 0 10px rgba(0,0,0,0.1);\n      max-width: 600px;\n      margin-bottom: 2rem;\n    }\n    .summary {\n      font-size: 1.2rem;\n      margin-bottom: 1rem;\n    }\n    table {\n      width: 100%;\n      border-collapse: collapse;\n      margin-top: 1rem;\n    }\n    th, td {\n      border: 1px solid #ccc;\n      padding: 0.75rem;\n      text-align: center;\n    }\n    th {\n      background: #f0f0f0;\n    }\n  </style>\n</head>\n<body>\n  <h1>Controle de Tokens - OpenAI</h1>\n\n  <div class=\"card\">\n    <div class=\"summary\">\n      <strong>Período:</strong> <span id=\"periodo\"></span><br>\n      <strong>Total Gasto (USD):</strong> <span id=\"total\"></span>\n    </div>\n\n    <h3>Detalhes Diários</h3>\n    <table>\n      <thead>\n        <tr>\n          <th>Data</th>\n          <th>Valor (USD)</th>\n        </tr>\n      </thead>\n      <tbody id=\"detalhes\"></tbody>\n    </table>\n  </div>\n\n  <script>\n    // Simulação de dados recebidos do n8n (substitua por chamada real se quiser)\n    const dados = {\n      start_date: \"2025-04-11\",\n      end_date: \"2025-05-11\",\n      total_usage: 12.34,\n      daily_costs: [\n        { timestamp: 1715385600, line_items: [{ cost: 1.02 }] },\n        { timestamp: 1715472000, line_items: [{ cost: 0.87 }] },\n        { timestamp: 1715558400, line_items: [{ cost: 1.34 }] }\n      ]\n    };\n\n    // Preencher cabeçalho\n    document.getElementById(\"periodo\").innerText = `${dados.start_date} a ${dados.end_date}`;\n    document.getElementById(\"total\").innerText = `$${dados.total_usage.toFixed(2)}`;\n\n    // Preencher tabela\n    const tbody = document.getElementById(\"detalhes\");\n    dados.daily_costs.forEach(item => {\n      const date = new Date(item.timestamp * 1000).toISOString().split('T')[0];\n      const valor = item.line_items.reduce((sum, li) => sum + li.cost, 0);\n      const row = `<tr><td>${date}</td><td>$${valor.toFixed(2)}</td></tr>`;\n      tbody.insertAdjacentHTML('beforeend', row);\n    });\n  </script>\n</body>\n</html>\n"},"type":"n8n-nodes-base.html","typeVersion":1.2,"position":[-80,-96],"id":"2a3ecdeb-e294-4c58-a804-c135bcf9b6ca","name":"HTML"},{"parameters":{"respondWith":"text","responseBody":"={{ $json.html }}","options":{}},"type":"n8n-nodes-base.respondToWebhook","typeVersion":1.1,"position":[144,-96],"id":"92082668-7fbb-4212-aba8-24453d65e671","name":"Respond to Webhook"},{"parameters":{"content":"    Interface de conexão de instância da Evolution para cliente","height":80,"width":600,"color":4},"type":"n8n-nodes-base.stickyNote","typeVersion":1,"position":[-336,-256],"id":"2a6142bd-d32f-437d-b6b0-3ea737428f87","name":"Sticky Note"},{"parameters":{"path":"instanciaevolution","responseMode":"responseNode","options":{}},"type":"n8n-nodes-base.webhook","typeVersion":2,"position":[-288,-96],"id":"75209893-1465-4aff-a57f-083c00bc2b78","name":"Carregar pagina web","webhookId":"c722e28d-cd02-4a2f-a34b-25b5f9567f7f"},{"parameters":{"httpMethod":"POST","path":"criar-instancia-evolution","responseMode":"responseNode","options":{}},"type":"n8n-nodes-base.webhook","typeVersion":2,"position":[-384,192],"id":"eb2151bb-77b6-4155-8ac3-e7eb97196889","name":"criar-instancia-evolution1","webhookId":"29007367-953c-449c-989e-0a24242e6edd"},{"parameters":{"respondWith":"text","responseBody":"={{ $json.html }}","options":{}},"type":"n8n-nodes-base.respondToWebhook","typeVersion":1.1,"position":[112,192],"id":"a95f6a13-779d-4eb6-90a0-70700ac62f41","name":"Respond to Webhook1"}],"connections":{"HTML":{"main":[[{"node":"Respond to Webhook","type":"main","index":0}]]},"Carregar pagina web":{"main":[[{"node":"HTML","type":"main","index":0}]]},"criar-instancia-evolution1":{"main":[[{"node":"Respond to Webhook1","type":"main","index":0}]]}},"settings":{"executionOrder":"v1"},"staticData":null,"meta":null,"pinData":{},"versionId":"adff2017-199b-46c1-a20e-30155d699146","triggerCount":2,"tags":[]}

