{"createdAt":"2025-08-04T15:00:37.312Z","updatedAt":"2025-08-04T15:00:37.312Z","id":"XG1JcphdLqhUgISC","name":"My workflow 56","active":false,"isArchived":false,"nodes":[{"parameters":{"httpMethod":"POST","path":"5ab53e3c-b24a-4b22-97ff-89dcedc339ce","options":{}},"type":"n8n-nodes-base.webhook","typeVersion":2,"position":[0,0],"id":"9dcbbbd9-b2b3-4481-a53d-26f46a51e865","name":"Webhook","webhookId":"5ab53e3c-b24a-4b22-97ff-89dcedc339ce"}],"connections":{},"settings":{"executionOrder":"v1"},"staticData":null,"meta":{"templateCredsSetupCompleted":true},"pinData":{},"versionId":"78a6add9-eec4-4c86-ba36-d6499c6d3ee1","triggerCount":0,"tags":[]}

