{"createdAt":"2025-06-03T00:57:49.717Z","updatedAt":"2025-06-06T02:17:25.854Z","id":"OBaeXo0ThTxCpGsc","name":"Server_MCP_Instagram","active":false,"isArchived":false,"nodes":[{"parameters":{"path":"mcp-insta"},"type":"@n8n/n8n-nodes-langchain.mcpTrigger","typeVersion":1,"position":[0,0],"id":"7b90d086-2f24-4169-8477-c849f9fa3932","name":"MCP Server Trigger","webhookId":"8908a953-c518-49c2-90f5-a995c8fe69bc"},{"parameters":{"description":"Use essa tool todas vez que precisar buscar mídia de um perfil do instagram.","workflowId":{"__rl":true,"value":"WoifhWkkX9pIeW2m","mode":"list","cachedResultName":"Buscar-Midias"},"workflowInputs":{"mappingMode":"defineBelow","value":{"idInstagram":"={{ /*n8n-auto-generated-fromAI-override*/ $fromAI('idInstagram', ``, 'string') }}"},"matchingColumns":["idInstagram"],"schema":[{"id":"idInstagram","displayName":"idInstagram","required":false,"defaultMatch":false,"display":true,"canBeUsedToMatch":true,"type":"string","removed":false}],"attemptToConvertTypes":false,"convertFieldsToString":false}},"type":"@n8n/n8n-nodes-langchain.toolWorkflow","typeVersion":2.2,"position":[-60,160],"id":"6d344127-c6e4-401b-bf89-00b14a610041","name":"buscarMidias"},{"parameters":{"description":"Use essa tool todas vez que precisar buscar detalhes de uma mídia especifica.","workflowId":{"__rl":true,"value":"zcIi6TviI5IlQ0q3","mode":"list","cachedResultName":"Detalhes-Midias"},"workflowInputs":{"mappingMode":"defineBelow","value":{"idMidia":"={{ /*n8n-auto-generated-fromAI-override*/ $fromAI('idMidia', ``, 'string') }}"},"matchingColumns":["idMidia"],"schema":[{"id":"idMidia","displayName":"idMidia","required":false,"defaultMatch":false,"display":true,"canBeUsedToMatch":true,"type":"string","removed":false}],"attemptToConvertTypes":false,"convertFieldsToString":false}},"type":"@n8n/n8n-nodes-langchain.toolWorkflow","typeVersion":2.2,"position":[20,300],"id":"bd901111-7e56-4d1c-9a56-c61c68b1f5c3","name":"detalhesMidias"},{"parameters":{"description":"Use essa tool todas vez que precisar buscar detalhes de uma mídia especifica.","workflowId":{"__rl":true,"value":"wfy721pQldYkqJYY","mode":"list","cachedResultName":"Buscar-Comentarios"},"workflowInputs":{"mappingMode":"defineBelow","value":{"idComentario":"={{ /*n8n-auto-generated-fromAI-override*/ $fromAI('idComentario', ``, 'string') }}"},"matchingColumns":["idComentario"],"schema":[{"id":"idComentario","displayName":"idComentario","required":false,"defaultMatch":false,"display":true,"canBeUsedToMatch":true,"type":"string","removed":false}],"attemptToConvertTypes":false,"convertFieldsToString":false}},"type":"@n8n/n8n-nodes-langchain.toolWorkflow","typeVersion":2.2,"position":[160,420],"id":"3107ba8b-d134-4d23-b9c4-a9b69fd3dcb9","name":"buscarComentarios"},{"parameters":{"description":"User essa tool toda vez que precisar responder um comentário.","workflowId":{"__rl":true,"value":"vo8LOunTcfvMGU16","mode":"list","cachedResultName":"Responder-Comentarios"},"workflowInputs":{"mappingMode":"defineBelow","value":{"respIdComentario":"={{ /*n8n-auto-generated-fromAI-override*/ $fromAI('respIdComentario', ``, 'string') }}","textResposta":"={{ /*n8n-auto-generated-fromAI-override*/ $fromAI('textResposta', ``, 'string') }}"},"matchingColumns":[],"schema":[{"id":"respIdComentario","displayName":"respIdComentario","required":false,"defaultMatch":false,"display":true,"canBeUsedToMatch":true,"type":"string"},{"id":"textResposta","displayName":"textResposta","required":false,"defaultMatch":false,"display":true,"canBeUsedToMatch":true,"type":"string"}],"attemptToConvertTypes":false,"convertFieldsToString":false}},"type":"@n8n/n8n-nodes-langchain.toolWorkflow","typeVersion":2.2,"position":[300,300],"id":"08d8c903-92ef-4511-8dc6-79132a5c94c9","name":"responderComentario"},{"parameters":{"description":"Use essa tooltoda vez que precisar enviar uma mensagem no privado do autor do comentario","workflowId":{"__rl":true,"value":"fXREkAaIwoOwt9oa","mode":"list","cachedResultName":"Enviar-DM"},"workflowInputs":{"mappingMode":"defineBelow","value":{"idComentarioResp":"={{ /*n8n-auto-generated-fromAI-override*/ $fromAI('idComentarioResp', ``, 'string') }}","textoRespDM":"={{ /*n8n-auto-generated-fromAI-override*/ $fromAI('textoRespDM', ``, 'string') }}"},"matchingColumns":[],"schema":[{"id":"idComentarioResp","displayName":"idComentarioResp","required":false,"defaultMatch":false,"display":true,"canBeUsedToMatch":true,"type":"string"},{"id":"textoRespDM","displayName":"textoRespDM","required":false,"defaultMatch":false,"display":true,"canBeUsedToMatch":true,"type":"string"}],"attemptToConvertTypes":false,"convertFieldsToString":false}},"type":"@n8n/n8n-nodes-langchain.toolWorkflow","typeVersion":2.2,"position":[380,160],"id":"6e423e66-601b-4772-8922-dc1bac5e89e4","name":"enviarDM"},{"parameters":{"content":"## VEJA A CONFIGURAÇÃO NO VIDEO:\nhttps://www.youtube.com/watch?v=PhFhMCQlIOQ\n","height":100,"width":580},"type":"n8n-nodes-base.stickyNote","position":[-440,-120],"typeVersion":1,"id":"0cf2d7f9-fcff-4c6f-90fe-2e5f038e0c7a","name":"Sticky Note"}],"connections":{"buscarMidias":{"ai_tool":[[{"node":"MCP Server Trigger","type":"ai_tool","index":0}]]},"detalhesMidias":{"ai_tool":[[{"node":"MCP Server Trigger","type":"ai_tool","index":0}]]},"buscarComentarios":{"ai_tool":[[{"node":"MCP Server Trigger","type":"ai_tool","index":0}]]},"responderComentario":{"ai_tool":[[{"node":"MCP Server Trigger","type":"ai_tool","index":0}]]},"enviarDM":{"ai_tool":[[{"node":"MCP Server Trigger","type":"ai_tool","index":0}]]}},"settings":{"executionOrder":"v1"},"staticData":null,"meta":null,"pinData":{},"versionId":"af317af3-ff48-4bf9-97d7-013e592704a7","triggerCount":1,"tags":[]}

