{"createdAt":"2025-04-14T16:54:59.910Z","updatedAt":"2025-04-15T16:18:19.034Z","id":"atfrf16mc62wKuDh","name":"ENVIA AGENDAMENTO 1 HORA ANTES DO COMPROMISSO  SAUDE BSUP","active":false,"isArchived":false,"nodes":[{"parameters":{"rule":{"interval":[{"field":"minutes"}]}},"type":"n8n-nodes-base.scheduleTrigger","typeVersion":1.2,"position":[-660,-220],"id":"4445677a-b32b-4336-96bf-6e0262b6426d","name":"Schedule Trigger"},{"parameters":{"operation":"getAll","calendar":{"__rl":true,"value":"secsau.3bsupr@gmail.com","mode":"list","cachedResultName":"BOTSAUDE"},"returnAll":true,"timeMin":"={{ $now.minus({ hours: 1 }) }}","timeMax":"={{ $now.plus({ hours: 3 }) }}","options":{}},"type":"n8n-nodes-base.googleCalendar","typeVersion":1.3,"position":[-420,-220],"id":"1636cd16-c716-4313-aa72-a389f8a4ff63","name":"Google Calendar","credentials":{"googleCalendarOAuth2Api":{"id":"bY9dPYnTrlBCv2GD","name":"CALENDARIO SAUDE"}}},{"parameters":{"jsCode":"const now = new Date();\nconst messages = [];\n\n// Ajusta o tempo de referência para 1 hora após o momento atual\nconst targetTime = new Date(now.getTime() + 60 * 60 * 1000);\n\nfor (const item of items) {\n    try {\n        if (!item.json.start) continue; // Ignora eventos sem data\n\n        let eventTime;\n        \n        if (item.json.start.dateTime) {\n            eventTime = new Date(item.json.start.dateTime); // Evento com hora definida\n        } else if (item.json.start.date) {\n            eventTime = new Date(`${item.json.start.date}T12:00:00`); // Ajusta para eventos de dia inteiro\n        } else {\n            continue;\n        }\n\n        // Calcula a diferença em minutos entre o evento e o tempo alvo\n        const diffMinutes = Math.abs((eventTime - targetTime) / 60000);\n\n        if (diffMinutes <= 5) { // Verifica se está no intervalo de ±5 min\n            const hora = eventTime.toLocaleTimeString('pt-BR', { hour: '2-digit', minute: '2-digit' });\n            const data = eventTime.toLocaleDateString('pt-BR');\n\n            let titulo = \"📌 Evento sem título\";\n            let cliente = \"❓ Sem cliente\";\n            let telefone = \"📞 Sem telefone\";\n\n            if (item.json.summary) {\n                const partes = item.json.summary.split(\" - \");\n                if (partes.length >= 3) {\n                    titulo = `📌 ${partes[0]}`;\n                    cliente = `👤 ${partes[1]}`;\n                    telefone = `📞 ${partes[2]}`;\n                }\n            }\n\n            messages.push({\n                json: {\n                    title: titulo,\n                    hora: `🕒 ${hora}`,\n                    date: `📆 ${data}`,\n                    cliente,\n                    telefone,\n                    mensagem: `🔔 *Lembrete de Evento!*\\n\\n📌 *${titulo.replace(\"📌 \", \"\")}*\\n🕒 *Horário:* ${hora}\\n📆 *Data:* ${data}\\n👤 *Cliente:* ${cliente}\\n📞 *Contato:* ${telefone}\\n\\n⚡ O evento acontece daqui a *1 hora*!`\n                }\n            });\n        }\n    } catch (error) {\n        console.error(\"🚨 Erro ao processar evento:\", error);\n    }\n}\n\n// Retorna os eventos encontrados ou um JSON indicando que nenhum evento está próximo\nreturn messages.length > 0 ? messages : [{ json: { skip: true } }];\n"},"type":"n8n-nodes-base.code","typeVersion":2,"position":[-180,-220],"id":"498b04fe-2e9c-4aeb-8751-e461b81bcbf5","name":"Code"},{"parameters":{"conditions":{"boolean":[{"value1":"={{$json.skip}}","value2":true}]}},"type":"n8n-nodes-base.if","typeVersion":1,"position":[100,-220],"id":"6d96e96c-b01e-4c3b-a3c9-abfd08cc7d69","name":"If"},{"parameters":{"method":"POST","url":"https://evolutionapi.automatech.tech/message/sendText/victor","sendHeaders":true,"headerParameters":{"parameters":[{"name":"apikey","value":"A6CF21C96EE5-4FEE-BF6A-D52361FDBEE3"}]},"sendBody":true,"bodyParameters":{"parameters":[{"name":"number","value":"=555198416987-1553871639@g.us"},{"name":"text","value":"={{$json.mensagem}}              "}]},"options":{"allowUnauthorizedCerts":true,"redirect":{"redirect":{}}}},"id":"25d73f88-b3c9-4878-bf08-0433ebaff9ce","name":"HTTP Request2","type":"n8n-nodes-base.httpRequest","typeVersion":4.2,"position":[520,-60]}],"connections":{"Schedule Trigger":{"main":[[{"node":"Google Calendar","type":"main","index":0}]]},"Google Calendar":{"main":[[{"node":"Code","type":"main","index":0}]]},"Code":{"main":[[{"node":"If","type":"main","index":0}]]},"If":{"main":[[],[{"node":"HTTP Request2","type":"main","index":0}]]}},"settings":{"executionOrder":"v1"},"staticData":{"node:Schedule Trigger":{"recurrenceRules":[]}},"meta":{"templateCredsSetupCompleted":true},"pinData":{},"versionId":"5dd8d9f8-c434-4c04-a356-6c47a6a05312","triggerCount":1,"tags":[]}

