{"createdAt":"2025-04-14T16:40:38.230Z","updatedAt":"2025-06-10T17:47:01.017Z","id":"TZqlJFSO4JBCU6Aj","name":"ENVIA AGENDAMENTO 24 HORAS ANTES DO COMPROMISSO SAUDE BSUP","active":false,"isArchived":false,"nodes":[{"parameters":{"rule":{"interval":[{"field":"cronExpression","expression":"0 0 8 * * 1-5"}]}},"type":"n8n-nodes-base.scheduleTrigger","typeVersion":1.2,"position":[-660,-240],"id":"3e52d38b-b60a-4423-9b6f-33b7c6079af7","name":"Schedule Trigger"},{"parameters":{"jsCode":"const messages = [];\n\nfor (const item of items) {\n    try {\n        if (!item.json.start || !item.json.start.dateTime) continue;\n\n        // Pegando os dados do evento\n        let eventSummary = item.json.summary || \"Evento\";\n        let eventStart = new Date(item.json.start.dateTime);\n        let eventTime = eventStart.toLocaleTimeString(\"pt-BR\", { hour: \"2-digit\", minute: \"2-digit\" });\n        let eventDate = eventStart.toLocaleDateString(\"pt-BR\");\n\n        // Expressão regular para extrair nome e telefone do summary\n        const regex = /(.*?)\\s*-\\s*(.*?)\\s*-\\s*(\\d+)/;\n        const match = eventSummary.match(regex);\n\n        let cliente = \"Usuário\";\n        let telefone = \"Número de telefone\";\n\n        if (match) {\n            eventSummary = match[1].trim(); // Nome do evento\n            cliente = match[2].trim(); // Nome do cliente\n            telefone = match[3].trim(); // Telefone\n        }\n\n        // Calculando tempo restante para o evento\n        const now = new Date();\n        const diffMs = eventStart - now;\n        const diffHours = Math.floor(diffMs / (1000 * 60 * 60));\n\n        messages.push({\n            json: {\n                mensagem: `🔔 *Lembrete de Evento!*\\n\\n📌 *${eventSummary} - ${cliente}*\\n🕰️ *Horário:* ${eventTime}\\n📅 *Data:* ${eventDate}\\n🧑‍💼 *Cliente:* ${cliente}\\n📞 *Contato:* ${telefone}\\n\\n⏳ *O evento acontece daqui a ${diffHours} hora(s)!*`\n            },\n        });\n    } catch (error) {\n        console.error(\"❌ Erro ao processar evento:\", error);\n    }\n}\n\n// Garante que retorna algo, mesmo se não houver eventos\nreturn messages.length > 0 ? messages : [{ json: { skip: true } }];\n"},"type":"n8n-nodes-base.code","typeVersion":2,"position":[-40,-220],"id":"2cf9a38b-28aa-46fe-b2a7-d25742d94283","name":"Code"},{"parameters":{"conditions":{"boolean":[{"value1":"={{$json.skip}}","value2":true}]}},"type":"n8n-nodes-base.if","typeVersion":1,"position":[280,-220],"id":"9b2b22ce-96b1-4be8-98ef-a7f49ca577f2","name":"If"},{"parameters":{"method":"POST","url":"https://evolutionapi.automatech.tech/message/sendText/Botsaude","sendHeaders":true,"headerParameters":{"parameters":[{"name":"apikey","value":"DD91D49433AF-416A-AD50-315D960D8207"}]},"sendBody":true,"bodyParameters":{"parameters":[{"name":"number","value":"=120363417137259927@g.us"},{"name":"text","value":"=🌞 Bom dia,🎉 Aqui estão todos os compromissos do dia:\n\n{{ $json.mensagem }}"}]},"options":{"allowUnauthorizedCerts":true,"redirect":{"redirect":{}}}},"id":"42407936-0a39-4a67-ad21-e748b6a63548","name":"HTTP Request2","type":"n8n-nodes-base.httpRequest","typeVersion":4.2,"position":[1100,-140]},{"parameters":{"fieldsToAggregate":{"fieldToAggregate":[{"fieldToAggregate":"mensagem"}]},"options":{}},"type":"n8n-nodes-base.aggregate","typeVersion":1,"position":[560,-140],"id":"373031c2-f1e2-40b0-9400-448443c4cce5","name":"Aggregate"},{"parameters":{"jsCode":"// Supondo que data seja a saída do nó Aggregate\nconst mensagens = $input.item.json.mensagem; // Acesse o array\nconst mensagemFinal = mensagens.join('\\n'); // Concatena as mensagens em uma String única\n\nreturn [{\n  json: {\n    mensagem: mensagemFinal // Retorne a mensagem formatada\n  }\n}];"},"type":"n8n-nodes-base.code","typeVersion":2,"position":[800,-140],"id":"1a9c9a0d-4bf3-478b-b133-1ab5eda29de2","name":"Code1"},{"parameters":{"operation":"getAll","calendar":{"__rl":true,"value":"secsau.3bsupr@gmail.com","mode":"list","cachedResultName":"BOTSAUDE"},"returnAll":true,"options":{}},"type":"n8n-nodes-base.googleCalendar","typeVersion":1.3,"position":[-360,-240],"id":"0acfc93c-0935-40e8-9c4c-ccca859eeafb","name":"Google Calendar","credentials":{"googleCalendarOAuth2Api":{"id":"bY9dPYnTrlBCv2GD","name":"CALENDARIO SAUDE"}}}],"connections":{"Schedule Trigger":{"main":[[{"node":"Google Calendar","type":"main","index":0}]]},"Code":{"main":[[{"node":"If","type":"main","index":0}]]},"If":{"main":[[],[{"node":"Aggregate","type":"main","index":0}]]},"Aggregate":{"main":[[{"node":"Code1","type":"main","index":0}]]},"Code1":{"main":[[{"node":"HTTP Request2","type":"main","index":0}]]},"Google Calendar":{"main":[[{"node":"Code","type":"main","index":0}]]}},"settings":{"executionOrder":"v1"},"staticData":{"node:Schedule Trigger":{"recurrenceRules":[]}},"meta":{"templateCredsSetupCompleted":true},"pinData":{},"versionId":"e8bfc2b6-f504-425c-bcb8-da11630bd011","triggerCount":1,"tags":[{"createdAt":"2025-04-18T04:29:01.436Z","updatedAt":"2025-04-18T04:29:01.436Z","id":"O8dsWJpFE2QmJmpS","name":"EM PRODUÇÂO"}]}

