{"createdAt":"2025-06-21T23:42:12.889Z","updatedAt":"2025-06-21T23:42:36.045Z","id":"bH1rKPtyvXvUEglL","name":"My Sub-Workflow 3","active":false,"isArchived":true,"nodes":[{"id":"c055762a-8fe7-4141-a639-df2372f30060","typeVersion":1.1,"name":"When Executed by Another Workflow","type":"n8n-nodes-base.executeWorkflowTrigger","position":[260,340],"parameters":{}},{"id":"b5942df6-0160-4ef7-965d-57583acdc8aa","name":"Replace me with your logic","type":"n8n-nodes-base.noOp","position":[520,340],"parameters":{}}],"connections":{"When Executed by Another Workflow":{"main":[[{"node":"Replace me with your logic","type":"main","index":0}]]}},"settings":{"executionOrder":"v1"},"staticData":null,"meta":null,"pinData":{},"versionId":"b15232e3-4812-478f-965b-1b356c5fcfff","triggerCount":0,"tags":[]}

