{"createdAt":"2025-05-26T02:13:44.053Z","updatedAt":"2025-05-31T14:53:02.739Z","id":"bfXpcoxtQJKZ4iM5","name":"MCP_Server1","active":false,"isArchived":false,"nodes":[{"parameters":{"path":"Calendar"},"type":"@n8n/n8n-nodes-langchain.mcpTrigger","typeVersion":1,"position":[-340,-120],"id":"0d48dc4a-d02b-4de3-adb5-1167fb2ea3a7","name":"MCP Server Trigger","webhookId":"1ee49ac7-2c58-4b01-af37-555a774c24b9"},{"parameters":{"content":"## MCP_SErver do Calendar","height":440,"width":720,"color":4},"type":"n8n-nodes-base.stickyNote","position":[-440,-200],"typeVersion":1,"id":"4dcca00d-708e-45a4-a873-ca44649a322b","name":"Sticky Note"},{"parameters":{"descriptionType":"manual","toolDescription":"=Use essa ferramenta para encontrar um evento específico\nFluxo Sugerido\n- Primeiramente execute o Get All Events para os próximos 7 dias, assim saberá todos os próximos eventos;\n- Busque o evento selecionado, para isso é necessário que o usuário informe o dia e horário;\n- Pelo horário dia e horário que usuário informou, encontre o evento, seu id e outros detalhes.\nImportante: Dia Atual {{ $now }}","operation":"get","calendar":{"__rl":true,"value":"sgtscampos@gmail.com","mode":"list","cachedResultName":"sgtscampos@gmail.com"},"eventId":"={{ /*n8n-auto-generated-fromAI-override*/ $fromAI('Event_ID', `ID do Evento`, 'string') }}","options":{}},"type":"n8n-nodes-base.googleCalendarTool","typeVersion":1.3,"position":[-420,100],"id":"56458433-f0e8-4315-8889-a362c0a6f386","name":"Get Events","credentials":{"googleCalendarOAuth2Api":{"id":"4ufaZmbZs85p1PBj","name":"Google Calendar account"}}},{"parameters":{"descriptionType":"manual","toolDescription":"=Use essa ferramenta para criar uma consulta no calendário.\n\nFluxo Sugerido:\n- Pergunte nome da pessoa, dia e horário desejado;\n- Chame Get All Events. Se não houver conflito de eventos, chame execute Create Event. Todos consultas possuem 1 hora e preencha campo \"Summary\" com [Nome da Pessoa];\n- Confirme para o usuário: “Seu agendamento foi realizado para [data/hora].”\n\nImportante: Dia Atual {{ $now }} ","calendar":{"__rl":true,"value":"sgtscampos@gmail.com","mode":"list","cachedResultName":"sgtscampos@gmail.com"},"start":"={{ /*n8n-auto-generated-fromAI-override*/ $fromAI('Start', ``, 'string') }}","end":"={{ /*n8n-auto-generated-fromAI-override*/ $fromAI('End', ``, 'string') }}","useDefaultReminders":false,"additionalFields":{"summary":"Nome da pessoa"}},"type":"n8n-nodes-base.googleCalendarTool","typeVersion":1.3,"position":[-100,80],"id":"6321856e-d325-44c3-8594-62a3e6e44c67","name":"Create Events","credentials":{"googleCalendarOAuth2Api":{"id":"4ufaZmbZs85p1PBj","name":"Google Calendar account"}}},{"parameters":{"descriptionType":"manual","toolDescription":"=Use essa ferramenta para deletar um evento específico\n\nFluxo Sugerido\n- Busque o evento selecionado, para isso é necessário que o usuário informe o dia e horário;\n- Primeiramente execute o Get All Events para os próximos 7 dias, assim saberá todos os próximos eventos;\n- Pelo horário dia e horário que usuário informou, encontre o evento, seu id e outros detalhes.\n- Delete esse evento com Delete Event.\n\nImportante: Dia Atual {{ $now }}","operation":"delete","calendar":{"__rl":true,"value":"sgtscampos@gmail.com","mode":"list","cachedResultName":"sgtscampos@gmail.com"},"eventId":"={{ /*n8n-auto-generated-fromAI-override*/ $fromAI('Event_ID', `ID do evento`, 'string') }}","options":{}},"type":"n8n-nodes-base.googleCalendarTool","typeVersion":1.3,"position":[40,100],"id":"04fb175b-4502-4597-b368-22a6e8054e34","name":"Delete Events","credentials":{"googleCalendarOAuth2Api":{"id":"4ufaZmbZs85p1PBj","name":"Google Calendar account"}}},{"parameters":{"descriptionType":"manual","toolDescription":"=Use essa ferramenta para listar todos eventos\n\nFluxo Sugerido\n- Colete o periodo inicial e final. Se o usuário não falar, utilize a data de hoje mais 7 dias pra frente;\n- Execute Get All Events para o periodo selecionado.\n\nImportante: Dia Atual {{ $now }}","calendar":{"__rl":true,"value":"sgtscampos@gmail.com","mode":"list","cachedResultName":"sgtscampos@gmail.com"},"start":"={{ /*n8n-auto-generated-fromAI-override*/ $fromAI('Start', ``, 'string') }}","end":"={{ /*n8n-auto-generated-fromAI-override*/ $fromAI('End', ``, 'string') }}","additionalFields":{}},"type":"n8n-nodes-base.googleCalendarTool","typeVersion":1.3,"position":[-260,100],"id":"96209a84-bf8b-42c9-9287-69addd6f7360","name":"Get All Events","credentials":{"googleCalendarOAuth2Api":{"id":"4ufaZmbZs85p1PBj","name":"Google Calendar account"}}}],"connections":{"Get Events":{"ai_tool":[[{"node":"MCP Server Trigger","type":"ai_tool","index":0}]]},"Create Events":{"ai_tool":[[{"node":"MCP Server Trigger","type":"ai_tool","index":0}]]},"Delete Events":{"ai_tool":[[{"node":"MCP Server Trigger","type":"ai_tool","index":0}]]},"Get All Events":{"ai_tool":[[{"node":"MCP Server Trigger","type":"ai_tool","index":0}]]}},"settings":{"executionOrder":"v1"},"staticData":null,"meta":{"templateCredsSetupCompleted":true},"pinData":{},"versionId":"3640e663-e5a3-4a29-8586-0a55a627645b","triggerCount":1,"tags":[]}

