{"createdAt":"2025-04-25T05:22:28.510Z","updatedAt":"2025-07-18T03:06:08.413Z","id":"ZqdJT6J3EMIExCuY","name":"My workflow 15","active":false,"isArchived":true,"nodes":[{"parameters":{},"type":"n8n-nodes-base.manualTrigger","typeVersion":1,"position":[-780,-360],"id":"f15f824b-8f22-4c01-953f-549071013bab","name":"When clicking ‘Test workflow’"},{"parameters":{"operation":"download","fileId":{"__rl":true,"value":"1656xrKsldyWvUmVWuMRfQ_rT455XZWBj","mode":"list","cachedResultName":"Original Rosa Encantada Vermelha.jpg","cachedResultUrl":"https://drive.google.com/file/d/1656xrKsldyWvUmVWuMRfQ_rT455XZWBj/view?usp=drivesdk"},"options":{}},"type":"n8n-nodes-base.googleDrive","typeVersion":3,"position":[-560,-360],"id":"6db801f3-38f3-4b82-a58a-ca89c7f822b4","name":"Google Drive","credentials":{"googleDriveOAuth2Api":{"id":"eXShTOGRfdorsKb8","name":"Google Drive account"}}},{"parameters":{"operation":"download","fileId":{"__rl":true,"REDACTED_KEY": "[REDACTED]","mode":"list","cachedResultName":"Mini Vaso de Margaridinhas e Difusor Aromaticas.jpg","cachedResultUrl":"https://drive.google.com/file/d/1Gdt3QLfOc8McMGP0PyXJ7r7fZ4i1qJwZ/view?usp=drivesdk"},"options":{}},"type":"n8n-nodes-base.googleDrive","typeVersion":3,"position":[160,-360],"id":"7cf7e0d4-cb7a-40c3-aa82-7ab0682e0ede","name":"Google Drive1","credentials":{"googleDriveOAuth2Api":{"id":"eXShTOGRfdorsKb8","name":"Google Drive account"}}},{"parameters":{"operation":"binaryToPropery","options":{}},"type":"n8n-nodes-base.extractFromFile","typeVersion":1,"position":[-300,-360],"id":"f533a79d-eb89-4319-b23d-1fdcc103ea24","name":"Extract from File"},{"parameters":{"operation":"binaryToPropery","destinationKey":"data1","options":{}},"type":"n8n-nodes-base.extractFromFile","typeVersion":1,"position":[420,-360],"id":"02db15d6-a033-4511-810d-62b341423a96","name":"Extract from File1"},{"parameters":{"operation":"download","fileId":{"__rl":true,"value":"1G-dg0Mi5zK5sr1Mh5-EKz5fEkJ1n3lMh","mode":"list","cachedResultName":"Mini Terrario no Pote.jpg","cachedResultUrl":"https://drive.google.com/file/d/1G-dg0Mi5zK5sr1Mh5-EKz5fEkJ1n3lMh/view?usp=drivesdk"},"options":{}},"type":"n8n-nodes-base.googleDrive","typeVersion":3,"position":[-600,-200],"id":"e7520f76-bb5e-43df-93e5-16ec5569e968","name":"Google Drive2","credentials":{"googleDriveOAuth2Api":{"id":"eXShTOGRfdorsKb8","name":"Google Drive account"}}},{"parameters":{"operation":"download","fileId":{"__rl":true,"REDACTED_KEY": "[REDACTED]","mode":"list","cachedResultName":"Delicado Box com Astromélias e Chocolate.png","cachedResultUrl":"https://drive.google.com/file/d/1BFZhTPeqD9q0E4ub1rGw2JOxOJXsB0dO/view?usp=drivesdk"},"options":{}},"type":"n8n-nodes-base.googleDrive","typeVersion":3,"position":[120,-200],"id":"6e657396-ea48-4b6b-9758-ce3f7221ab59","name":"Google Drive3","credentials":{"googleDriveOAuth2Api":{"id":"eXShTOGRfdorsKb8","name":"Google Drive account"}}},{"parameters":{"operation":"download","fileId":{"__rl":true,"REDACTED_KEY": "[REDACTED]","mode":"list","cachedResultName":"Buque Imperio com Astromelias Brancas.jpg","cachedResultUrl":"https://drive.google.com/file/d/1YZzEEx5lfMS6p6myo3o5Yevn5ScKtBIp/view?usp=drivesdk"},"options":{}},"type":"n8n-nodes-base.googleDrive","typeVersion":3,"position":[160,200],"id":"307a5e9f-7dd4-4572-ad7f-04490d183019","name":"Google Drive5","credentials":{"googleDriveOAuth2Api":{"id":"eXShTOGRfdorsKb8","name":"Google Drive account"}}},{"parameters":{"operation":"binaryToPropery","destinationKey":"data1","options":{}},"type":"n8n-nodes-base.extractFromFile","typeVersion":1,"position":[-340,-200],"id":"82f8b7e7-b3c0-46b9-839c-eae9f6668892","name":"Extract from File2"},{"parameters":{"operation":"binaryToPropery","destinationKey":"data1","options":{}},"type":"n8n-nodes-base.extractFromFile","typeVersion":1,"position":[380,-200],"id":"9bcba458-fcb0-4306-bcdd-aa66d287c2d1","name":"Extract from File3"},{"parameters":{"operation":"binaryToPropery","destinationKey":"data1","options":{}},"type":"n8n-nodes-base.extractFromFile","typeVersion":1,"position":[400,200],"id":"75d58ada-57ea-4cda-9364-06abae25e45d","name":"Extract from File4"},{"parameters":{"operation":"binaryToPropery","destinationKey":"data1","options":{}},"type":"n8n-nodes-base.extractFromFile","typeVersion":1,"position":[-300,200],"id":"956eaf6e-a3a3-4986-8b8e-d1460bab8994","name":"Extract from File5"},{"parameters":{"operation":"download","fileId":{"__rl":true,"REDACTED_KEY": "[REDACTED]","mode":"list","cachedResultName":"Buque Fascínio de Rosas Colombianas Vermelhas.jpg","cachedResultUrl":"https://drive.google.com/file/d/1s5y0wMD1vZnoz38zaEX1zIFCRWkt6R2S/view?usp=drivesdk"},"options":{}},"type":"n8n-nodes-base.googleDrive","typeVersion":3,"position":[-560,0],"id":"6786226a-ebe6-43fc-8627-2530f8a67ed8","name":"Google Drive6","credentials":{"googleDriveOAuth2Api":{"id":"eXShTOGRfdorsKb8","name":"Google Drive account"}}},{"parameters":{"operation":"download","fileId":{"__rl":true,"value":"1LgH6v-oQwROCHpHjrCzzLceIrFHAweHU","mode":"list","cachedResultName":"Buque de Flores Secas e Stitch.jpg","cachedResultUrl":"https://drive.google.com/file/d/1LgH6v-oQwROCHpHjrCzzLceIrFHAweHU/view?usp=drivesdk"},"options":{}},"type":"n8n-nodes-base.googleDrive","typeVersion":3,"position":[160,0],"id":"910e3061-1e96-4f34-854b-cdc4e104bd84","name":"Google Drive7","credentials":{"googleDriveOAuth2Api":{"id":"eXShTOGRfdorsKb8","name":"Google Drive account"}}},{"parameters":{"operation":"binaryToPropery","destinationKey":"data1","options":{}},"type":"n8n-nodes-base.extractFromFile","typeVersion":1,"position":[-300,0],"id":"3b4d5da4-b34f-4b25-ac18-654bfff4264b","name":"Extract from File6"},{"parameters":{"operation":"download","fileId":{"__rl":true,"REDACTED_KEY": "[REDACTED]","mode":"list","cachedResultName":"Buque de 08 Rosas Colombianas Vermelhas.jpg","cachedResultUrl":"https://drive.google.com/file/d/1H3KCqVUuotRXfPNUnJ2wAYSjcIQseXyw/view?usp=drivesdk"},"options":{}},"type":"n8n-nodes-base.googleDrive","typeVersion":3,"position":[-560,200],"id":"3490ab1b-c5e8-4061-8c11-172cce18a339","name":"Google Drive8","credentials":{"googleDriveOAuth2Api":{"id":"eXShTOGRfdorsKb8","name":"Google Drive account"}}},{"parameters":{"operation":"binaryToPropery","destinationKey":"data1","options":{}},"type":"n8n-nodes-base.extractFromFile","typeVersion":1,"position":[400,0],"id":"144da9e2-006d-4ce9-9677-c551eba2cd58","name":"Extract from File7"},{"parameters":{"resource":"messages-api","operation":"send-image","instanceName":"GLPI","remoteJid":"5551998416987","media":"={{ $json.data }}","caption":"Original Rosa Encantada Vermelha  R$255,92","options_message":{}},"type":"n8n-nodes-evolution-api.evolutionApi","typeVersion":1,"position":[-60,-360],"id":"b19bd57f-932a-4f51-b577-b6581812fc2b","name":"Evolution API","credentials":{"evolutionApi":{"id":"08ttur0tAMHqYQhL","name":"GLPI"}}},{"parameters":{"resource":"messages-api","operation":"send-image","instanceName":"GLPI","remoteJid":"5551998416987","media":"={{ $json.data1 }}","caption":" Buquê de Flores Secas e Stitch R$239,90","options_message":{}},"type":"n8n-nodes-evolution-api.evolutionApi","typeVersion":1,"position":[660,-360],"id":"44142ae8-33f0-4029-ac99-2d3613c8a5bf","name":"Evolution API2","credentials":{"evolutionApi":{"id":"08ttur0tAMHqYQhL","name":"GLPI"}}},{"parameters":{"resource":"messages-api","operation":"send-image","instanceName":"GLPI","remoteJid":"5551998416987","media":"={{ $json.data1 }}","caption":"Mini Vaso de Margaridinhas e Difusor Aromáticas R$187,90","options_message":{}},"type":"n8n-nodes-evolution-api.evolutionApi","typeVersion":1,"position":[-100,-200],"id":"2a4886ac-1fcf-4ca8-bcf3-6a33ab604341","name":"Evolution API1","credentials":{"evolutionApi":{"id":"08ttur0tAMHqYQhL","name":"GLPI"}}},{"parameters":{"resource":"messages-api","operation":"send-image","instanceName":"GLPI","remoteJid":"5551998416987","media":"={{ $json.data1 }}","options_message":{}},"type":"n8n-nodes-evolution-api.evolutionApi","typeVersion":1,"position":[620,-200],"id":"86fcf025-276d-4884-ae9d-9cbd8f2f829c","name":"Evolution API3","credentials":{"evolutionApi":{"id":"08ttur0tAMHqYQhL","name":"GLPI"}}},{"parameters":{"resource":"messages-api","operation":"send-image","instanceName":"GLPI","remoteJid":"5551998416987","media":"={{ $json.data1 }}","options_message":{}},"type":"n8n-nodes-evolution-api.evolutionApi","typeVersion":1,"position":[-60,0],"id":"9e567a67-65d2-409a-b14c-65c672f8cf1b","name":"Evolution API4","credentials":{"evolutionApi":{"id":"08ttur0tAMHqYQhL","name":"GLPI"}}},{"parameters":{"resource":"messages-api","operation":"send-image","instanceName":"GLPI","remoteJid":"5551998416987","media":"={{ $json.data1 }}","options_message":{}},"type":"n8n-nodes-evolution-api.evolutionApi","typeVersion":1,"position":[660,0],"id":"9fe4e979-4cba-43c3-a0bf-a0d1dab6d595","name":"Evolution API5","credentials":{"evolutionApi":{"id":"08ttur0tAMHqYQhL","name":"GLPI"}}},{"parameters":{"resource":"messages-api","operation":"send-image","instanceName":"GLPI","remoteJid":"5551998416987","media":"={{ $json.data1 }}","options_message":{}},"type":"n8n-nodes-evolution-api.evolutionApi","typeVersion":1,"position":[-60,200],"id":"6bbdb351-f25b-420a-a054-e3ec77e729d2","name":"Evolution API6","credentials":{"evolutionApi":{"id":"08ttur0tAMHqYQhL","name":"GLPI"}}},{"parameters":{"resource":"messages-api","operation":"send-image","instanceName":"GLPI","remoteJid":"5551998416987","media":"={{ $json.data1 }}","options_message":{}},"type":"n8n-nodes-evolution-api.evolutionApi","typeVersion":1,"position":[660,200],"id":"2b6be24b-ca1f-4036-a154-d45b27aa646f","name":"Evolution API7","credentials":{"evolutionApi":{"id":"08ttur0tAMHqYQhL","name":"GLPI"}}}],"connections":{"When clicking ‘Test workflow’":{"main":[[{"node":"Google Drive","type":"main","index":0}]]},"Google Drive":{"main":[[{"node":"Extract from File","type":"main","index":0}]]},"Google Drive1":{"main":[[{"node":"Extract from File1","type":"main","index":0}]]},"Extract from File":{"main":[[{"node":"Evolution API","type":"main","index":0}]]},"Extract from File1":{"main":[[{"node":"Evolution API2","type":"main","index":0}]]},"Google Drive2":{"main":[[{"node":"Extract from File2","type":"main","index":0}]]},"Extract from File2":{"main":[[{"node":"Evolution API1","type":"main","index":0}]]},"Google Drive3":{"main":[[{"node":"Extract from File3","type":"main","index":0}]]},"Extract from File3":{"main":[[{"node":"Evolution API3","type":"main","index":0}]]},"Extract from File4":{"main":[[{"node":"Evolution API7","type":"main","index":0}]]},"Google Drive5":{"main":[[{"node":"Extract from File4","type":"main","index":0}]]},"Extract from File5":{"main":[[{"node":"Evolution API6","type":"main","index":0}]]},"Google Drive6":{"main":[[{"node":"Extract from File6","type":"main","index":0}]]},"Google Drive7":{"main":[[{"node":"Extract from File7","type":"main","index":0}]]},"Extract from File7":{"main":[[{"node":"Evolution API5","type":"main","index":0}]]},"Google Drive8":{"main":[[{"node":"Extract from File5","type":"main","index":0}]]},"Evolution API":{"main":[[{"node":"Google Drive1","type":"main","index":0}]]},"Extract from File6":{"main":[[{"node":"Evolution API4","type":"main","index":0}]]},"Evolution API1":{"main":[[{"node":"Google Drive3","type":"main","index":0}]]},"Evolution API4":{"main":[[{"node":"Google Drive7","type":"main","index":0}]]},"Evolution API6":{"main":[[{"node":"Google Drive5","type":"main","index":0}]]},"Evolution API2":{"main":[[{"node":"Google Drive2","type":"main","index":0}]]},"Evolution API3":{"main":[[{"node":"Google Drive6","type":"main","index":0}]]},"Evolution API5":{"main":[[{"node":"Google Drive8","type":"main","index":0}]]}},"settings":{"executionOrder":"v1"},"staticData":null,"meta":{"templateCredsSetupCompleted":true},"pinData":{},"versionId":"beef1083-14ac-4c8a-8478-36d87e522645","triggerCount":0,"tags":[]}

