{"createdAt":"2025-04-03T22:20:50.145Z","updatedAt":"2025-04-13T07:14:00.456Z","id":"2vOBXtpE4wPGSjxz","name":"My workflow 5","active":false,"isArchived":false,"nodes":[{"parameters":{"content":"                                AGENT PRINCIPAL","height":580,"width":780},"type":"n8n-nodes-base.stickyNote","position":[-2520,-620],"typeVersion":1,"id":"bdccbf2a-92a2-4b6d-b007-0b3cb4b428b2","name":"Sticky Note"},{"parameters":{"options":{}},"type":"@n8n/n8n-nodes-langchain.chatTrigger","typeVersion":1.1,"position":[-2440,-500],"id":"156d2a84-862c-4b20-993b-9203b2411a0a","name":"When chat message received","webhookId":"7e6139cd-0980-49ac-9c07-10789f77f8fd"},{"parameters":{"options":{"systemMessage":"Vc é um assistente que direciona o usuário a outros agentes de atendimento.\nCaso o usuário queira comprar alguma coisa vc chama a tool \"VENDAS\"."}},"type":"@n8n/n8n-nodes-langchain.agent","typeVersion":1.8,"position":[-2200,-500],"id":"b8df6bbb-7261-4f36-981f-1a1627f10219","name":"AI Agent"},{"parameters":{"options":{}},"type":"@n8n/n8n-nodes-langchain.lmChatGroq","typeVersion":1,"position":[-2360,-260],"id":"acb87a2d-cd6e-47d3-8edc-afa5c33def1d","name":"Groq Chat Model","credentials":{"groqApi":{"id":"KXjg29ccvtGZYRMX","name":"Groq account"}}},{"parameters":{"sessionIdType":"customKey","sessionKey":"1","contextWindowLength":10},"type":"@n8n/n8n-nodes-langchain.memoryBufferWindow","typeVersion":1.3,"position":[-2140,-260],"id":"acad8a61-f63b-4354-b894-c362cbaed759","name":"Simple Memory"},{"parameters":{"options":{}},"type":"@n8n/n8n-nodes-langchain.agent","typeVersion":1.8,"position":[-720,-860],"id":"0c356834-2dee-4129-8004-5ee403c49ed6","name":"AI Agent1"},{"parameters":{"options":{}},"type":"@n8n/n8n-nodes-langchain.lmChatGroq","typeVersion":1,"position":[-1020,-520],"id":"c57d049b-29d5-431c-b881-2403a9223a34","name":"Groq Chat Model1","credentials":{"groqApi":{"id":"KXjg29ccvtGZYRMX","name":"Groq account"}}},{"parameters":{"sessionIdType":"customKey","sessionKey":"1"},"type":"@n8n/n8n-nodes-langchain.memoryBufferWindow","typeVersion":1.3,"position":[-640,-520],"id":"dcd24855-6cb5-43b3-84a6-65bf08648c43","name":"Simple Memory1"},{"parameters":{"toolDescription":"Chame está tool quando o cliente demostrar interesse em comprar alguma coisa.","url":"https://n8n.automatech.tech/webhook/8e7d2686-33cf-4d4f-bfb9-db1e6ba0909e","sendBody":true,"parametersBody":{"values":[{"name":"=sessionId","valueProvider":"fieldValue","value":"={{ $json.sessionId }}"},{"name":"=chatInput","valueProvider":"fieldValue","value":"={{ $json.chatInput }}"}]}},"type":"@n8n/n8n-nodes-langchain.toolHttpRequest","typeVersion":1.1,"position":[-1920,-260],"id":"e4796a03-ffa9-4fa0-a303-f5801c40e7f2","name":"VENDAS"},{"parameters":{"path":"8e7d2686-33cf-4d4f-bfb9-db1e6ba0909e","options":{}},"type":"n8n-nodes-base.webhook","typeVersion":2,"position":[-1180,-860],"id":"848ca859-fe71-4917-8489-45b54a3dfe84","name":"VENDAS1","webhookId":"8e7d2686-33cf-4d4f-bfb9-db1e6ba0909e"}],"connections":{"When chat message received":{"main":[[{"node":"AI Agent","type":"main","index":0}]]},"Groq Chat Model":{"ai_languageModel":[[{"node":"AI Agent","type":"ai_languageModel","index":0}]]},"Simple Memory":{"ai_memory":[[{"node":"AI Agent","type":"ai_memory","index":0}]]},"Groq Chat Model1":{"ai_languageModel":[[{"node":"AI Agent1","type":"ai_languageModel","index":0}]]},"Simple Memory1":{"ai_memory":[[{"node":"AI Agent1","type":"ai_memory","index":0}]]},"VENDAS":{"ai_tool":[[{"node":"AI Agent","type":"ai_tool","index":0}]]},"VENDAS1":{"main":[[{"node":"AI Agent1","type":"main","index":0}]]}},"settings":{"executionOrder":"v1"},"staticData":null,"meta":{"templateCredsSetupCompleted":true},"pinData":{},"versionId":"f2d9ae31-a1e3-4aca-8da3-e59d19c623b8","triggerCount":3,"tags":[]}

