{"createdAt":"2025-06-03T01:23:20.837Z","updatedAt":"2025-06-03T01:23:20.837Z","id":"vo8LOunTcfvMGU16","name":"Responder-Comentarios","active":false,"isArchived":false,"nodes":[{"parameters":{"workflowInputs":{"values":[{"name":"respIdComentario"},{"name":"textResposta"}]}},"type":"n8n-nodes-base.executeWorkflowTrigger","typeVersion":1.1,"position":[0,0],"id":"7d714a06-da6f-4dc3-a7c1-fa4df527cfa9","name":"When Executed by Another Workflow"},{"parameters":{"method":"POST","url":"=https://graph.instagram.com/v21.0/{{ $json.respIdComentario }}/replies ","sendBody":true,"bodyParameters":{"parameters":[{"name":"access_token","value":"=SUBSTITUA-ESSE-TEXTO-PELO-SEU-TOKEN"},{"name":"message","value":"={{ $json.textResposta }}"}]},"options":{}},"id":"c23fbdb0-ae74-465c-910c-2fdb2fb7e2e2","name":"Responde Comentário","type":"n8n-nodes-base.httpRequest","typeVersion":4.2,"position":[200,0]}],"connections":{"When Executed by Another Workflow":{"main":[[{"node":"Responde Comentário","type":"main","index":0}]]}},"settings":{"executionOrder":"v1"},"staticData":null,"meta":null,"pinData":{},"versionId":"1f1177e5-5146-43f8-bdfa-fa565b80c4b2","triggerCount":0,"tags":[]}

