{"createdAt":"2025-02-13T01:34:44.727Z","updatedAt":"2025-04-13T07:11:21.175Z","id":"ZrJiWHUGTfyEk1D4","name":"MANDA AGENDA PARA O USUARIO","active":false,"isArchived":false,"nodes":[{"parameters":{"operation":"getAll","calendar":{"__rl":true,"value":"secsau.3bsupr@gmail.com","mode":"list","cachedResultName":"BOTSAUDE"},"timeMax":"2025-03-31T17:00:16","options":{}},"type":"n8n-nodes-base.googleCalendar","typeVersion":1.3,"position":[340,0],"id":"3663f120-9451-42da-91f8-396d0650c2e1","name":"Google Calendar","credentials":{"googleCalendarOAuth2Api":{"id":"cp1eCU4Wzj3Ps6ia","name":"Google Calendar account"}}},{"parameters":{"rule":{"interval":[{"field":"minutes"}]}},"type":"n8n-nodes-base.scheduleTrigger","typeVersion":1.2,"position":[0,0],"id":"ea001ed6-57fe-403c-adf5-0d78d35a1826","name":"Schedule Trigger"},{"parameters":{"resource":"messages-api","instanceName":"consulta","remoteJid":"555196778975","messageText":"=Olá Vc tem os seguintes compromissos Agendados na sua agenda:\n\nTITULO:\n{{ $json.TITULO }}\n\nDATA E HORA\n{{ $json.DATA }}\n\nLINK\n{{ $json.LINK }}\n\nDESCRIÇÂO\n{{ $json.DESCRICAO }}","options_message":{}},"type":"n8n-nodes-evolution-api.evolutionApi","typeVersion":1,"position":[1380,0],"id":"d54ebb84-4d39-4e9e-a934-c7dcbfe379d9","name":"Evolution API","credentials":{"evolutionApi":{"id":"E6j2xTrNokWI8luk","name":"Evolution account"}}},{"parameters":{"assignments":{"assignments":[{"id":"9523c22a-fdec-4e06-9668-0ebcb3dd99a1","name":"TITULO","value":"={{ $('Google Calendar').item.json.summary }}","type":"string"},{"id":"3dd996a4-ef1b-44ca-be69-e2f796ccd5df","name":"DATA","value":"={{ $json.Datahora }}","type":"string"},{"id":"b1bb9b4e-fc65-49a9-8aa9-6336d924b9fc","name":"DESCRICAO","value":"={{ $('Google Calendar').item.json.description }}","type":"string"},{"id":"80bc3ea6-2822-48df-ac93-eeec12ac624e","name":"LINK","value":"={{ $('Google Calendar').item.json.htmlLink }}","type":"string"},{"id":"2138cc80-7a7b-4b53-95a8-83f72f661ffe","name":"HORARIO","value":"","type":"string"}]},"options":{}},"type":"n8n-nodes-base.set","typeVersion":3.4,"position":[1040,0],"id":"b04497ab-3aca-48d7-99b5-028905552ae8","name":"Edit Fields"},{"parameters":{"operation":"formatDate","date":"={{ $json.start.dateTime }}","format":"custom","customFormat":"dd-MM-yyyy    HH:mm:ss","outputFieldName":"=Datahora","options":{}},"type":"n8n-nodes-base.dateTime","typeVersion":2,"position":[740,0],"id":"637b4471-aa99-4c1a-997a-65d3be63ef90","name":"Date & Time1"}],"connections":{"Google Calendar":{"main":[[{"node":"Date & Time1","type":"main","index":0}]]},"Schedule Trigger":{"main":[[{"node":"Google Calendar","type":"main","index":0}]]},"Evolution API":{"main":[[]]},"Edit Fields":{"main":[[{"node":"Evolution API","type":"main","index":0}]]},"Date & Time1":{"main":[[{"node":"Edit Fields","type":"main","index":0}]]}},"settings":{"executionOrder":"v1","callerPolicy":"workflowsFromSameOwner"},"staticData":null,"meta":{"templateCredsSetupCompleted":true},"pinData":{},"versionId":"97237d86-2565-476e-bd41-f77b2d0429db","triggerCount":0,"tags":[]}

