{"createdAt":"2025-04-24T19:33:39.982Z","updatedAt":"2025-05-17T13:18:57.937Z","id":"qNbtzFxrZvX5dezC","name":"MCP_SERVER_GOOGLE_SHEETS_FLORICULTURA","active":false,"isArchived":false,"nodes":[{"parameters":{"path":"estoque"},"type":"@n8n/n8n-nodes-langchain.mcpTrigger","typeVersion":1,"position":[240,100],"id":"e7ecbf90-bc12-443f-8087-845224df9272","name":"MCP Server Trigger","webhookId":"2c46ec59-7aa0-4c53-b481-460dbebe4f3f"},{"parameters":{"content":"                                   SERVIDOR MCP PARA CLINICA DE ONDONTOLOGIA","height":80,"width":800},"type":"n8n-nodes-base.stickyNote","position":[20,0],"typeVersion":1,"id":"5abf5714-a524-4fc3-82b7-605ffb7cb115","name":"Sticky Note"},{"parameters":{"documentId":{"__rl":true,"value":"19_iDJIRNjqtTWtaiiEIQRkX9JMA1CSChkP-A9zzOHws","mode":"list","cachedResultName":"Estoque_Floricultura","cachedResultUrl":"https://docs.google.com/spreadsheets/d/19_iDJIRNjqtTWtaiiEIQRkX9JMA1CSChkP-A9zzOHws/edit?usp=drivesdk"},"sheetName":{"__rl":true,"value":"gid=0","mode":"list","cachedResultName":"Página1","cachedResultUrl":"https://docs.google.com/spreadsheets/d/19_iDJIRNjqtTWtaiiEIQRkX9JMA1CSChkP-A9zzOHws/edit#gid=0"},"options":{}},"type":"n8n-nodes-base.googleSheetsTool","typeVersion":4.5,"position":[40,360],"id":"c42c0a7c-55e5-4cfb-a349-6d648f3af4fb","name":"Get Rows","credentials":{"googleSheetsOAuth2Api":{"id":"sFtSa2h1fvmHuTqX","name":"rolimvictorhugo@gmail.com"}}},{"parameters":{"operation":"update","documentId":{"__rl":true,"value":"19_iDJIRNjqtTWtaiiEIQRkX9JMA1CSChkP-A9zzOHws","mode":"list","cachedResultName":"Estoque_Floricultura","cachedResultUrl":"https://docs.google.com/spreadsheets/d/19_iDJIRNjqtTWtaiiEIQRkX9JMA1CSChkP-A9zzOHws/edit?usp=drivesdk"},"sheetName":{"__rl":true,"value":"gid=0","mode":"list","cachedResultName":"Página1","cachedResultUrl":"https://docs.google.com/spreadsheets/d/19_iDJIRNjqtTWtaiiEIQRkX9JMA1CSChkP-A9zzOHws/edit#gid=0"},"columns":{"mappingMode":"defineBelow","value":{"row_number":"={{ /*n8n-auto-generated-fromAI-override*/ $fromAI('row_number__using_to_match_', ``, 'string') }}","Produto":"={{ /*n8n-auto-generated-fromAI-override*/ $fromAI('Produto', ``, 'string') }}","ID":"={{ /*n8n-auto-generated-fromAI-override*/ $fromAI('ID', ``, 'string') }}","Quantidade":"={{ /*n8n-auto-generated-fromAI-override*/ $fromAI('Quantidade', ``, 'string') }}","Preço Unitário":"={{ /*n8n-auto-generated-fromAI-override*/ $fromAI('Pre_o_Unit_rio', ``, 'string') }}","Data de Entrada":"={{ /*n8n-auto-generated-fromAI-override*/ $fromAI('Data_de_Entrada', ``, 'string') }}","Última Atualização":"={{ /*n8n-auto-generated-fromAI-override*/ $fromAI('_ltima_Atualiza__o', ``, 'string') }}"},"matchingColumns":["Produto"],"schema":[{"id":"ID","displayName":"ID","required":false,"defaultMatch":false,"display":true,"type":"string","canBeUsedToMatch":true,"removed":false},{"id":"Produto","displayName":"Produto","required":false,"defaultMatch":false,"display":true,"type":"string","canBeUsedToMatch":true,"removed":false},{"id":"Quantidade","displayName":"Quantidade","required":false,"defaultMatch":false,"display":true,"type":"string","canBeUsedToMatch":true,"removed":false},{"id":"Preço Unitário","displayName":"Preço Unitário","required":false,"defaultMatch":false,"display":true,"type":"string","canBeUsedToMatch":true,"removed":false},{"id":"Data de Entrada","displayName":"Data de Entrada","required":false,"defaultMatch":false,"display":true,"type":"string","canBeUsedToMatch":true,"removed":false},{"id":"Última Atualização","displayName":"Última Atualização","required":false,"defaultMatch":false,"display":true,"type":"string","canBeUsedToMatch":true,"removed":false},{"id":"row_number","displayName":"row_number","required":false,"defaultMatch":false,"display":true,"type":"string","canBeUsedToMatch":true,"readOnly":true,"removed":false}],"attemptToConvertTypes":false,"convertFieldsToString":false},"options":{}},"type":"n8n-nodes-base.googleSheetsTool","typeVersion":4.5,"position":[180,360],"id":"c16c6212-0171-4520-b9c6-624143c1ed74","name":"Update Row","credentials":{"googleSheetsOAuth2Api":{"id":"sFtSa2h1fvmHuTqX","name":"rolimvictorhugo@gmail.com"}}},{"parameters":{"operation":"appendOrUpdate","documentId":{"__rl":true,"value":"19_iDJIRNjqtTWtaiiEIQRkX9JMA1CSChkP-A9zzOHws","mode":"list","cachedResultName":"Estoque_Floricultura","cachedResultUrl":"https://docs.google.com/spreadsheets/d/19_iDJIRNjqtTWtaiiEIQRkX9JMA1CSChkP-A9zzOHws/edit?usp=drivesdk"},"sheetName":{"__rl":true,"value":"gid=0","mode":"list","cachedResultName":"Página1","cachedResultUrl":"https://docs.google.com/spreadsheets/d/1EnAx0YzO_fJ3FNN35K5e10NuP_tTE2k9BBZDceSv0Xk/edit#gid=0"},"columns":{"mappingMode":"defineBelow","value":{"Produto":"={{ /*n8n-auto-generated-fromAI-override*/ $fromAI('Produto', ``, 'string') }}","ID":"={{ /*n8n-auto-generated-fromAI-override*/ $fromAI('ID', ``, 'string') }}","Quantidade":"={{ /*n8n-auto-generated-fromAI-override*/ $fromAI('Quantidade', ``, 'string') }}","Preço Unitário":"={{ /*n8n-auto-generated-fromAI-override*/ $fromAI('Pre_o_Unit_rio', ``, 'string') }}","Data de Entrada":"={{ /*n8n-auto-generated-fromAI-override*/ $fromAI('Data_de_Entrada', ``, 'string') }}","Última Atualização":"={{ /*n8n-auto-generated-fromAI-override*/ $fromAI('_ltima_Atualiza__o', ``, 'string') }}"},"matchingColumns":["Quantidade"],"schema":[{"id":"ID","displayName":"ID","required":false,"defaultMatch":false,"display":true,"type":"string","canBeUsedToMatch":true,"removed":false},{"id":"Produto","displayName":"Produto","required":false,"defaultMatch":false,"display":true,"type":"string","canBeUsedToMatch":true,"removed":false},{"id":"Quantidade","displayName":"Quantidade","required":false,"defaultMatch":false,"display":true,"type":"string","canBeUsedToMatch":true,"removed":false},{"id":"Preço Unitário","displayName":"Preço Unitário","required":false,"defaultMatch":false,"display":true,"type":"string","canBeUsedToMatch":true,"removed":false},{"id":"Data de Entrada","displayName":"Data de Entrada","required":false,"defaultMatch":false,"display":true,"type":"string","canBeUsedToMatch":true,"removed":false},{"id":"Última Atualização","displayName":"Última Atualização","required":false,"defaultMatch":false,"display":true,"type":"string","canBeUsedToMatch":true,"removed":false}],"attemptToConvertTypes":false,"convertFieldsToString":false},"options":{}},"type":"n8n-nodes-base.googleSheetsTool","typeVersion":4.5,"position":[340,360],"id":"baf30389-1774-42a0-bee7-3b3285287e34","name":"Append or Update Row","credentials":{"googleSheetsOAuth2Api":{"id":"sFtSa2h1fvmHuTqX","name":"rolimvictorhugo@gmail.com"}}},{"parameters":{"operation":"append","documentId":{"__rl":true,"value":"19_iDJIRNjqtTWtaiiEIQRkX9JMA1CSChkP-A9zzOHws","mode":"list","cachedResultName":"Catalogo_Floricultura","cachedResultUrl":"https://docs.google.com/spreadsheets/d/19_iDJIRNjqtTWtaiiEIQRkX9JMA1CSChkP-A9zzOHws/edit?usp=drivesdk"},"sheetName":{"__rl":true,"value":"gid=0","mode":"list","cachedResultName":"Página1","cachedResultUrl":"https://docs.google.com/spreadsheets/d/1EnAx0YzO_fJ3FNN35K5e10NuP_tTE2k9BBZDceSv0Xk/edit#gid=0"},"columns":{"mappingMode":"defineBelow","value":{"Produto":"={{ /*n8n-auto-generated-fromAI-override*/ $fromAI('Produto', ``, 'string') }}","ID":"={{ /*n8n-auto-generated-fromAI-override*/ $fromAI('ID', ``, 'string') }}","Quantidade":"={{ /*n8n-auto-generated-fromAI-override*/ $fromAI('Quantidade', ``, 'string') }}","Preço Unitário":"={{ /*n8n-auto-generated-fromAI-override*/ $fromAI('Pre_o_Unit_rio', ``, 'string') }}","Data de Entrada":"={{ /*n8n-auto-generated-fromAI-override*/ $fromAI('Data_de_Entrada', ``, 'string') }}","Última Atualização":"={{ /*n8n-auto-generated-fromAI-override*/ $fromAI('_ltima_Atualiza__o', ``, 'string') }}"},"matchingColumns":["Nome do Produto"],"schema":[{"id":"ID","displayName":"ID","required":false,"defaultMatch":false,"display":true,"type":"string","canBeUsedToMatch":true,"removed":false},{"id":"Produto","displayName":"Produto","required":false,"defaultMatch":false,"display":true,"type":"string","canBeUsedToMatch":true,"removed":false},{"id":"Quantidade","displayName":"Quantidade","required":false,"defaultMatch":false,"display":true,"type":"string","canBeUsedToMatch":true,"removed":false},{"id":"Preço Unitário","displayName":"Preço Unitário","required":false,"defaultMatch":false,"display":true,"type":"string","canBeUsedToMatch":true,"removed":false},{"id":"Data de Entrada","displayName":"Data de Entrada","required":false,"defaultMatch":false,"display":true,"type":"string","canBeUsedToMatch":true,"removed":false},{"id":"Última Atualização","displayName":"Última Atualização","required":false,"defaultMatch":false,"display":true,"type":"string","canBeUsedToMatch":true,"removed":false}],"attemptToConvertTypes":false,"convertFieldsToString":false},"options":{}},"type":"n8n-nodes-base.googleSheetsTool","typeVersion":4.5,"position":[500,360],"id":"f2321b5c-1e8a-4ebc-bda5-87db4d5ffe2f","name":"Append Row","credentials":{"googleSheetsOAuth2Api":{"id":"sFtSa2h1fvmHuTqX","name":"rolimvictorhugo@gmail.com"}}}],"connections":{"Get Rows":{"ai_tool":[[{"node":"MCP Server Trigger","type":"ai_tool","index":0}]]},"Update Row":{"ai_tool":[[{"node":"MCP Server Trigger","type":"ai_tool","index":0}]]},"Append or Update Row":{"ai_tool":[[{"node":"MCP Server Trigger","type":"ai_tool","index":0}]]},"Append Row":{"ai_tool":[[{"node":"MCP Server Trigger","type":"ai_tool","index":0}]]}},"settings":{"executionOrder":"v1"},"staticData":null,"meta":{"templateCredsSetupCompleted":true},"pinData":{},"versionId":"e4c86b27-1b2f-4748-98f7-60bdcc40e2af","triggerCount":1,"tags":[]}

