{"createdAt":"2025-05-02T05:28:32.115Z","updatedAt":"2025-06-03T17:05:24.893Z","id":"cQwuTDvLi5nH2n91","name":"PAGAMENTO STRIPE","active":false,"isArchived":false,"nodes":[{"parameters":{"workflowInputs":{"values":[{"name":"price"},{"name":"title"},{"name":"nome "},{"name":"Telefone"},{"name":"Produto"},{"name":"Endereço"},{"name":"Data da Retirada"},{"name":"Horario da Retirada"},{"name":"TIPO"},{"name":"Quantidade"}]}},"id":"c055762a-8fe7-4141-a639-df2372f30060","typeVersion":1.1,"name":"When Executed by Another Workflow","type":"n8n-nodes-base.executeWorkflowTrigger","position":[220,-40]},{"parameters":{"respondWith":"redirect","redirectURL":"={{ $json.init_point }}","options":{}},"id":"60331be0-1180-4313-9fd0-2bcf19038ecd","name":"Respond to Webhook","type":"n8n-nodes-base.respondToWebhook","position":[1080,-40],"typeVersion":1},{"parameters":{"jsCode":"// Pega os dados que chegam do agente ou da planilha\nconst dados = $input.item.json;\n\n// Telefone formatado só com números\nconst telefone = (dados.Telefone || \"00000000000\").replace(/\\D/g, \"\");\n\n// Nome do pagador (cliente)\nconst nome = dados[\"nome\"]?.trim() || \"Cliente\";\n\n// Produto e preço\nconst titulo = dados[\"title\"] || dados[\"Produto\"] || \"Produto não identificado\";\nconst preco = parseFloat(dados[\"price\"]) || 1;\n\n// Dados extras (metadata)\nconst tipo = dados[\"TIPO\"] || \"Desconhecido\";\nconst endereco = dados[\"Endereço\"] || \"Sem endereço\";\nconst data = dados[\"Data da Retirada\"] || \"Sem data\";\nconst horario = dados[\"Horario da Retirada\"] || \"Sem horário\";\n\n// Email do vendedor (collector) — deve ser o seu email Mercado Pago cadastrado, ou um fixo que você saiba\n// **IMPORTANTE: substitua esse valor pelo seu email real do vendedor no Mercado Pago**\nconst emailVendedor = \"seu-email-mercadopago@exemplo.com\";\n\n// Email do pagador — garantido que não seja igual ao do vendedor\n// Aqui criamos um email fake baseado no telefone que nunca será igual ao email do vendedor\nlet emailPagador = `cliente_${telefone}@cliente.com`;\n\n// Caso seu email de vendedor siga o padrão cliente_<telefone>@cliente.com, faça uma checagem extra\nif(emailPagador.toLowerCase() === emailVendedor.toLowerCase()) {\n  // Adiciona um sufixo para garantir exclusividade\n  emailPagador = `cliente_${telefone}_1@cliente.com`;\n}\n\n// Monta o body para Mercado Pago\nreturn {\n  json: {\n    items: [\n      {\n        title: titulo,\n        quantity: 1,\n        unit_price: preco\n      }\n    ],\n    payer: {\n      name: nome,\n      email: emailPagador,\n    },\n    back_urls: {\n      success: \"https://sua-loja.com/sucesso\",\n      failure: \"https://sua-loja.com/erro\",\n      pending: \"https://sua-loja.com/pendente\"\n    },\n    auto_return: \"approved\",\n    external_reference: telefone + \"@s.whatsapp.net\",\n    metadata: {\n      tipo,\n      endereco,\n      data,\n      horario\n    }\n  }\n};\n"},"type":"n8n-nodes-base.code","typeVersion":2,"position":[540,-40],"id":"f0c0ada0-3f6d-4611-9a0a-2595e784ec8a","name":"Code"},{"parameters":{"method":"POST","url":"https://api.mercadopago.com/checkout/preferences","sendHeaders":true,"headerParameters":{"parameters":[{"name":"Authorization","value":"Bearer [REDACTED]"}]},"sendBody":true,"specifyBody":"json","jsonBody":"={\n  \"items\": [\n    {\n      \"title\": \"Buquê especial de rosas\",\n      \"quantity\": 1,\n      \"unit_price\": 120\n    }\n  ],\n  \"payer\": {\n    \"name\": \"TESTUSER291193952\",\n    \"email\": \"test_user_291193952@testuser.com\"\n  },\n  \"back_urls\": {\n    \"success\": \"https://sua-loja.com/sucesso\",\n    \"failure\": \"https://sua-loja.com/erro\",\n    \"pending\": \"https://sua-loja.com/pendente\"\n  },\n  \"auto_return\": \"approved\",\n  \"external_reference\": \"Teleentrega\",\n  \"metadata\": {\n    \"tipo\": \"Teleentrega\",\n    \"endereco\": \"rua domiciano nunes 396\",\n    \"data\": \"20/05/2025\",\n    \"horario\": \"12:00\"\n  }\n}\n","options":{}},"id":"1c9c61eb-beab-4578-bd16-f72cbde8ed5a","name":"Create link cartão","type":"n8n-nodes-base.httpRequest","position":[800,-40],"typeVersion":4.1,"alwaysOutputData":true}],"connections":{"When Executed by Another Workflow":{"main":[[]]},"Code":{"main":[[]]},"Respond to Webhook":{"main":[[]]},"Create link cartão":{"main":[[]]}},"settings":{"executionOrder":"v1"},"staticData":null,"meta":{"templateCredsSetupCompleted":true},"pinData":{"When Executed by Another Workflow":[{"json":{"price":"120","title":"Buquê especial de rosas","nome ":"Edimilson","Telefone":"555196407782@s.whatsapp.net","Produto":null,"Endereço":"rua domiciano nunes 396","Data da Retirada":"20/05/2025","Horario da Retirada":"12:00","TIPO":"Teleentrega"}}]},"versionId":"b005e2cc-c81a-4115-93b7-ae02aec84aaf","triggerCount":0,"tags":[]}

