{"createdAt":"2025-04-02T00:00:28.297Z","updatedAt":"2025-06-10T17:46:41.329Z","id":"wt6lEeaDPTldkqU4","name":"ENVIA AGENDAMENTO 1 HORA ANTES DO COMPROMISSO CASA","active":false,"isArchived":false,"nodes":[],"connections":{},"settings":{"executionOrder":"v1"},"staticData":{"node:Schedule Trigger":{"recurrenceRules":[]}},"meta":{"templateCredsSetupCompleted":true},"pinData":{},"versionId":"a9909f81-e024-47e2-be29-85168ee83fab","triggerCount":1,"tags":[{"createdAt":"2025-04-18T04:29:01.436Z","updatedAt":"2025-04-18T04:29:01.436Z","id":"O8dsWJpFE2QmJmpS","name":"EM PRODUÇÂO"}]}

