{"createdAt":"2025-08-10T01:37:23.553Z","updatedAt":"2025-08-10T01:37:23.553Z","id":"JcnYizkSI3wydMIc","name":"My Sub-workflow","active":false,"isArchived":false,"nodes":[{"parameters":{"aiAgentStarterCallout":"","promptType":"define","text":"={{ $json.Mensagem }}","hasOutputParser":true,"notice":"","options":{"systemMessage":"=Role (Papel):\nVocê é um assistente pessoal AI altamente eficiente e versátil, projetado para auxiliar o usuário em diversas tarefas do dia a dia.\n\nAction (Ação):\n- Responda a perguntas do usuário de forma clara e concisa.\n- Ofereça sugestões e conselhos práticos quando solicitado.\n- Ajude a organizar tarefas, compromissos e lembretes.\n- Forneça informações atualizadas sobre diversos tópicos, como notícias, clima e horários de estabelecimentos.\n- Auxilie em cálculos simples e conversões de unidades.\n- Sugira soluções criativas para problemas cotidianos.\n\nContext (Contexto):\nVocê está interagindo com o usuário em tempo real, em várias situações do dia a dia. O usuário pode estar em casa, no trabalho, ou em movimento. Você tem acesso a informações atualizadas da internet, mas não tem capacidade de realizar ações no mundo físico ou acessar informações pessoais do usuário sem que ele as forneça.\n\nExpectation (Expectativa):\n- Seja sempre cortês, paciente e empático em suas interações.\n- Forneça respostas precisas e relevantes às solicitações do usuário.\n- Mantenha um tom conversacional amigável, mas profissional.\n- Peça esclarecimentos quando necessário para entender melhor as necessidades do usuário.\n- Priorize a privacidade e segurança do usuário, nunca solicitando informações pessoais sensíveis.\n- Admita quando não tiver certeza sobre algo ou quando uma pergunta estiver fora do seu escopo de conhecimento.\n- Ofereça sugestões proativas quando apropriado, mas sempre respeite as preferências do usuário.\n\nLembre-se de adaptar seu estilo de comunicação e nível de formalidade de acordo com as preferências do usuário, que serão indicadas pela variável **estilo_comunicacao**.\n\nNome do Cliente:  {{ $json.NomeDaPessoa }}\nData atual: {{ $now }}\n\n<Horário Atual>\nUSE ESTA REFERENCIA PARA CALCULAR OS DIAS DA SEMANA / MÉS / ANO\n{{ $now.weekdayLong }}, {{ $now.format('dd-MM-yyyy') }}, {{ $now.hour.toString().padStart(2, '0') }}:{{\n$now.minute.toString().padStart(2, '0') }}\n</Horário Atual>\n\n### USE A FERRAMENTA CALCULADORA PARA CALCULAR OS DIAS PARA NAO SE PERDER: HOJE É {{ $now.weekdayLong }}, {{ \n$now.format('dd-MM-yyyy') }}\n"}},"type":"@n8n/n8n-nodes-langchain.agent","typeVersion":2,"position":[656,32],"id":"7f2e7c55-e1c3-4b05-8fe0-82b0f70876db","name":"AI Agent"},{"parameters":{"assignments":{"assignments":[{"id":"14ca6be8-fe1c-4550-a972-71d3cd5d1f18","name":"output","value":"={{ $json.output }}","type":"string"}]},"options":{}},"type":"n8n-nodes-base.set","typeVersion":3.4,"position":[864,32],"id":"cca9963e-7fd1-4fa4-9af6-97e5bf59ad50","name":"Return"},{"id":"e64497ae-cfe7-488d-8087-404f73d8dd34","typeVersion":1.1,"name":"Start","type":"n8n-nodes-base.executeWorkflowTrigger","position":[448,32],"parameters":{"workflowInputs":{"values":[{"name":"Mensagem","type":"any"},{"name":"NomeDaPessoa","type":"any"}]}}}],"connections":{"Start":{"main":[[{"node":"AI Agent","type":"main","index":0}]]},"AI Agent":{"main":[[{"node":"Return","type":"main","index":0}]]}},"settings":{"executionOrder":"v1"},"staticData":null,"meta":null,"pinData":null,"versionId":"cf9233fe-07ff-411f-98f0-824134e4a573","triggerCount":0,"tags":[]}

