{"createdAt":"2025-05-21T13:43:46.939Z","updatedAt":"2025-05-22T01:36:08.734Z","id":"8zPb8QaRoDJ9IvVb","name":"My workflow 20","active":false,"isArchived":false,"nodes":[{"parameters":{"options":{}},"type":"@n8n/n8n-nodes-langchain.chatTrigger","typeVersion":1.1,"position":[0,0],"id":"0c7a761e-7b56-4f46-90c0-0c63891d2ab9","name":"When chat message received","webhookId":"c5bc4951-ba25-47aa-82ee-29bf2da98cfb"},{"parameters":{"resource":"spreadsheet","title":"n8n-teste","sheetsUi":{"sheetValues":[{}]},"options":{}},"type":"n8n-nodes-base.googleSheets","typeVersion":4.5,"position":[260,0],"id":"433a0363-8c9d-4389-a090-b8a5f77b00cd","name":"Google Sheets","credentials":{"googleSheetsOAuth2Api":{"id":"kImJQMR6mcmiYEc3","name":"Google Sheets"}}},{"parameters":{"operation":"createFromText","driveId":{"__rl":true,"mode":"list","value":"My Drive"},"folderId":{"__rl":true,"mode":"list","value":"root","cachedResultName":"/ (Root folder)"},"options":{"useContentAsIndexableText":false}},"type":"n8n-nodes-base.googleDrive","typeVersion":3,"position":[480,0],"id":"59396dee-cb42-4a19-859e-e1b058baeace","name":"Google Drive","credentials":{"googleDriveOAuth2Api":{"id":"c5zvjzOAAjA0lBH7","name":"Google Drive"}}},{"parameters":{"sendTo":"cmerandoloina@gmail.com","subject":"Ola boa noite","emailType":"text","message":"Ola tetse n8n","options":{}},"type":"n8n-nodes-base.gmail","typeVersion":2.1,"position":[700,0],"id":"e8f1ce3a-ee74-481c-a03c-754dfe10d9a0","name":"Gmail","webhookId":"64ee6c9f-2471-450b-9f97-3a34bbfef592","credentials":{"gmailOAuth2":{"id":"JmlNSluCq4Ho3o73","name":"Gmail"}}},{"parameters":{"options":{}},"type":"@n8n/n8n-nodes-langchain.agent","typeVersion":1.9,"position":[920,0],"id":"6597db9b-fbcf-47b1-8644-97964425d612","name":"AI Agent"},{"parameters":{"options":{}},"type":"@n8n/n8n-nodes-langchain.lmChatDeepSeek","typeVersion":1,"position":[860,200],"id":"00a29a42-7e84-42e9-91c1-4dc2b0e9e98a","name":"DeepSeek Chat Model"}],"connections":{"When chat message received":{"main":[[{"node":"Google Sheets","type":"main","index":0}]]},"Google Sheets":{"main":[[{"node":"Google Drive","type":"main","index":0}]]},"Google Drive":{"main":[[{"node":"Gmail","type":"main","index":0}]]},"Gmail":{"main":[[{"node":"AI Agent","type":"main","index":0}]]},"DeepSeek Chat Model":{"ai_languageModel":[[{"node":"AI Agent","type":"ai_languageModel","index":0}]]}},"settings":{"executionOrder":"v1"},"staticData":null,"meta":null,"pinData":{},"versionId":"57358a43-e4ee-47ee-90c9-7a79681c28a5","triggerCount":0,"tags":[]}

