{"createdAt":"2025-06-27T20:39:20.282Z","updatedAt":"2025-07-16T02:31:30.471Z","id":"NGU31qZuMN8p29jo","name":"My workflow 39","active":false,"isArchived":true,"nodes":[{"parameters":{"conditions":{"string":[{"value1":"={{ $json[\"text\"] }}","value2":"true"}]}},"id":"7dbb14cd-7b80-40f6-81b1-3c8f82e93c9b","name":"Is matched","type":"n8n-nodes-base.if","position":[2820,1380],"typeVersion":1},{"parameters":{},"id":"7733e1cc-f34a-4fb3-9f3a-a3b9aa5bb8f2","name":"This is a matched PDF","type":"n8n-nodes-base.noOp","position":[3040,1280],"typeVersion":1},{"parameters":{},"id":"7b45c8dc-447d-46a8-8a1c-79bcc3073eec","name":"This is not a matched PDF","type":"n8n-nodes-base.noOp","position":[3040,1480],"typeVersion":1},{"parameters":{"mode":"combine","combinationMode":"mergeByPosition","options":{"clashHandling":{"values":{"resolveClash":"preferInput1"}}}},"id":"50c8344b-ad3c-4580-91a6-071402c629ae","name":"Merge","type":"n8n-nodes-base.merge","position":[2600,1380],"typeVersion":2},{"parameters":{"binaryData":true,"name":"={{ $binary.data.fileName }}","parents":["={{ $('Configure').first().json[\"Google Drive folder to upload matched PDFs\"].split(\"/\").at(-1) }}"],"options":{}},"id":"4fa69648-900f-47c7-90d7-d3c601b4b17b","name":"Upload file to folder","type":"n8n-nodes-base.googleDrive","position":[3260,1280],"typeVersion":2},{"parameters":{},"id":"c058324e-f517-4915-b122-a9e496e9c36e","name":"Ignore large PDFs","type":"n8n-nodes-base.noOp","position":[2400,1520],"typeVersion":1},{"parameters":{"conditions":{"boolean":[{"value1":"={{ $json.text.length() / 4 <= $('Configure').first().json.maxTokenSize - $('Configure').first().json.replyTokenSize }}","value2":true}]}},"id":"ded92eae-214d-4cfb-a392-643233d58e47","name":"Is text within token limit?","type":"n8n-nodes-base.if","position":[2180,1420],"typeVersion":1}],"connections":{"Merge":{"main":[[{"node":"Is matched","type":"main","index":0}]]},"Is matched":{"main":[[{"node":"This is a matched PDF","type":"main","index":0}],[{"node":"This is not a matched PDF","type":"main","index":0}]]},"This is a matched PDF":{"main":[[{"node":"Upload file to folder","type":"main","index":0}]]},"Is text within token limit?":{"main":[[{"node":"Merge","type":"main","index":1}],[{"node":"Ignore large PDFs","type":"main","index":0}]]}},"settings":{"executionOrder":"v1"},"staticData":null,"meta":{"templateCredsSetupCompleted":true},"pinData":{},"versionId":"32e0f44c-bf61-4195-9ba1-8a08f62917b6","triggerCount":0,"tags":[]}

