{"createdAt":"2025-05-03T03:54:45.785Z","updatedAt":"2025-07-18T03:05:22.658Z","id":"sPZieCErOaLxpLOy","name":"Agendamento e retirada de produtos","active":false,"isArchived":true,"nodes":[{"parameters":{"workflowInputs":{"values":[{"name":"Nome"},{"name":"Telefone"},{"name":"Endereço"},{"name":"data "},{"name":"hora"},{"name":"pedido"}]}},"id":"c055762a-8fe7-4141-a639-df2372f30060","typeVersion":1.1,"name":"When Executed by Another Workflow","type":"n8n-nodes-base.executeWorkflowTrigger","position":[-660,60]},{"parameters":{"operation":"append","documentId":{"__rl":true,"value":"1TROXFCxgg5ehtDnryeaE2_nRv7OfUz172UN2gAImk_w","mode":"list","cachedResultName":"Clientes_Retirada","cachedResultUrl":"https://docs.google.com/spreadsheets/d/1TROXFCxgg5ehtDnryeaE2_nRv7OfUz172UN2gAImk_w/edit?usp=drivesdk"},"sheetName":{"__rl":true,"value":"gid=0","mode":"list","cachedResultName":"Página1","cachedResultUrl":"https://docs.google.com/spreadsheets/d/1TROXFCxgg5ehtDnryeaE2_nRv7OfUz172UN2gAImk_w/edit#gid=0"},"columns":{"mappingMode":"defineBelow","value":{"Nome ":"={{ $json.Nome }}","Telefone ":"={{ $json.Telefone }}","Produto":"={{ $json.pedido }}","Endereço":"={{ $json[\"Endereço\"] }}","Data da Retirada":"={{ $json[\"data \"] }}"},"matchingColumns":["Nome "],"schema":[{"id":"Nome ","displayName":"Nome ","required":false,"defaultMatch":false,"display":true,"type":"string","canBeUsedToMatch":true,"removed":false},{"id":"Produto","displayName":"Produto","required":false,"defaultMatch":false,"display":true,"type":"string","canBeUsedToMatch":true},{"id":"Telefone ","displayName":"Telefone ","required":false,"defaultMatch":false,"display":true,"type":"string","canBeUsedToMatch":true},{"id":"Endereço","displayName":"Endereço","required":false,"defaultMatch":false,"display":true,"type":"string","canBeUsedToMatch":true},{"id":"Data da Retirada","displayName":"Data da Retirada","required":false,"defaultMatch":false,"display":true,"type":"string","canBeUsedToMatch":true},{"id":"Horario da Retirada ","displayName":"Horario da Retirada ","required":false,"defaultMatch":false,"display":true,"type":"string","canBeUsedToMatch":true,"removed":true},{"id":"ID do Evento","displayName":"ID do Evento","required":false,"defaultMatch":false,"display":true,"type":"string","canBeUsedToMatch":true,"removed":true},{"id":"Link de pagamento ","displayName":"Link de pagamento ","required":false,"defaultMatch":false,"display":true,"type":"string","canBeUsedToMatch":true,"removed":true}],"attemptToConvertTypes":false,"convertFieldsToString":false},"options":{}},"type":"n8n-nodes-base.googleSheets","typeVersion":4.5,"position":[-400,60],"id":"bbe352ed-c4af-4b12-a324-e2f761295b76","name":"Google Sheets","credentials":{"googleSheetsOAuth2Api":{"id":"sFtSa2h1fvmHuTqX","name":"rolimvictorhugo@gmail.com"}}}],"connections":{"When Executed by Another Workflow":{"main":[[{"node":"Google Sheets","type":"main","index":0}]]}},"settings":{"executionOrder":"v1"},"staticData":null,"meta":{"templateCredsSetupCompleted":true},"pinData":{},"versionId":"23c6ab0a-17eb-4cad-80e3-b41d8b9b5f92","triggerCount":0,"tags":[]}

