{"createdAt":"2025-07-18T03:51:33.847Z","updatedAt":"2025-07-26T22:19:18.388Z","id":"aOe9RznhyHaZ9ZAB","name":"Extrator Pró","active":false,"isArchived":false,"nodes":[{"parameters":{"jsCode":"// items[0].json.body é o array do Webhook\nconst empresas = items[0].json.body || [];\n\nreturn empresas.map(emp => {\n  // 1) remove tudo que não for dígito\n  const apenasDigitos = emp.telefone.replace(/\\D/g, '');\n  // 2) garante que comece com 55\n  const comPais = apenasDigitos.startsWith('55')\n    ? apenasDigitos\n    : `55${apenasDigitos}`;\n  // 3) monta o JID do WhatsApp\n  const whatsappJid = `${comPais}@s.whatsapp.net`;\n\n  return {\n    json: {\n      nome_empresa:   emp.nome_empresa,\n      telefone:       whatsappJid,      // já no formato pedido\n      endereco:       emp.endereco,\n      website:        emp.website,\n      rating:         emp.rating,\n      reviews:        emp.reviews,\n      especialidades: emp.especialidades,\n    }\n  };\n});\n"},"type":"n8n-nodes-base.code","typeVersion":2,"position":[512,240],"id":"19636349-48c9-4bf9-9575-915c00de6dc2","name":"Code"},{"parameters":{"content":"## Extrator Evolua Pró","height":440,"width":920,"color":4},"type":"n8n-nodes-base.stickyNote","typeVersion":1,"position":[96,48],"id":"7909f752-fe99-4cdb-ad0e-9ff0bda3af86","name":"Sticky Note"},{"parameters":{"content":"# ABASTECIMENTO Extrator Pró","height":80,"width":600,"color":6},"type":"n8n-nodes-base.stickyNote","position":[112,48],"typeVersion":1,"id":"83d31fff-04fd-4ead-b78e-800e40761977","name":"Sticky Note10"},{"parameters":{"conditions":{"options":{"caseSensitive":true,"leftValue":"","typeValidation":"strict","version":2},"conditions":[{"id":"6f6f7aca-1b14-4e47-b1bd-7015ecb7a610","leftValue":"={{ $json.Email }}","rightValue":"null","operator":{"type":"string","operation":"notExists","singleValue":true}},{"id":"023561af-3f3d-4990-98af-60db8be5ab84","leftValue":"={{ $json.Telefone }}","rightValue":"","operator":{"type":"string","operation":"exists","singleValue":true}},{"id":"e3ef5f3f-75b9-417a-82b8-556d7a3bdc7b","leftValue":"={{ $json.Email }}","rightValue":"sem_html","operator":{"type":"string","operation":"notEquals"}},{"id":"6d1a827b-55c2-43f6-92bc-cdba04b8fb83","leftValue":"={{ $json.Email }}","rightValue":"nenhum_email","operator":{"type":"string","operation":"notEquals"}}],"combinator":"and"},"options":{}},"type":"n8n-nodes-base.if","typeVersion":2.2,"position":[-368,624],"id":"16e23b84-673e-4670-b0a1-ca44ff0030a6","name":"If2"},{"parameters":{"maxItems":100},"type":"n8n-nodes-base.limit","typeVersion":1,"position":[-144,608],"id":"920c186a-447e-46b9-9d0c-dce5bc13a3f2","name":"Limit1"},{"parameters":{"operation":"append","documentId":{"__rl":true,"value":"1Cp266-lhI6w4XDlZFeNLDq9OBxKUvtTIugixYqDxa_M","mode":"list","cachedResultName":"Clientes_Astatonn","cachedResultUrl":"https://docs.google.com/spreadsheets/d/1Cp266-lhI6w4XDlZFeNLDq9OBxKUvtTIugixYqDxa_M/edit?usp=drivesdk"},"sheetName":{"__rl":true,"value":"gid=0","mode":"list","cachedResultName":"Página1","cachedResultUrl":"https://docs.google.com/spreadsheets/d/1Zp7041ulGYwPzuxMduRVZ5Z3hFWBkPj-VRamASJN8wE/edit#gid=0"},"columns":{"mappingMode":"defineBelow","value":{"Nome ":"={{ $json.Nome }}","Telefone":"={{ $json.Telefone }}","Endereço":"={{ $json.Endereco }}","Website":"={{ $json.Website }}","Rating":"={{ $json.Rating }}","Reviews":"={{ $json.Reviews }}","Especialidades":"={{ $json.Especialidades }}","Email":"={{ $json.Email }}"},"matchingColumns":[],"schema":[{"id":"Nome ","displayName":"Nome ","required":false,"defaultMatch":false,"display":true,"type":"string","canBeUsedToMatch":true},{"id":"Telefone","displayName":"Telefone","required":false,"defaultMatch":false,"display":true,"type":"string","canBeUsedToMatch":true},{"id":"Endereço","displayName":"Endereço","required":false,"defaultMatch":false,"display":true,"type":"string","canBeUsedToMatch":true},{"id":"Website","displayName":"Website","required":false,"defaultMatch":false,"display":true,"type":"string","canBeUsedToMatch":true},{"id":"Email","displayName":"Email","required":false,"defaultMatch":false,"display":true,"type":"string","canBeUsedToMatch":true,"removed":false},{"id":"Rating","displayName":"Rating","required":false,"defaultMatch":false,"display":true,"type":"string","canBeUsedToMatch":true,"removed":false},{"id":"Reviews","displayName":"Reviews","required":false,"defaultMatch":false,"display":true,"type":"string","canBeUsedToMatch":true,"removed":false},{"id":"Especialidades","displayName":"Especialidades","required":false,"defaultMatch":false,"display":true,"type":"string","canBeUsedToMatch":true,"removed":false}],"attemptToConvertTypes":false,"convertFieldsToString":false},"options":{}},"type":"n8n-nodes-base.googleSheets","typeVersion":4.6,"position":[928,1120],"id":"b27612a2-7c93-4ffa-895f-5d9b0a9444ca","name":"Append row in sheet","credentials":{"googleSheetsOAuth2Api":{"id":"sFtSa2h1fvmHuTqX","name":"rolimvictorhugo@gmail.com"}}},{"parameters":{"conditions":{"options":{"caseSensitive":true,"leftValue":"","typeValidation":"strict","version":2},"conditions":[{"id":"cc8aa149-dbd6-426e-9c07-1d9b0fb710d8","leftValue":"={{ $json.Telefone }}","rightValue":"null","operator":{"type":"string","operation":"exists","singleValue":true}}],"combinator":"and"},"options":{}},"type":"n8n-nodes-base.if","typeVersion":2.2,"position":[48,608],"id":"b18ad03b-1e5d-4595-ae62-22a3a6fc9371","name":"If3"},{"parameters":{"batchSize":1,"options":{}},"type":"n8n-nodes-base.splitInBatches","typeVersion":1,"position":[272,592],"name":"Split Coordenadas3","id":"66ebe862-a223-416d-8d47-f8e57d4d25dd"},{"parameters":{"jsCode":"const originalData = $json;\n\n// ✅ Tenta encontrar o HTML em diferentes campos\nlet html = $json.body || $json.html || $json.content || $json.data || $json.response || '';\n\nif (!html || typeof html !== 'string' || html.trim() === '') {\n  return [{\n    json: {\n      ...originalData,\n      emails_encontrados: ['sem_html'],\n      total: 0,\n      erro: 'HTML vazio ou inválido',\n      status: 'processado',\n      diagnostico: {\n        campos_recebidos: Object.keys($json),\n        exemplo: JSON.stringify($json).slice(0, 500),\n      }\n    }\n  }];\n}\n\n// Decodifica entidades HTML (ex: &#64;)\nhtml = html\n  .replace(/&#x([0-9A-Fa-f]+);/g, (_, hex) => String.fromCharCode(parseInt(hex, 16)))\n  .replace(/&#(\\d+);/g, (_, dec) => String.fromCharCode(parseInt(dec, 10)));\n\ntry {\n  // Remove scripts e styles\n  const plainText = html\n    .replace(/<script[^>]*>[\\s\\S]*?<\\/script>/gi, '')\n    .replace(/<style[^>]*>[\\s\\S]*?<\\/style>/gi, '')\n    .replace(/<\\/?[^>]+(>|$)/g, ' ')\n    .replace(/\\s+/g, ' ')\n    .trim();\n\n  // Regex de e-mail universal\n  const emailRegex = /[a-zA-Z0-9._%+-]+@[a-zA-Z0-9.-]+\\.[a-zA-Z]{2,}/g;\n  const matches = plainText.match(emailRegex) || [];\n\n  const emailsUnicos = [...new Set(matches.map(e => e.trim().replace(/[.,;:]+$/, '')))];\n\n  return [{\n    json: {\n      ...originalData,\n      emails_encontrados: emailsUnicos.length ? emailsUnicos : ['nenhum_email'],\n      total: emailsUnicos.length,\n      status: 'processado',\n    }\n  }];\n} catch (err) {\n  return [{\n    json: {\n      ...originalData,\n      emails_encontrados: ['erro_processamento'],\n      total: 0,\n      erro: err.message,\n      status: 'processado',\n    }\n  }];\n}\n"},"name":"Extrair Email do HTML","type":"n8n-nodes-base.code","typeVersion":1,"position":[800,592],"id":"550f52fa-b2bf-45bc-8157-19c5956e51d6","continueOnFail":true},{"parameters":{"assignments":{"assignments":[{"id":"e0de0e6f-c39e-4a16-afc0-e2a8a86a5105","name":"emails_encontrados","value":"={{ $json.emails_encontrados }}","type":"string"}]},"options":{}},"type":"n8n-nodes-base.set","typeVersion":3.4,"position":[960,592],"id":"abd43582-ca4d-402c-927d-6b17ad4a740e","name":"Edit Fields"},{"parameters":{"conditions":{"options":{"caseSensitive":true,"leftValue":"","typeValidation":"strict","version":2},"conditions":[{"id":"acd04e83-fe84-41e4-b5ce-35bf1a7d5d42","leftValue":"={{ $json.emails_encontrados }}","rightValue":"","operator":{"type":"string","operation":"exists","singleValue":true}}],"combinator":"and"},"options":{}},"type":"n8n-nodes-base.if","typeVersion":2.2,"position":[1296,608],"id":"b1253d0c-260a-4510-bfe7-952b97819cd5","name":"If4"},{"parameters":{"assignments":{"assignments":[{"id":"d83660e1-683c-410a-8059-1eae65816f85","name":"email","value":"={{ $json.emails_encontrados }}","type":"string"},{"id":"964c1407-7987-4812-acdc-0d7e09c38ed9","name":"telefone","value":"={{ $('Split Coordenadas3').item.json.Telefone }}","type":"string"},{"id":"b7d47f4a-55ba-4581-b96c-7d4d50ccbbde","name":"Endereço","value":"={{ $('Split Coordenadas3').item.json.Endereco }}","type":"string"},{"id":"b34d0b12-f742-4e9d-8fa7-70a04a0145a9","name":"Website","value":"={{ $('Split Coordenadas3').item.json.Website }}","type":"string"},{"id":"246a71d6-094b-40f7-95c7-78266eeb0706","name":"nome","value":"={{ $('Split Coordenadas3').item.json.Nome }}","type":"string"},{"id":"4fbc99fc-e417-4fe0-b71b-ae495b3bd2cc","name":"Rating","value":"={{ $('Split Coordenadas3').item.json.Rating }}","type":"string"},{"id":"2e309ff7-e734-49bd-97f5-a89934a141f8","name":"Reviews","value":"={{ $('Split Coordenadas3').item.json.Reviews }}","type":"string"},{"id":"00894da9-b5c4-4452-ade9-49a05e63e6ab","name":"Especialidades","value":"={{ $('Split Coordenadas3').item.json.Especialidades }}","type":"string"}]},"options":{}},"type":"n8n-nodes-base.set","typeVersion":3.4,"position":[1472,592],"id":"51cdeaa4-9ea0-4946-b2ff-d58db8fff056","name":"Edit Fields1"},{"parameters":{"jsCode":"// items[0].json.body é o array do Webhook\nconst empresas = items[0].json.body || [];\n\nreturn empresas.map(emp => {\n  // 1) remove tudo que não for dígito\n  const apenasDigitos = emp.telefone.replace(/\\D/g, '');\n  // 2) garante que comece com 55\n  const comPais = apenasDigitos.startsWith('55')\n    ? apenasDigitos\n    : `55${apenasDigitos}`;\n  // 3) monta o JID do WhatsApp\n  const whatsappJid = `${comPais}@s.whatsapp.net`;\n\n  return {\n    json: {\n      nome_empresa:   emp.nome_empresa,\n      telefone:       whatsappJid,      // já no formato pedido\n      endereco:       emp.endereco,\n      website:        emp.website,\n      rating:         emp.rating,\n      reviews:        emp.reviews,\n      especialidades: emp.especialidades,\n    }\n  };\n});\n"},"type":"n8n-nodes-base.code","typeVersion":2,"position":[-1152,1120],"id":"92ddd8dc-cec0-4b13-946e-16342ed9042d","name":"Code2"},{"parameters":{"jsCode":"return items.map(item => {\n  const raw = item.json.emails_encontrados;\n\n  // Converte a string para array de e-mails usando JSON.parse\n  let emails = [];\n  try {\n    emails = JSON.parse(raw);\n  } catch (e) {\n    // Em caso de erro, retorna o valor original como fallback\n    emails = [];\n  }\n\n  return {\n    json: {\n      ...item.json,\n      // Se quiser string com emails separados por vírgula:\n      emails_encontrados: emails.join(', ')\n      // Ou mantenha como array puro:\n      // emails_encontrados: emails\n    }\n  };\n});\n"},"type":"n8n-nodes-base.code","typeVersion":2,"position":[1120,592],"id":"00d86f21-c9ac-42c6-a528-05682b2bcda7","name":"Code1"},{"parameters":{"httpMethod":"POST","path":"b0c6a501-c1a4-4edc-b011-4091e27297bf","options":{}},"type":"n8n-nodes-base.webhook","typeVersion":2,"position":[240,240],"id":"36a0a6e7-05ff-47f9-9fc4-0df973c7a91b","name":"Webhook1","webhookId":"b0c6a501-c1a4-4edc-b011-4091e27297bf"},{"parameters":{"operation":"getAll","tableId":"Extracao_Clientes_duplicate","returnAll":true},"type":"n8n-nodes-base.supabase","typeVersion":1,"position":[-576,624],"id":"b9fb0642-f783-4365-91fd-ce997581eb17","name":"Get many rows","credentials":{"supabaseApi":{"id":"G9KBchsZQ2g5jOab","name":"Supabase Astatonn"}}},{"parameters":{"amount":1},"type":"n8n-nodes-base.wait","typeVersion":1.1,"position":[464,592],"id":"8fb90dcd-495b-45be-8b72-61b435b080ca","name":"Wait","webhookId":"d59a9deb-e3bb-4507-b758-60589ce59a93"},{"parameters":{"url":"={{ $json.Website }}","responseFormat":"string","options":{"followRedirect":true,"timeout":10000},"headerParametersUi":{"parameter":[{"name":"User-Agent","value":"Mozilla/5.0 (Windows NT 10.0; Win64; x64) AppleWebKit/537.36 (KHTML, like Gecko) Chrome/115.0.0.0 Safari/537.36"},{"name":"Accept","value":"text/html,application/xhtml+xml,application/xml;q=0.9,image/webp,*/*;q=0.8"}]}},"name":"Acessar Site","type":"n8n-nodes-base.httpRequest","typeVersion":2,"position":[640,592],"id":"aa6e93ab-7e1e-4358-97ee-1501f5b85f02","continueOnFail":true},{"parameters":{"operation":"update","tableId":"Extracao_Clientes_duplicate","filters":{"conditions":[{"keyName":"id","condition":"eq","keyValue":"={{ $('Get many rows').item.json.id }}"}]},"fieldsUi":{"fieldValues":[{"fieldId":"Email","fieldValue":"={{ $json.email }}"}]}},"type":"n8n-nodes-base.supabase","typeVersion":1,"position":[1648,592],"id":"c069dac6-6be9-43a1-9455-5f80645ebf38","name":"Update a row","credentials":{"supabaseApi":{"id":"G9KBchsZQ2g5jOab","name":"Supabase Astatonn"}}},{"parameters":{"conditions":{"options":{"caseSensitive":true,"leftValue":"","typeValidation":"strict","version":2},"conditions":[{"id":"6f6f7aca-1b14-4e47-b1bd-7015ecb7a610","leftValue":"={{ $json.Email }}","rightValue":"null","operator":{"type":"string","operation":"exists","singleValue":true}},{"id":"023561af-3f3d-4990-98af-60db8be5ab84","leftValue":"={{ $json.Telefone }}","rightValue":"","operator":{"type":"string","operation":"exists","singleValue":true}},{"id":"e3ef5f3f-75b9-417a-82b8-556d7a3bdc7b","leftValue":"={{ $json.Email }}","rightValue":"sem_html","operator":{"type":"string","operation":"notEquals"}},{"id":"6d1a827b-55c2-43f6-92bc-cdba04b8fb83","leftValue":"={{ $json.Email }}","rightValue":"nenhum_email","operator":{"type":"string","operation":"notEquals"}}],"combinator":"and"},"options":{}},"type":"n8n-nodes-base.if","typeVersion":2.2,"position":[432,1136],"id":"35481332-ce41-4e5b-acc5-ce20e752b2be","name":"If"},{"parameters":{"operation":"getAll","tableId":"Extracao_Clientes_duplicate","returnAll":true},"type":"n8n-nodes-base.supabase","typeVersion":1,"position":[-288,1120],"id":"a41c3744-d476-4786-868d-f56bbf6aa4f2","name":"Get many rows1","credentials":{"supabaseApi":{"id":"G9KBchsZQ2g5jOab","name":"Supabase Astatonn"}}},{"parameters":{},"type":"n8n-nodes-base.manualTrigger","typeVersion":1,"position":[-1136,800],"id":"b740312f-adc0-4aef-b105-a8d987e0f3e9","name":"When clicking ‘Execute workflow’"},{"parameters":{"tableId":"Extracao_Clientes_duplicate","fieldsUi":{"fieldValues":[{"fieldId":"Nome","fieldValue":"={{ $json.nome_empresa }}"},{"fieldId":"Telefone","fieldValue":"={{ $json.telefone }}"},{"fieldId":"Endereco","fieldValue":"={{ $json.endereco }}"},{"fieldId":"Website","fieldValue":"={{ $json.website }}"},{"fieldId":"Rating","fieldValue":"={{ $json.rating }}"},{"fieldId":"Reviews","fieldValue":"={{ $json.reviews }}"},{"fieldId":"Especialidades","fieldValue":"={{ $json.especialidades }}"}]}},"type":"n8n-nodes-base.supabase","typeVersion":1,"position":[752,240],"id":"799e0237-5686-499f-a00c-d029c625212a","name":"Create a row","credentials":{"supabaseApi":{"id":"G9KBchsZQ2g5jOab","name":"Supabase Astatonn"}}},{"parameters":{"height":928,"width":2672},"type":"n8n-nodes-base.stickyNote","position":[-800,496],"typeVersion":1,"id":"4edf1993-af18-4ced-9b43-4095e3d9f862","name":"Sticky Note1"}],"connections":{"Code":{"main":[[{"node":"Create a row","type":"main","index":0}]]},"If2":{"main":[[{"node":"Limit1","type":"main","index":0}]]},"Limit1":{"main":[[{"node":"If3","type":"main","index":0}]]},"Append row in sheet":{"main":[[]]},"If3":{"main":[[{"node":"Split Coordenadas3","type":"main","index":0}]]},"Split Coordenadas3":{"main":[[{"node":"Wait","type":"main","index":0}]]},"Extrair Email do HTML":{"main":[[{"node":"Edit Fields","type":"main","index":0}]]},"Edit Fields":{"main":[[{"node":"Code1","type":"main","index":0}]]},"If4":{"main":[[{"node":"Edit Fields1","type":"main","index":0}],[{"node":"Split Coordenadas3","type":"main","index":0}]]},"Edit Fields1":{"main":[[{"node":"Update a row","type":"main","index":0}]]},"Code2":{"main":[[]]},"Code1":{"main":[[{"node":"If4","type":"main","index":0}]]},"Webhook1":{"main":[[{"node":"Code","type":"main","index":0}]]},"Get many rows":{"main":[[{"node":"If2","type":"main","index":0}]]},"Wait":{"main":[[{"node":"Acessar Site","type":"main","index":0}]]},"Acessar Site":{"main":[[{"node":"Extrair Email do HTML","type":"main","index":0}]]},"Update a row":{"main":[[{"node":"Split Coordenadas3","type":"main","index":0}]]},"Get many rows1":{"main":[[{"node":"If","type":"main","index":0}]]},"If":{"main":[[{"node":"Append row in sheet","type":"main","index":0}]]},"When clicking ‘Execute workflow’":{"main":[[{"node":"Get many rows","type":"main","index":0}]]}},"settings":{"executionOrder":"v1"},"staticData":null,"meta":{"templateCredsSetupCompleted":true},"pinData":{},"versionId":"2c70efa6-2ac9-4b37-b1dc-c41cc0bf6b1c","triggerCount":1,"tags":[]}

