{"createdAt":"2025-07-09T16:28:13.961Z","updatedAt":"2025-07-16T02:31:51.310Z","id":"t7hWsmiepbLCJcse","name":"My workflow 46","active":false,"isArchived":true,"nodes":[{"parameters":{"httpMethod":"POST","path":"1bbfdf9c-b836-486d-b754-477612b16b17","options":{}},"type":"n8n-nodes-base.webhook","typeVersion":2,"position":[-180,-80],"id":"2dd9284c-475d-4319-922f-09bf6a0c2e44","name":"Webhook","webhookId":"1bbfdf9c-b836-486d-b754-477612b16b17"}],"connections":{},"settings":{"executionOrder":"v1"},"staticData":null,"meta":null,"pinData":{},"versionId":"9a8adc09-6e9c-41c8-b2b1-ca94e22f575d","triggerCount":1,"tags":[]}

