{"createdAt":"2025-08-09T20:25:39.077Z","updatedAt":"2025-08-09T20:50:51.508Z","id":"V07UJHAHYrboknG6","name":"atualizacao base de dados","active":false,"isArchived":false,"nodes":[{"parameters":{},"type":"n8n-nodes-base.manualTrigger","typeVersion":1,"position":[0,0],"id":"acb60542-305a-4407-95b2-bb52698cc948","name":"When clicking ‘Execute workflow’"},{"parameters":{"operation":"clear","documentId":{"__rl":true,"mode":"list","value":""},"sheetName":{"__rl":true,"mode":"list","value":""}},"type":"n8n-nodes-base.googleSheets","typeVersion":4.6,"position":[208,0],"id":"b9c0a389-9de0-4d02-90b7-1227fff42236","name":"Clear sheet","credentials":{"googleSheetsOAuth2Api":{"id":"eoDLbrpjGnFnMYsb","name":"Google Sheets account 2"}}},{"parameters":{"operation":"getAll","returnAll":true},"type":"n8n-nodes-base.supabase","typeVersion":1,"position":[416,0],"id":"ed777583-ab45-41a2-9c8b-810679fcff81","name":"Get many rows","credentials":{"supabaseApi":{"id":"8n40XxOuSzRpwqzA","name":"Supabase account 2"}}},{"parameters":{"operation":"appendOrUpdate","documentId":{"__rl":true,"mode":"list","value":""},"sheetName":{"__rl":true,"mode":"list","value":""}},"type":"n8n-nodes-base.googleSheets","typeVersion":4.6,"position":[624,0],"id":"75a61c2f-8fab-4269-983e-c288fa6c461a","name":"Append or update row in sheet","credentials":{"googleSheetsOAuth2Api":{"id":"eoDLbrpjGnFnMYsb","name":"Google Sheets account 2"}}}],"connections":{"When clicking ‘Execute workflow’":{"main":[[{"node":"Clear sheet","type":"main","index":0}]]},"Clear sheet":{"main":[[{"node":"Get many rows","type":"main","index":0}]]},"Get many rows":{"main":[[{"node":"Append or update row in sheet","type":"main","index":0}]]}},"settings":{"executionOrder":"v1"},"staticData":null,"meta":{"templateCredsSetupCompleted":true},"pinData":{},"versionId":"265a6a7b-4a54-4a35-a5c5-bc28eb062f59","triggerCount":0,"tags":[]}

