{"createdAt":"2025-08-04T19:52:21.826Z","updatedAt":"2025-08-04T19:52:21.826Z","id":"1wek08HCw6YfPcKT","name":"My Sub-workflow","active":false,"isArchived":false,"nodes":[{"parameters":{"authentication":"airtableTokenApi","resource":"record","operation":"create","base":{"__rl":true,"mode":"list","value":"YOUR_AIRTABLE_BASE_ID","cachedResultUrl":"https://airtable.com/YOUR_AIRTABLE_BASE_ID","cachedResultName":"IG reels"},"table":{"__rl":true,"mode":"list","value":"YOUR_AIRTABLE_TABLE_ID","cachedResultUrl":"https://airtable.com/YOUR_AIRTABLE_BASE_ID/YOUR_AIRTABLE_TABLE_ID","cachedResultName":"Table 1"},"columns":{"value":{"URL":"={{ $('Start').item.json.processedWebContentLink }}","Name":"={{ $('Start').item.json.processedFileName }}","Caption":"={{ $json.output }}"},"schema":[{"id":"Name","type":"string","display":true,"removed":false,"readOnly":false,"required":false,"displayName":"Name","defaultMatch":false,"canBeUsedToMatch":true},{"id":"Caption","type":"string","display":true,"removed":false,"readOnly":false,"required":false,"displayName":"Caption","defaultMatch":false,"canBeUsedToMatch":true},{"id":"URL","type":"string","display":true,"removed":false,"readOnly":false,"required":false,"displayName":"URL","defaultMatch":false,"canBeUsedToMatch":true}],"mappingMode":"defineBelow","matchingColumns":[],"attemptToConvertTypes":false,"convertFieldsToString":false},"options":{}},"id":"d5da923b-88c3-4dfb-b26d-4e14fa7e12a8","name":"Airtable","type":"n8n-nodes-base.airtable","position":[1632,192],"typeVersion":2.1,"issues":{"credentials":{"airtableTokenApi":["Credentials for Airtable are not set."]}}},{"parameters":{"hostUrl":"graph.facebook.com","httpRequestMethod":"POST","graphApiVersion":"v22.0","node":"YOUR_FACEBOOK_PAGE_ID","edge":"media","allowUnauthorizedCerts":false,"sendBinaryData":false,"options":{"queryParameters":{"parameter":[{"name":"video_url","value":"={{ $json.fields.URL }}"},{"name":"media_type","value":"REELS"},{"name":"caption","value":"={{ $('Start').item.json.output }}"}]}}},"id":"1d81599a-b730-436d-b5bd-081e4acc4c6c","name":"container","type":"n8n-nodes-base.facebookGraphApi","position":[1904,288],"typeVersion":1,"issues":{"credentials":{"facebookGraphApi":["Credentials for Facebook Graph API are not set."]}}},{"parameters":{"hostUrl":"graph.facebook.com","httpRequestMethod":"POST","graphApiVersion":"v22.0","node":"YOUR_FACEBOOK_PAGE_ID","edge":"media_publish","allowUnauthorizedCerts":false,"sendBinaryData":false,"options":{"queryParameters":{"parameter":[{"name":"creation_id","value":"={{ $json.id }}"}]}}},"id":"da222cb6-f059-49cb-81d5-eaf847a66ef6","name":"Post to IG","type":"n8n-nodes-base.facebookGraphApi","position":[2432,480],"typeVersion":1,"issues":{"credentials":{"facebookGraphApi":["Credentials for Facebook Graph API are not set."]}}},{"parameters":{"resume":"timeInterval","amount":90,"unit":"seconds"},"id":"ccc5a486-379b-4bc7-b130-3c3ade6542c4","name":"Wait","type":"n8n-nodes-base.wait","position":[2144,400],"webhookId":"YOUR_WEBHOOK_ID","typeVersion":1.1},{"id":"f7431994-6561-4dde-a7f0-62395df3a5dd","typeVersion":1.1,"name":"Start","type":"n8n-nodes-base.executeWorkflowTrigger","position":[1424,192],"parameters":{"workflowInputs":{"values":[{"name":"processedWebContentLink","type":"any"},{"name":"processedFileName","type":"any"},{"name":"output","type":"any"}]}}}],"connections":{"Wait":{"main":[[{"node":"Post to IG","type":"main","index":0}]]},"Airtable":{"main":[[{"node":"container","type":"main","index":0}]]},"container":{"main":[[{"node":"Wait","type":"main","index":0}]]},"Start":{"main":[[{"node":"Airtable","type":"main","index":0}]]}},"settings":{"executionOrder":"v1"},"staticData":null,"meta":null,"pinData":null,"versionId":"91ebc4ac-5478-431e-91bc-8dc8463f3167","triggerCount":0,"tags":[]}

