{"createdAt":"2025-05-21T19:23:40.909Z","updatedAt":"2025-05-26T22:47:00.504Z","id":"IOucBJUqNL4uWJ5A","name":"Hamburgueria","active":false,"isArchived":false,"nodes":[{"parameters":{"httpMethod":"POST","path":"tkhamburguer-avolution","options":{}},"id":"50c43b20-bc28-495d-a1fa-d3f8b89bacbf","name":"Webhook WhatsApp","type":"n8n-nodes-base.webhook","typeVersion":1,"position":[-720,0],"webhookId":"tkhamburguer-avolution"},{"parameters":{"resource":"messages-api","operation":"send-image","instanceName":"Samuel teste Hamburgueria","options_message":{}},"type":"n8n-nodes-evolution-api.evolutionApi","typeVersion":1,"position":[940,0],"id":"05cab8fd-6d35-4ca8-a953-8c615c91e486","name":"Evolution API","credentials":{"evolutionApi":{"id":"IOUtEtlOxqWEybMe","name":"hamburgueria"}}},{"parameters":{"jsCode":"// Recebe os dados de entrada\nconst data = items[0].json;\n\n// Remove \"@s.whatsapp.net\" do campo Telefone\ndata.Telefone = data.Telefone.replace('@s.whatsapp.net', '');\n\n// Retorna os dados modificados\nreturn [{ json: data }];\n"},"type":"n8n-nodes-base.code","typeVersion":2,"position":[360,0],"id":"96c1e142-2fae-48ec-9b65-bf5927b31a4a","name":"Code"},{"parameters":{"html":"<!DOCTYPE html>\n<html lang=\"pt-br\">\n<head>\n  <meta charset=\"UTF-8\">\n  <title>Cardápio - TK Hamburguer</title>\n  <style>\n    body {\n      font-family: Arial, sans-serif;\n      background: #fdfdfd;\n      color: #333;\n      max-width: 700px;\n      margin: auto;\n      padding: 20px;\n    }\n    h1, h2 {\n      color: #b30000;\n    }\n    ul {\n      list-style: none;\n      padding: 0;\n    }\n    li {\n      margin-bottom: 15px;\n    }\n    .preco {\n      font-weight: bold;\n      color: #1a8917;\n    }\n  </style>\n</head>\n<body>\n  <h1>🍔 TK Hamburguer</h1>\n\n  <h2>🧀 Hambúrgueres Tradicionais</h2>\n  <ul>\n    <li><strong>TK Clássico</strong> – <span class=\"preco\">R$ 22,90</span><br>Pão brioche, hambúrguer 150g, queijo cheddar, alface, tomate, maionese da casa.</li>\n    <li><strong>TK Bacon</strong> – <span class=\"preco\">R$ 26,90</span><br>Pão brioche, hambúrguer 180g, queijo cheddar, bacon crocante, cebola caramelizada, molho barbecue.</li>\n    <li><strong>TK Duplo</strong> – <span class=\"preco\">R$ 32,90</span><br>Pão brioche, dois hambúrgueres 150g, queijo prato, alface, tomate, maionese da casa.</li>\n  </ul>\n\n  <h2>🌶️ Hambúrgueres Especiais</h2>\n  <ul>\n    <li><strong>Mexicano</strong> – <span class=\"preco\">R$ 29,90</span><br>Pão levemente apimentado, hambúrguer 180g, queijo cheddar, jalapeños, guacamole, doritos, molho chipotle.</li>\n    <li><strong>Frango Crocante</strong> – <span class=\"preco\">R$ 25,90</span><br>Pão de batata, filé de frango empanado, alface americana, tomate, molho ranch.</li>\n    <li><strong>Veggie Grill</strong> – <span class=\"preco\">R$ 24,90</span><br>Pão integral, hambúrguer de grão-de-bico, rúcula, tomate, cebola roxa, maionese vegana.</li>\n  </ul>\n\n  <h2>🧂 Complementos</h2>\n  <ul>\n    <li>Batata Frita Pequena – <span class=\"preco\">R$ 8,00</span></li>\n    <li>Batata Frita Grande – <span class=\"preco\">R$ 12,00</span></li>\n    <li>Onion Rings – <span class=\"preco\">R$ 10,00</span></li>\n    <li>Cheddar e Bacon Extra – <span class=\"preco\">R$ 4,00</span></li>\n    <li>Ovo – <span class=\"preco\">R$ 2,00</span></li>\n    <li>Picles – <span class=\"preco\">R$ 2,00</span></li>\n  </ul>\n\n  <h2>🥤 Bebidas</h2>\n  <ul>\n    <li>Refrigerante Lata (Coca, Guaraná, Fanta) – <span class=\"preco\">R$ 6,00</span></li>\n    <li>Água Mineral – <span class=\"preco\">R$ 3,00</span></li>\n    <li>Suco Natural (Laranja, Uva) – <span class=\"preco\">R$ 7,00</span></li>\n    <li>Milkshake (Chocolate, Morango, Baunilha) – <span class=\"preco\">R$ 12,00</span></li>\n  </ul>\n</body>\n</html>\n"},"type":"n8n-nodes-base.html","typeVersion":1.2,"position":[580,0],"id":"670aa716-2923-4ef1-acf4-b934fa35b347","name":"HTML"},{"parameters":{"rules":{"values":[{"conditions":{"options":{"caseSensitive":true,"leftValue":"","typeValidation":"strict","version":2},"conditions":[{"leftValue":"={{ $json[\"\nTK Clássico – R$ 22,90\"] }}","rightValue":1,"operator":{"type":"number","operation":"equals"},"id":"ef484864-efd2-4a79-9568-7b7a6bd5310f"}],"combinator":"and"}}]},"options":{}},"type":"n8n-nodes-base.switch","typeVersion":3.2,"position":[-60,0],"id":"6fe33aff-a20e-4f1f-904e-52d6df0daa16","name":"Switch"},{"parameters":{"assignments":{"assignments":[{"id":"5ecedf58-7182-449a-ae4a-9011afceaa48","name":"=Segue o Cardapio com os Principais Hamburgues:\n\nDigite a Opção do hamburgues escolhido:\n","value":"=","type":"string"},{"id":"631a7c13-e02d-4378-8a9d-d627123ad826","name":"=\nTK Clássico – R$ 22,90","value":"Digite 1 para :\nTK Clássico – R$ 22,90 Pão brioche, hambúrguer 150g, queijo cheddar, alface, tomate, maionese da casa.","type":"string"},{"id":"4e1ba356-0f77-484a-a087-9fab4312c9d8","name":"TK Bacon – R$ 26,90","value":"Digite 2 para : \nTK Bacon – R$ 26,90 Pão brioche, hambúrguer 180g, queijo cheddar, bacon crocante, cebola caramelizada, molho barbecue.","type":"string"},{"id":"aec70c47-045a-4c79-900f-22e10eb21eb2","name":"TK Duplo – R$ 32,90","value":"Digite 3 para :\n Pão brioche, dois hambúrgueres 150g, queijo prato, alface, tomate, maionese da casa.","type":"string"}]},"options":{}},"type":"n8n-nodes-base.set","typeVersion":3.4,"position":[-440,0],"id":"aa5fd173-ec01-4bee-afaa-2233961362b0","name":"Edit Fields"}],"connections":{"Webhook WhatsApp":{"main":[[{"node":"Edit Fields","type":"main","index":0}]]},"Evolution API":{"main":[[]]},"Code":{"main":[[{"node":"HTML","type":"main","index":0}]]},"HTML":{"main":[[{"node":"Evolution API","type":"main","index":0}]]},"Switch":{"main":[[]]},"Edit Fields":{"main":[[{"node":"Switch","type":"main","index":0}]]}},"settings":{"executionOrder":"v1"},"staticData":null,"meta":{"templateCredsSetupCompleted":true},"pinData":{"Webhook WhatsApp":[{"json":{"headers":{"host": "[REDACTED]","user-agent":"axios/1.7.9","content-length":"737","accept-encoding":"gzip, compress, deflate, br","content-type":"application/json","x-forwarded-for":"172.18.0.1","x-forwarded-host":"workspace.n8n.automatech.tech","x-forwarded-port":"443","x-forwarded-proto":"https","x-forwarded-server":"74e2f8e6b27f","x-real-ip":"172.18.0.1"},"params":{},"query":{},"body":{"event":"messages.upsert","instance":"Samuel teste Hamburgueria","data":{"key":{"remoteJid":"555195648022@s.whatsapp.net","fromMe":true,"REDACTED_KEY": "[REDACTED]"},"pushName":"Samuel Rolin","status":"SERVER_ACK","message":{"conversation":"Oi","messageContextInfo":{"messageSecret":"ZhkVK0ouED/Wk3mi6yIY/vsIimuE6qK6omD6RJKxwao="}},"messageType":"conversation","messageTimestamp":1748042877,"instanceId":"b709b95c-634b-48ea-be61-14207f4df546","source":"android"},"destination":"https://workspace.n8n.automatech.tech/webhook/tkhamburguer-avolution","date_time":"2025-05-23T20:27:57.354Z","sender":"555195648022@s.whatsapp.net","server_url":"https://evolutionapi.automatech.tech","apiKey": "[REDACTED]"},"webhookUrl":"https://workspace.n8n.automatech.tech/webhook/tkhamburguer-avolution","executionMode":"production"}}]},"versionId":"7c456404-ea41-475c-aa3c-b88ec2d8eac0","triggerCount":1,"tags":[]}

