{"createdAt":"2025-06-20T03:02:39.749Z","updatedAt":"2025-06-20T04:18:23.634Z","id":"qdb9jTCWmnxCI9hG","name":"Case 2","active":false,"isArchived":false,"nodes":[{"parameters":{"assignments":{"assignments":[{"id":"27614848-bef9-4582-91b9-4e629387e4cd","name":"IdConversa","value":"={{ $json.sessionId }}","type":"string"},{"id":"0ae71bb8-f303-48d9-b685-51755a39df15","name":"Mensagem","value":"={{ $json.chatInput }}","type":"string"}]},"options":{}},"type":"n8n-nodes-base.set","typeVersion":3.4,"position":[420,-20],"id":"1e8f6727-2bc6-45fa-83a9-148e2ccb684b","name":"Edit Fields"},{"parameters":{"operation":"append","documentId":{"__rl":true,"value":"1HYZFEG1-7evw8iu2GT-aUClkPwSYRBsMSYlhaebEOLQ","mode":"list","cachedResultName":"n8n teste - 17JUN25","cachedResultUrl":"https://docs.google.com/spreadsheets/d/1HYZFEG1-7evw8iu2GT-aUClkPwSYRBsMSYlhaebEOLQ/edit?usp=drivesdk"},"sheetName":{"__rl":true,"value":"gid=0","mode":"list","cachedResultName":"Página1","cachedResultUrl":"https://docs.google.com/spreadsheets/d/1HYZFEG1-7evw8iu2GT-aUClkPwSYRBsMSYlhaebEOLQ/edit#gid=0"},"columns":{"mappingMode":"defineBelow","value":{"IdConversa":"={{ $json.IdConversa }}","Mensagem":"={{ $json.Mensagem }}"},"matchingColumns":[],"schema":[{"id":"IdConversa","displayName":"IdConversa","required":false,"defaultMatch":false,"display":true,"type":"string","canBeUsedToMatch":true,"removed":false},{"id":"Mensagem","displayName":"Mensagem","required":false,"defaultMatch":false,"display":true,"type":"string","canBeUsedToMatch":true,"removed":false}],"attemptToConvertTypes":false,"convertFieldsToString":false},"options":{}},"type":"n8n-nodes-base.googleSheets","typeVersion":4.6,"position":[640,-20],"id":"a93dfe6a-d8af-439d-a9ff-84ff9781e2e8","name":"Append row in sheet","credentials":{"googleSheetsOAuth2Api":{"id":"RWAk3DDzaGjm5xyb","name":"Google Sheets account"}}},{"parameters":{"promptType":"define","text":"={{ $('Edit Fields').item.json.Mensagem }}","options":{"systemMessage":"Você é um super agente de suporte, seja educado, engraçado e utilize emojis em suas respostas para deixar as conversas mais humanizadas"}},"type":"@n8n/n8n-nodes-langchain.agent","typeVersion":2,"position":[860,-20],"id":"bdb5e686-4953-436d-a584-09be938b3e2f","name":"AI Agent"},{"parameters":{"options":{}},"type":"@n8n/n8n-nodes-langchain.lmChatGroq","typeVersion":1,"position":[860,160],"id":"cfc7b84e-177d-4b03-98bb-335732eb08c3","name":"Groq Chat Model","credentials":{"groqApi":{"id":"CnRteQEojXEGztmS","name":"Groq account 2"}}},{"parameters":{"sessionIdType":"customKey","sessionKey":"={{ $('Edit Fields').item.json.IdConversa }}"},"type":"@n8n/n8n-nodes-langchain.memoryBufferWindow","typeVersion":1.3,"position":[960,200],"id":"dad972a1-718f-4d79-ab1c-ede82f63c215","name":"Simple Memory"},{"parameters":{},"type":"@n8n/n8n-nodes-langchain.toolCalculator","typeVersion":1,"position":[1120,200],"id":"6fa6c01e-f2ce-4d40-84aa-b9a83155ab2c","name":"Calculator"},{"parameters":{},"type":"@n8n/n8n-nodes-langchain.toolWikipedia","typeVersion":1,"position":[1220,200],"id":"25a4e4a2-3d75-4f1e-b208-a28e33f10e49","name":"Wikipedia"},{"parameters":{},"type":"n8n-nodes-base.noOp","typeVersion":1,"position":[1220,-20],"id":"d7f656e0-8d60-44c8-a4e5-49cc308b2ff4","name":"No Operation, do nothing"},{"parameters":{"resource":"chat-api","operation":"read-messages","fromMe":true},"type":"n8n-nodes-evolution-api.evolutionApi","typeVersion":1,"position":[220,0],"id":"905b0854-aca0-40be-89e9-2f33fcac0a4f","name":"Marcar mensagens como lidas","credentials":{"evolutionApi":{"id":"YMEta1U6VJB1UZ6D","name":"Evolution teste_felix"}}},{"parameters":{},"type":"n8n-nodes-base.manualTrigger","typeVersion":1,"position":[-60,0],"id":"0ebe4e7d-4cd9-4d35-a5aa-3cef1f610fe0","name":"When clicking ‘Execute workflow’"},{"parameters":{"resource":"messages-api","options_message":{}},"type":"n8n-nodes-evolution-api.evolutionApi","typeVersion":1,"position":[200,200],"id":"12372cc0-dc3c-4dbb-9edd-7ac23ddae1b1","name":"Enviar texto","credentials":{"evolutionApi":{"id":"YMEta1U6VJB1UZ6D","name":"Evolution teste_felix"}}}],"connections":{"Edit Fields":{"main":[[{"node":"Append row in sheet","type":"main","index":0}]]},"Append row in sheet":{"main":[[{"node":"AI Agent","type":"main","index":0}]]},"Groq Chat Model":{"ai_languageModel":[[{"node":"AI Agent","type":"ai_languageModel","index":0}]]},"Simple Memory":{"ai_memory":[[{"node":"AI Agent","type":"ai_memory","index":0}]]},"Calculator":{"ai_tool":[[{"node":"AI Agent","type":"ai_tool","index":0}]]},"Wikipedia":{"ai_tool":[[{"node":"AI Agent","type":"ai_tool","index":0}]]},"AI Agent":{"main":[[{"node":"No Operation, do nothing","type":"main","index":0}]]},"Marcar mensagens como lidas":{"main":[[{"node":"Edit Fields","type":"main","index":0},{"node":"Enviar texto","type":"main","index":0}]]},"When clicking ‘Execute workflow’":{"main":[[{"node":"Enviar texto","type":"main","index":0}]]}},"settings":{"executionOrder":"v1"},"staticData":null,"meta":{"templateCredsSetupCompleted":true},"pinData":{},"versionId":"d11fe56f-efc6-4335-83cf-7f42f5350cbe","triggerCount":1,"tags":[]}

