{"createdAt":"2025-07-16T02:33:19.969Z","updatedAt":"2025-07-16T02:33:33.144Z","id":"4nhSb8FKVCIWLqE7","name":"PROCURA CLIENTES GOOGLE copy","active":false,"isArchived":false,"nodes":[{"parameters":{"content":"# 📧 EXTRAI EMAIL DO HTML DA PÁGINA  E ATUALIZA NA TABELA DO SUPABASE  ONDE JÁ HÁ OS DADOS SALVOS\n\nEste processo faz a leitura do HTML de uma página, extrai os e-mails presentes e atualiza a linha correspondente na tabela do **Supabase**, sem duplicar os dados já salvos.\n\n✅ Certifique-se de que:\n- O HTML foi carregado corretamente\n- A extração de e-mails está funcionando\n- O `id_unico` está sendo usado para identificar a linha correta no Supabase\n","height":780,"width":3380,"color":7},"type":"n8n-nodes-base.stickyNote","position":[-3820,5260],"typeVersion":1,"id":"12df4028-5e9d-4a68-90ff-6446243ae560","name":"Sticky Note1"},{"parameters":{"operation":"getAll","tableId":"Extracao_Clientes_Elementus","limit":1,"filters":{"conditions":[{"keyName":"Telefone","condition":"eq"}]}},"type":"n8n-nodes-base.supabase","typeVersion":1,"position":[-280,5460],"id":"4280029a-1789-4302-b32d-35ef9fcf3614","name":"Get many rows","alwaysOutputData":true,"credentials":{"supabaseApi":{"id":"G9KBchsZQ2g5jOab","name":"Supabase Astatonn"}}},{"parameters":{"operation":"getAll","tableId":"Extracao_Clientes","returnAll":true,"filterType":"none"},"type":"n8n-nodes-base.supabase","typeVersion":1,"position":[-3780,5740],"id":"ea69c65e-901b-4a26-b31a-58f1509b5de8","name":"Get many rows2","alwaysOutputData":true,"credentials":{"supabaseApi":{"id":"G9KBchsZQ2g5jOab","name":"Supabase Astatonn"}}},{"parameters":{"conditions":{"options":{"caseSensitive":true,"leftValue":"","typeValidation":"strict","version":2},"conditions":[{"id":"6f6f7aca-1b14-4e47-b1bd-7015ecb7a610","leftValue":"={{ $json.Email }}","rightValue":"null","operator":{"type":"string","operation":"notExists","singleValue":true}},{"id":"023561af-3f3d-4990-98af-60db8be5ab84","leftValue":"={{ $json.Telefone }}","rightValue":"","operator":{"type":"string","operation":"exists","singleValue":true}}],"combinator":"and"},"options":{}},"type":"n8n-nodes-base.if","typeVersion":2.2,"position":[-3500,5740],"id":"34f45b82-35a6-4fa5-9b12-0e8fdd64aaa1","name":"If2"},{"parameters":{"maxItems":100},"type":"n8n-nodes-base.limit","typeVersion":1,"position":[-3080,5720],"id":"a7c821a7-9bc6-4552-ad51-b8cbf0d92815","name":"Limit1"},{"parameters":{"operation":"getAll","tableId":"Extracao_Clientes_Elementus","returnAll":true,"filterType":"none"},"type":"n8n-nodes-base.supabase","typeVersion":1,"position":[-2980,6460],"id":"5f41e4c9-a131-48f0-b9e9-da200157aa54","name":"Get many rows3","alwaysOutputData":true,"credentials":{"supabaseApi":{"id":"G9KBchsZQ2g5jOab","name":"Supabase Astatonn"}}},{"parameters":{"operation":"append","documentId":{"__rl":true,"value":"1Zp7041ulGYwPzuxMduRVZ5Z3hFWBkPj-VRamASJN8wE","mode":"list","cachedResultName":"Clientes_Elementus","cachedResultUrl":"https://docs.google.com/spreadsheets/d/1Zp7041ulGYwPzuxMduRVZ5Z3hFWBkPj-VRamASJN8wE/edit?usp=drivesdk"},"sheetName":{"__rl":true,"value":"gid=0","mode":"list","cachedResultName":"Página1","cachedResultUrl":"https://docs.google.com/spreadsheets/d/1Zp7041ulGYwPzuxMduRVZ5Z3hFWBkPj-VRamASJN8wE/edit#gid=0"},"columns":{"mappingMode":"defineBelow","value":{"Nome ":"={{ $json.nome }}","Telefone":"={{ $json.telefone }}","Endereço":"={{ $json[\"Endereço\"] }}","Website":"={{ $json.Website }}","Email":"={{ $json.email }}"},"matchingColumns":[],"schema":[{"id":"Nome ","displayName":"Nome ","required":false,"defaultMatch":false,"display":true,"type":"string","canBeUsedToMatch":true},{"id":"Telefone","displayName":"Telefone","required":false,"defaultMatch":false,"display":true,"type":"string","canBeUsedToMatch":true},{"id":"Endereço","displayName":"Endereço","required":false,"defaultMatch":false,"display":true,"type":"string","canBeUsedToMatch":true},{"id":"Website","displayName":"Website","required":false,"defaultMatch":false,"display":true,"type":"string","canBeUsedToMatch":true},{"id":"Email","displayName":"Email","required":false,"defaultMatch":false,"display":true,"type":"string","canBeUsedToMatch":true}],"attemptToConvertTypes":false,"convertFieldsToString":false},"options":{}},"type":"n8n-nodes-base.googleSheets","typeVersion":4.6,"position":[-760,5680],"id":"1524d4f2-f220-4aa3-86be-2d21d8cf9b23","name":"Append row in sheet","credentials":{"googleSheetsOAuth2Api":{"id":"sFtSa2h1fvmHuTqX","name":"rolimvictorhugo@gmail.com"}}},{"parameters":{"conditions":{"options":{"caseSensitive":true,"leftValue":"","typeValidation":"strict","version":2},"conditions":[{"id":"5d07445c-3c39-439f-9e16-415b2b4ec690","leftValue":"={{ $json.Email }}","rightValue":"=","operator":{"type":"string","operation":"exists","singleValue":true}}],"combinator":"or"},"options":{}},"type":"n8n-nodes-base.if","typeVersion":2.2,"position":[-2580,6460],"id":"300edcd9-741b-4809-8842-bc05a90d80ce","name":"If"},{"parameters":{"content":"# 📌 COPIA AS INFORMAÇÕES DO SUPABASE PARA O GOOGLE SHEET\n\nEste fluxo copia os dados obtidos do **Supabase** e insere automaticamente no **Google Sheets**, garantindo integração contínua entre o banco de dados e a planilha.\n\n## ✅ Verifique:\n\n- Conexão com o Supabase\n- Chave e ID da planilha correta\n- Mapeamento dos campos entre Supabase e Google Sheets\n","height":800,"width":3280,"color":5},"type":"n8n-nodes-base.stickyNote","position":[-3820,6060],"typeVersion":1,"id":"4d13bc15-78fe-4fd7-b42d-f932fb79f159","name":"Sticky Note3"},{"parameters":{"content":"# 🚀 USE ESTE START TRIGGER  \n# PARA INICIAR OS FLUXOS\n\nEste nó serve como ponto de partida do fluxo.  \nConecte os próximos nós a partir daqui para garantir a execução correta.\n\n✅ Dica:  \nConfigure o tipo de gatilho conforme o cenário (Webhook, Schedule, Manual, etc).\n","height":560,"width":3260},"type":"n8n-nodes-base.stickyNote","position":[-3820,4640],"typeVersion":1,"id":"bd458203-e074-47f2-a58c-da6a246ea242","name":"Sticky Note4"},{"parameters":{"jsCode":"const cidades = [\n  \"Porto Alegre\", \"Caxias do Sul\", \"Canoas\", \"Pelotas\", \"Santa Maria\", \"Gravataí\", \"Viamão\",\n  \"Novo Hamburgo\", \"São Leopoldo\", \"Rio Grande\", \"Alvorada\", \"Passo Fundo\", \"Sapucaia do Sul\",\n  \"Uruguaiana\", \"Santa Cruz do Sul\", \"Bagé\", \"Bento Gonçalves\", \"Erechim\", \"Guaíba\", \"Cachoeirinha\",\n  \"Esteio\", \"Santana do Livramento\", \"Ijuí\", \"Alegrete\", \"Farroupilha\", \"Venâncio Aires\", \"Lajeado\",\n  \"Cachoeira do Sul\", \"Santa Rosa\", \"Campo Bom\", \"Vacaria\", \"Dom Pedrito\", \"São Gabriel\", \"Taquara\",\n  \"Esteio\", \"Carlos Barbosa\", \"Encantado\", \"Frederico Westphalen\", \"Tramandaí\", \"Torres\",\n  \"Capão da Canoa\", \"Lagoa Vermelha\", \"Ivoti\", \"Três de Maio\", \"Panambi\", \"Santo Ângelo\", \"Camaquã\",\n  \"Marau\", \"Teutônia\", \"Parobé\", \"Veranópolis\", \"Estância Velha\", \"São Borja\", \"Rosário do Sul\",\n  \"Montenegro\", \"Crissiumal\", \"Carazinho\", \"Arroio do Meio\", \"Canguçu\", \"Canela\", \"São Sebastião do Caí\",\n  \"Nova Petrópolis\", \"Portão\", \"Nova Prata\", \"Palmeira das Missões\", \"Osório\", \"Ibirubá\", \"Horizontina\",\n  \"São Lourenço do Sul\", \"Três Coroas\", \"Agudo\", \"Itaqui\", \"Soledade\", \"Santiago\", \"Flores da Cunha\",\n  \"Garibaldi\", \"Gramado\", \"Itaara\", \"São Francisco de Paula\", \"Xangri-lá\", \"Barra do Ribeiro\"\n];\n\nreturn cidades.map(cidade => {\n  return {\n    json: {\n      Busca1: `Floricultura em ${cidade}`\n    }\n  };\n});\n"},"type":"n8n-nodes-base.code","typeVersion":2,"position":[-2660,4360],"id":"08d28980-188e-4257-bdeb-a884f52825ee","name":"Code1"},{"parameters":{"jsCode":"// Entrada: lista de contatos no formato [{ json: {...} }]\nconst contatos = items.map(item => item.json);\n\n// Set para rastrear combinações únicas\nconst contatosVistos = new Set();\nconst contatosUnicos = [];\n\nfor (const contato of contatos) {\n  // Normaliza os campos\n  const nome = (contato.Nome || \"\").trim().toLowerCase();\n  const email = (contato.Email || \"\").trim().toLowerCase();\n  const telefone = (contato.Telefone || \"\").replace(/\\D/g, \"\"); // só números\n\n  // Chave única para comparação\n  const chave = `${nome}|${email}|${telefone}`;\n\n  if (!contatosVistos.has(chave)) {\n    contatosVistos.add(chave);\n    contatosUnicos.push({ json: contato });\n  }\n}\n\nreturn contatosUnicos;\n"},"type":"n8n-nodes-base.code","typeVersion":2,"position":[-5280,8500],"id":"b83efe21-6747-4774-abea-fe9d7ccda2ba","name":"Code3"},{"parameters":{"tableId":"Extracao_Clientes_Elementus","fieldsUi":{"fieldValues":[{"fieldId":"Nome","fieldValue":"={{ $json.Nome }}"},{"fieldId":"Telefone","fieldValue":"={{ $json.Telefone }}"},{"fieldId":"Website","fieldValue":"={{ $json.Website }}"},{"fieldId":"Endereco","fieldValue":"={{ $json.Endereco }}"}]}},"type":"n8n-nodes-base.supabase","typeVersion":1,"position":[-1620,4880],"id":"365d549c-5303-4715-8acf-11ff2969c612","name":"Create a row","credentials":{"supabaseApi":{"id":"G9KBchsZQ2g5jOab","name":"Supabase Astatonn"}}},{"parameters":{"url":"https://serpapi.com/search","sendQuery":true,"queryParameters":{"parameters":[{"name":"engine","value":"google_maps"},{"name":"q","value":"={{ $json.Busca }}"},{"name":"api_key","value":"={{ $json.Api_Key_SerpAPI }}"}]},"options":{}},"id":"60f799d4-ba27-44fa-9c81-79c624404b6c","name":"Busca na SerpAPI22","type":"n8n-nodes-base.httpRequest","typeVersion":4.2,"position":[-1920,4340]},{"parameters":{"functionCode":"let resultados = [];\n\nfor (const item of items) {\n  if (item.json.local_results && Array.isArray(item.json.local_results)) {\n    const locais = item.json.local_results.map(result => {\n      // Ajuste do telefone\n      let telefone = result.phone || '';\n      telefone = telefone.replace(/^\\+55\\s?-?/, '');\n\n      // Criação do objeto padronizado\n      return {\n        json: {\n          Nome: result.title || null,\n          Telefone: telefone || null,\n          Endereco: result.address || null,\n          Website: result.website || null,\n          Categoria: result.type || null\n        }\n      };\n    });\n\n    resultados = resultados.concat(locais);\n  }\n}\n\nreturn resultados;\n"},"type":"n8n-nodes-base.function","typeVersion":1,"position":[-1980,4880],"name":"Extrair Leads26","id":"46875fbf-8d51-4229-9d7d-fee42c5bb870"},{"parameters":{"assignments":{"assignments":[{"id":"d98405ce-9f98-498a-8e59-25626547f4a0","name":"Busca","value":"={{ $json.Busca1 }}","type":"string"},{"id":"dffe3218-7f15-4f2b-a4a3-14a54227c71b","name":"Api_Key_SerpAPI","REDACTED_KEY": "[REDACTED]","type":"string"},{"id":"c55477ec-89e4-4104-bed2-c979aea96fb0","name":"URL_EvolutionAPI","value":"http://evolutionapi.automatech.tech","type":"string"},{"id":"590c0178-b5a5-4355-9b44-37b57ba8672a","name":"Nome_Instancia_EvolutionAPI","value":"GLPI","type":"string"},{"id":"f68f1419-c32e-42c4-a7ff-275cc14a3a47","name":"Api_Key_EvolutionAPI","value":"4D5455C280AA-41B5-81E6-27D38CB30E9F","type":"string"}]},"options":{}},"type":"n8n-nodes-base.set","typeVersion":3.4,"position":[-2340,4360],"id":"2587e393-c34c-4e68-a1b2-60632855bd19","name":"Caxias do Sul1"},{"parameters":{},"type":"n8n-nodes-base.manualTrigger","typeVersion":1,"position":[-4940,5800],"id":"f8d2af8d-c9cc-4264-80fe-7ab176eb04ea","name":"When clicking ‘Execute workflow’"},{"parameters":{"batchSize":1,"options":{}},"type":"n8n-nodes-base.splitInBatches","typeVersion":1,"position":[-2960,4360],"name":"Split Coordenadas","id":"56d3c6ef-51aa-4933-8f28-232b90deeb12"},{"parameters":{"content":"# 🚀 USE ESTE START TRIGGER  \n# PARA INICIAR OS FLUXOS\n\nEste nó serve como ponto de partida do fluxo.  \nConecte os próximos nós a partir daqui para garantir a execução correta.\n\n✅ Dica:  \nConfigure o tipo de gatilho conforme o cenário (Webhook, Schedule, Manual, etc).\n","height":560,"width":920},"type":"n8n-nodes-base.stickyNote","position":[-5260,5500],"typeVersion":1,"id":"d8f9cc23-72e1-406d-a9b4-9d6ca5ba2e97","name":"Sticky Note"},{"parameters":{"conditions":{"options":{"caseSensitive":true,"leftValue":"","typeValidation":"strict","version":2},"conditions":[{"id":"cc8aa149-dbd6-426e-9c07-1d9b0fb710d8","leftValue":"={{ $json.Telefone }}","rightValue":"null","operator":{"type":"string","operation":"exists","singleValue":true}}],"combinator":"and"},"options":{}},"type":"n8n-nodes-base.if","typeVersion":2.2,"position":[-2880,5720],"id":"9540304b-6e2b-41fd-89b1-01c835a168e2","name":"If3"},{"parameters":{"url":"https://api.scraperapi.com","responseFormat":"string","options":{},"queryParametersUi":{"parameter":[{"name":"api_key","REDACTED_KEY": "[REDACTED]"},{"name":"url","value":"={{ $json.Website }}"},{"name":"render","value":"true"}]}},"id":"cca14091-c4f8-443f-8dab-0e3c9b2c7a57","name":"HTTP Request ScraperAPI","type":"n8n-nodes-base.httpRequest","typeVersion":2,"position":[-4400,8460]},{"parameters":{"functionCode":"const html = $json.body;\n\nif (!html || typeof html !== 'string') {\n  return [{\n    json: {\n      emails_encontrados: ['sem_html'],\n      total: 0,\n      erro: 'HTML ausente ou inválido',\n      status: 'falhou'\n    }\n  }];\n}\n\nconst emailRegex = /[a-zA-Z0-9._%+-]+@[a-zA-Z0-9.-]+\\.[a-zA-Z]{2,}/g;\n\nconst matches = html.match(emailRegex) || [];\n// Remove duplicados e limpa pontuação final como . , ; :\nconst emailsUnicos = [...new Set(matches.map(e => e.trim().replace(/[.,;:]+$/, '')))].filter(e => e);\n\nreturn [{\n  json: {\n    emails_encontrados: emailsUnicos.length ? emailsUnicos : ['nenhum_email'],\n    total: emailsUnicos.length,\n    status: 'ok'\n  }\n}];\n\n"},"id":"5e72e5ba-4424-4bfe-ac08-d0d13b7ca896","name":"Extrair Emails","type":"n8n-nodes-base.function","typeVersion":1,"position":[-4160,8460]},{"parameters":{"functionCode":"// Coordenadas com @ e ,14z — compatíveis com SerpAPI (Grande Porto Alegre)\nconst coordenadas = [\n  '@-30.0277,-51.2287,14z', // Centro POA\n  '@-30.0428,-51.2095,14z', // Menino Deus\n  '@-30.0156,-51.1851,14z', // Petrópolis\n  '@-30.0644,-51.1242,14z', // Lomba do Pinheiro\n  '@-30.0773,-51.2091,14z', // Partenon\n  '@-30.0500,-51.1700,14z', // Teresópolis\n  '@-30.0350,-51.2400,14z', // Navegantes\n  '@-29.9200,-51.1800,14z', // Centro Canoas\n  '@-29.9150,-51.1700,14z', // São Luis - Canoas\n  '@-29.9045,-51.1500,14z', // Mathias Velho - Canoas\n  '@-29.9600,-51.0800,14z', // Viamão\n  '@-29.9400,-51.1300,14z', // Alvorada\n  '@-29.9400,-51.0200,14z', // Gravataí\n  '@-29.9300,-51.0800,14z', // Cachoeirinha\n  '@-29.8600,-51.1800,14z', // Guaíba\n  '@-29.8500,-51.1500,14z', // Eldorado do Sul\n  '@-29.8000,-51.1400,14z', // Sapucaia do Sul\n  '@-29.8200,-51.1600,14z', // Esteio\n  '@-29.7260,-51.1500,14z', // São Leopoldo\n  '@-29.7500,-51.1300,14z'  // Novo Hamburgo\n];\n\n// Offsets para buscar mais resultados por coordenada\nconst offsets = [0, 20, 40, 60, 80, 100, 120, 140, 160, 180];\n\nconst combinacoes = [];\n\nfor (const ll of coordenadas) {\n  for (const start of offsets) {\n    combinacoes.push({ json: { ll, start } });\n  }\n}\n\nreturn combinacoes;\n"},"type":"n8n-nodes-base.function","typeVersion":1,"position":[-3300,4920],"name":"Gerar Coordenadas1","id":"253a668c-b717-445b-bbce-2dcfb4a545ec"},{"parameters":{"url":"https://serpapi.com/search.json","options":{},"queryParametersUi":{"parameter":[{"name":"engine","value":"google_maps"},{"name":"type","value":"search"},{"name":"q","value":"Arquitetos"},{"name":"ll","value":"={{ $json.ll }}"},{"name":"api_key","REDACTED_KEY": "[REDACTED]"},{"name":"start","value":"={{ $json.start }}"}]}},"type":"n8n-nodes-base.httpRequest","typeVersion":2,"position":[-2300,4880],"name":"Chamar SerpAPI2","id":"b1d3f5e5-30cc-4ae4-b5c8-ec1ac1201e10","executeOnce":true},{"parameters":{"keepOnlySet":true,"values":{"string":[{"name":"dominio","value":"={{ $json.Website }}"}]},"options":{}},"name":"Dominios","type":"n8n-nodes-base.set","typeVersion":1,"position":[-2580,5540],"id":"82f106cc-5534-4b42-8b43-ce82b8a2b0cd"},{"parameters":{"url":"https://api.hunter.io/v2/domain-search","options":{}},"name":"Buscar Emails Hunter","type":"n8n-nodes-base.httpRequest","typeVersion":1,"position":[-5020,8480],"id":"3b386bec-9575-4469-b0e1-4d55e82ca7c3"},{"parameters":{"functionCode":"return items.map(item => {\n  const emails = item.json.data.emails.filter(e => e.confidence >= 85);\n  return emails.map(email => ({\n    json: {\n      dominio: item.json.data.domain,\n      email: email.value,\n      tipo: email.type,\n      confianca: email.confidence,\n      nome: email.first_name || '',\n      cargo: email.position || ''\n    }\n  }));\n}).flat();"},"name":"Filtrar Emails","type":"n8n-nodes-base.function","typeVersion":1,"position":[-4820,8480],"id":"ea73f27c-7ae6-4fe5-810b-2fb1dc15d866"},{"parameters":{"operation":"append","sheetId":"SUA_PLANILHA_ID","range":"A1","options":{"valueInputMode":"RAW"}},"name":"Salvar no Google Sheets","type":"n8n-nodes-base.googleSheets","typeVersion":1,"position":[-4620,8480],"id":"1813c709-021e-474c-8921-8dc7ee0d3a1c"},{"parameters":{"method":"POST","url":"https://api.apollo.io/api/v1/contacts/search/","sendQuery":true,"queryParameters":{"parameters":[{"name":"Authorization","value":"Bearer [REDACTED]"},{"name":"Content-Type","value":"application/json"}]},"options":{}},"name":"Buscar Leads Apollo","type":"n8n-nodes-base.httpRequest","position":[-80,5580],"id":"390f0742-96e2-4ef9-afe8-d8ff2d95f794","typeVersion":4.2},{"parameters":{"functionCode":"const leads = $json.people || [];\nreturn leads.map(lead => {\n  return {\n    json: {\n      nome: lead.name,\n      email: lead.email,\n      empresa: lead.organization.name,\n      cargo: lead.title,\n      localizacao: lead.location\n    }\n  };\n});"},"name":"Organizar Dados","type":"n8n-nodes-base.function","position":[-1940,5540],"id":"1b297854-7bea-416f-8261-fa48d765630f","typeVersion":1},{"parameters":{"batchSize":1,"options":{}},"type":"n8n-nodes-base.splitInBatches","typeVersion":1,"position":[-2880,5540],"name":"Split Coordenadas2","id":"79ea129a-84eb-4157-89ff-010ca367f817"},{"parameters":{"url":"https://api.apollo.io/api/v1/contacts/search/","jsonParameters":true,"options":{},"headerParametersJson":"{ \"Content-Type\": \"application/json\", \"Authorization\": \"Bearer [REDACTED]\" }"},"name":"Buscar Leads Apollo1","type":"n8n-nodes-base.httpRequest","typeVersion":2,"position":[-2260,5540],"id":"771cd0d8-fd43-4dd3-affa-cf8f280c2315"},{"parameters":{"amount":2,"path":"32d5f702-91c8-45f4-a4b8-e2c192053473"},"type":"n8n-nodes-base.wait","typeVersion":1.1,"position":[-2640,4880],"id":"4f9306e1-c6d2-4501-bb60-730ca8ff3a86","name":"Wait1","webhookId":"32d5f702-91c8-45f4-a4b8-e2c192053473"},{"parameters":{"options":{}},"type":"n8n-nodes-base.splitInBatches","typeVersion":3,"position":[-2960,4860],"id":"8e9eafcc-238b-4502-9691-615dc107ff31","name":"Loop Over Items"},{"parameters":{},"type":"n8n-nodes-base.noOp","name":"Replace Me","typeVersion":1,"position":[-1240,4280],"id":"23c1cd50-fc7d-4abd-8647-9f589e28bf88"},{"parameters":{"batchSize":1,"options":{}},"type":"n8n-nodes-base.splitInBatches","typeVersion":1,"position":[-2580,5700],"name":"Split Coordenadas3","id":"df6f24b2-7ed7-473d-8348-65a52f4533ad"},{"parameters":{"url":"={{ $json.Website }}","responseFormat":"string","options":{"followRedirect":true,"timeout":10000},"headerParametersUi":{"parameter":[{"name":"User-Agent","value":"Mozilla/5.0 (Windows NT 10.0; Win64; x64) AppleWebKit/537.36 (KHTML, like Gecko) Chrome/115.0.0.0 Safari/537.36"},{"name":"Accept","value":"text/html,application/xhtml+xml,application/xml;q=0.9,image/webp,*/*;q=0.8"}]}},"name":"Acessar Site","type":"n8n-nodes-base.httpRequest","typeVersion":2,"position":[-4180,6040],"id":"72e68803-fcc8-47e2-8543-480dfe94289d","continueOnFail":true},{"parameters":{"jsCode":"const originalData = $json;\n\n// ✅ Tenta encontrar o HTML em diferentes campos\nlet html = $json.body || $json.html || $json.content || $json.data || $json.response || '';\n\nif (!html || typeof html !== 'string' || html.trim() === '') {\n  return [{\n    json: {\n      ...originalData,\n      emails_encontrados: ['sem_html'],\n      total: 0,\n      erro: 'HTML vazio ou inválido',\n      status: 'processado',\n      diagnostico: {\n        campos_recebidos: Object.keys($json),\n        exemplo: JSON.stringify($json).slice(0, 500),\n      }\n    }\n  }];\n}\n\n// Decodifica entidades HTML (ex: &#64;)\nhtml = html\n  .replace(/&#x([0-9A-Fa-f]+);/g, (_, hex) => String.fromCharCode(parseInt(hex, 16)))\n  .replace(/&#(\\d+);/g, (_, dec) => String.fromCharCode(parseInt(dec, 10)));\n\ntry {\n  // Remove scripts e styles\n  const plainText = html\n    .replace(/<script[^>]*>[\\s\\S]*?<\\/script>/gi, '')\n    .replace(/<style[^>]*>[\\s\\S]*?<\\/style>/gi, '')\n    .replace(/<\\/?[^>]+(>|$)/g, ' ')\n    .replace(/\\s+/g, ' ')\n    .trim();\n\n  // Regex de e-mail universal\n  const emailRegex = /[a-zA-Z0-9._%+-]+@[a-zA-Z0-9.-]+\\.[a-zA-Z]{2,}/g;\n  const matches = plainText.match(emailRegex) || [];\n\n  const emailsUnicos = [...new Set(matches.map(e => e.trim().replace(/[.,;:]+$/, '')))];\n\n  return [{\n    json: {\n      ...originalData,\n      emails_encontrados: emailsUnicos.length ? emailsUnicos : ['nenhum_email'],\n      total: emailsUnicos.length,\n      status: 'processado',\n    }\n  }];\n} catch (err) {\n  return [{\n    json: {\n      ...originalData,\n      emails_encontrados: ['erro_processamento'],\n      total: 0,\n      erro: err.message,\n      status: 'processado',\n    }\n  }];\n}\n"},"name":"Extrair Email do HTML","type":"n8n-nodes-base.code","typeVersion":1,"position":[-2100,5700],"id":"5c5890e0-0849-493c-afd4-c4d0e6998a21","continueOnFail":true},{"parameters":{"assignments":{"assignments":[{"id":"e0de0e6f-c39e-4a16-afc0-e2a8a86a5105","name":"emails_encontrados","value":"={{ $json.emails_encontrados }}","type":"string"}]},"options":{}},"type":"n8n-nodes-base.set","typeVersion":3.4,"position":[-1840,5700],"id":"eaefca8c-1780-46a9-957c-d956a02828cf","name":"Edit Fields"},{"parameters":{"jsCode":"return items.map(item => {\n  const raw = item.json.emails_encontrados;\n\n  // Converte a string para array de e-mails usando JSON.parse\n  let emails = [];\n  try {\n    emails = JSON.parse(raw);\n  } catch (e) {\n    // Em caso de erro, retorna o valor original como fallback\n    emails = [];\n  }\n\n  return {\n    json: {\n      ...item.json,\n      // Se quiser string com emails separados por vírgula:\n      emails_encontrados: emails.join(', ')\n      // Ou mantenha como array puro:\n      // emails_encontrados: emails\n    }\n  };\n});\n"},"type":"n8n-nodes-base.code","typeVersion":2,"position":[-1620,5700],"id":"c06f6f32-389c-4d9f-ab8e-2f937403e7f4","name":"Code"},{"parameters":{"conditions":{"options":{"caseSensitive":true,"leftValue":"","typeValidation":"strict","version":2},"conditions":[{"id":"acd04e83-fe84-41e4-b5ce-35bf1a7d5d42","leftValue":"={{ $json.emails_encontrados }}","rightValue":"","operator":{"type":"string","operation":"exists","singleValue":true}}],"combinator":"and"},"options":{}},"type":"n8n-nodes-base.if","typeVersion":2.2,"position":[-1300,5700],"id":"b6aefcc4-d72d-4081-9a7f-d546a3b32323","name":"If4"},{"parameters":{"operation":"getAll","tableId":"Extracao_Clientes_Elementus","limit":1},"type":"n8n-nodes-base.supabase","typeVersion":1,"position":[-40,5720],"id":"5531cf4d-57a5-4627-9938-23b1722130e6","name":"Get many rows4","alwaysOutputData":true,"credentials":{"supabaseApi":{"id":"G9KBchsZQ2g5jOab","name":"Supabase Astatonn"}},"onError":"continueRegularOutput"},{"parameters":{"operation":"update","tableId":"Extracao_Clientes_Elementus","filters":{"conditions":[{"keyName":"Telefone","condition":"eq","keyValue":"={{ $json.telefone }}"}]},"fieldsUi":{"fieldValues":[{"fieldId":"Email","fieldValue":"={{ $json.email }}"}]}},"type":"n8n-nodes-base.supabase","typeVersion":1,"position":[-300,6040],"id":"bf319be7-c0a2-4442-9ecd-ef0fe804a193","name":"Update a row1","retryOnFail":true,"executeOnce":false,"credentials":{"supabaseApi":{"id":"G9KBchsZQ2g5jOab","name":"Supabase Astatonn"}},"onError":"continueRegularOutput"},{"parameters":{"amount":2,"path":"c892a3cd-0cee-49e5-85ce-e2b3472df460"},"type":"n8n-nodes-base.wait","typeVersion":1.1,"position":[-600,5800],"id":"af0eb6b4-c88b-46c2-8582-da4c564655a4","name":"Wait2","webhookId":"c892a3cd-0cee-49e5-85ce-e2b3472df460"},{"parameters":{"conditions":{"options":{"caseSensitive":true,"leftValue":"","typeValidation":"strict","version":2},"conditions":[{"id":"8b3a2347-5481-4e15-a71e-ad85f66c1697","leftValue":"={{ $json.Email }}","rightValue":"nenhum_email","operator":{"type":"string","operation":"notEquals"}}],"combinator":"and"},"options":{}},"type":"n8n-nodes-base.if","typeVersion":2.2,"position":[-2200,6440],"id":"8881fb59-ac9c-4d99-b6b9-891d6bafca86","name":"If1"},{"parameters":{"conditions":{"options":{"caseSensitive":true,"leftValue":"","typeValidation":"strict","version":2},"conditions":[{"id":"aff26c9f-b7cd-4952-8f16-6eb5eace93df","leftValue":"={{ $json.Email }}","rightValue":"sem_html","operator":{"type":"string","operation":"notEquals"}}],"combinator":"and"},"options":{}},"type":"n8n-nodes-base.if","typeVersion":2.2,"position":[-1840,6420],"id":"6e7eb7fe-8a6f-43be-be4e-1b3b07dcb899","name":"If5"},{"parameters":{"conditions":{"options":{"caseSensitive":true,"leftValue":"","typeValidation":"strict","version":2},"conditions":[{"id":"f7955388-518a-47f7-b250-7e563eb8097c","leftValue":"","rightValue":"","operator":{"type":"string","operation":"equals","name":"filter.operator.equals"}}],"combinator":"or"},"options":{}},"type":"n8n-nodes-base.if","typeVersion":2.2,"position":[-3940,8460],"id":"baa265df-8a4e-47be-bd19-e3101a0af930","name":"If6"},{"parameters":{"conditions":{"options":{"caseSensitive":true,"leftValue":"","typeValidation":"strict","version":2},"conditions":[{"id":"33c04122-7c25-4e8e-a39a-7534186c0972","leftValue":"={{ $json.Telefone }}","rightValue":"={{ $json.Telefone }}","operator":{"type":"string","operation":"notEquals"}}],"combinator":"and"},"options":{}},"type":"n8n-nodes-base.if","typeVersion":2.2,"position":[-4140,8100],"id":"b3f251e0-eb8d-4ed0-ae69-64c3d1a0f04e","name":"If7"},{"parameters":{"mergeByFields":{"values":[{"field1":"Telefone","field2":"Telefone"}]},"options":{}},"type":"n8n-nodes-base.compareDatasets","typeVersion":2.3,"position":[-3660,8520],"id":"eb2f2920-33cd-474d-b97a-6cd45bcd4998","name":"Compare Datasets"},{"parameters":{"url":"=https://r.jina.ai/{{ $json.Website }}","options":{}},"id":"52ba48ad-50f9-479b-8cd4-4d28539a0a69","name":"Jina AI - Scraper","type":"n8n-nodes-base.httpRequest","typeVersion":4.2,"position":[-2360,5700]},{"parameters":{"assignments":{"assignments":[{"id":"d83660e1-683c-410a-8059-1eae65816f85","name":"email","value":"={{ $json.emails_encontrados }}","type":"string"},{"id":"964c1407-7987-4812-acdc-0d7e09c38ed9","name":"telefone","value":"={{ $('Split Coordenadas3').item.json.Telefone }}","type":"string"},{"id":"b7d47f4a-55ba-4581-b96c-7d4d50ccbbde","name":"Endereço","value":"={{ $('Split Coordenadas3').item.json.Endereco }}","type":"string"},{"id":"b34d0b12-f742-4e9d-8fa7-70a04a0145a9","name":"Website","value":"={{ $('Split Coordenadas3').item.json.Website }}","type":"string"},{"id":"246a71d6-094b-40f7-95c7-78266eeb0706","name":"nome","value":"={{ $('Split Coordenadas3').item.json.Nome }}","type":"string"}]},"options":{}},"type":"n8n-nodes-base.set","typeVersion":3.4,"position":[-1040,5680],"id":"7298e60a-9a01-4006-9ff3-52832efc0d07","name":"Edit Fields1"}],"connections":{"Get many rows":{"main":[[]]},"Get many rows2":{"main":[[{"node":"If2","type":"main","index":0}]]},"If2":{"main":[[{"node":"Limit1","type":"main","index":0}],[]]},"Limit1":{"main":[[{"node":"If3","type":"main","index":0}]]},"Get many rows3":{"main":[[{"node":"If","type":"main","index":0}]]},"If":{"main":[[{"node":"If1","type":"main","index":0}]]},"Append row in sheet":{"main":[[{"node":"Wait2","type":"main","index":0}]]},"Code1":{"main":[[]]},"Code3":{"main":[[]]},"Busca na SerpAPI22":{"main":[[]]},"Caxias do Sul1":{"main":[[]]},"Extrair Leads26":{"main":[[{"node":"Create a row","type":"main","index":0}]]},"When clicking ‘Execute workflow’":{"main":[[{"node":"Get many rows2","type":"main","index":0}]]},"Split Coordenadas":{"main":[[]]},"Create a row":{"main":[[{"node":"Loop Over Items","type":"main","index":0}]]},"If3":{"main":[[{"node":"Split Coordenadas3","type":"main","index":0}],[]]},"HTTP Request ScraperAPI":{"main":[[]]},"Extrair Emails":{"main":[[]]},"Gerar Coordenadas1":{"main":[[{"node":"Loop Over Items","type":"main","index":0}]]},"Chamar SerpAPI2":{"main":[[{"node":"Extrair Leads26","type":"main","index":0}]]},"Dominios":{"main":[[{"node":"Buscar Leads Apollo1","type":"main","index":0}]]},"Buscar Emails Hunter":{"main":[[{"node":"Filtrar Emails","type":"main","index":0}]]},"Filtrar Emails":{"main":[[{"node":"Salvar no Google Sheets","type":"main","index":0}]]},"Buscar Leads Apollo":{"main":[[]]},"Split Coordenadas2":{"main":[[{"node":"Dominios","type":"main","index":0}]]},"Buscar Leads Apollo1":{"main":[[{"node":"Organizar Dados","type":"main","index":0}]]},"Wait1":{"main":[[{"node":"Chamar SerpAPI2","type":"main","index":0}]]},"Loop Over Items":{"main":[[],[{"node":"Wait1","type":"main","index":0}]]},"Replace Me":{"main":[[]]},"Split Coordenadas3":{"main":[[{"node":"Jina AI - Scraper","type":"main","index":0}]]},"Acessar Site":{"main":[[]]},"Extrair Email do HTML":{"main":[[{"node":"Edit Fields","type":"main","index":0}]]},"Edit Fields":{"main":[[{"node":"Code","type":"main","index":0}]]},"Code":{"main":[[{"node":"If4","type":"main","index":0}]]},"If4":{"main":[[{"node":"Edit Fields1","type":"main","index":0}],[{"node":"Split Coordenadas3","type":"main","index":0}]]},"Get many rows4":{"main":[[]]},"Update a row1":{"main":[[]]},"Wait2":{"main":[[{"node":"Split Coordenadas3","type":"main","index":0}]]},"If1":{"main":[[{"node":"If5","type":"main","index":0}]]},"If5":{"main":[[]]},"If6":{"main":[[]]},"If7":{"main":[[]]},"Compare Datasets":{"main":[[]]},"Jina AI - Scraper":{"main":[[{"node":"Extrair Email do HTML","type":"main","index":0}]]},"Edit Fields1":{"main":[[{"node":"Append row in sheet","type":"main","index":0}]]}},"settings":{"executionOrder":"v1"},"staticData":null,"meta":{"templateCredsSetupCompleted":true},"pinData":{},"versionId":"612984d5-13b6-4851-8a37-f1b1a1820283","triggerCount":0,"tags":[]}

