{"createdAt":"2025-07-18T04:25:38.934Z","updatedAt":"2025-08-14T00:25:02.475Z","id":"q4agM88p9QohGx6P","name":"FLUXO DE BACKUP DOS FLUXOS DO N8N","active":true,"isArchived":false,"nodes":[{"parameters":{"rule":{"interval":[{}]}},"id":"b83714de-13e0-40cd-8781-0942d04accbb","name":"Agendar - BackUp","type":"n8n-nodes-base.scheduleTrigger","typeVersion":1.2,"position":[608,688]},{"parameters":{"assignments":{"assignments":[{"id":"c491fed3-2aed-4b5a-8b25-2b11b75d06a6","name":"IdPastaDrive","value":"https://drive.google.com/drive/folders/1okJbDXivudzVpeQ3It4beO83EdZ1o4Yg?usp=sharing","type":"string"}]},"options":{}},"id":"51ad8bca-c2f5-4c2a-92c2-5c75bcf450ad","name":"Parametro de Entrada","type":"n8n-nodes-base.set","typeVersion":3.4,"position":[784,688]},{"parameters":{"resource":"folder","name":"={{ $now.format('yyyy-MM-dd HH:mm:ss') }}","driveId":{"__rl":true,"value":"My Drive","mode":"list","cachedResultName":"My Drive","cachedResultUrl":"https://drive.google.com/drive/my-drive"},"folderId":{"__rl":true,"value":"1rLEf0Zl_v6_-LO17nvAj4k7o73XUc_dI","mode":"list","cachedResultName":"ASTATONN","cachedResultUrl":"https://drive.google.com/drive/folders/1rLEf0Zl_v6_-LO17nvAj4k7o73XUc_dI"},"options":{"folderColorRgb":"#FFAA00"}},"id":"0edc8a7b-e6cb-49ad-b37d-0defc009ece4","name":"Criar SubPasta","type":"n8n-nodes-base.googleDrive","typeVersion":3,"position":[960,688],"credentials":{"googleDriveOAuth2Api":{"id":"eXShTOGRfdorsKb8","name":"Google Drive VIctor"}}},{"parameters":{"resource":"folder","name":"=ATIVO {{ $now.format('yyyy-MM-dd HH:mm:ss') }}","driveId":{"__rl":true,"value":"My Drive","mode":"list","cachedResultName":"My Drive","cachedResultUrl":"https://drive.google.com/drive/my-drive"},"folderId":{"__rl":true,"value":"={{ $('Criar SubPasta').item.json.id }}","mode":"id"},"options":{"folderColorRgb":"#28C800"}},"id":"51c42f10-8228-4e00-a8ea-8726077dd7cb","name":"Criar Pasta Ativo","type":"n8n-nodes-base.googleDrive","typeVersion":3,"position":[1120,688],"credentials":{"googleDriveOAuth2Api":{"id":"eXShTOGRfdorsKb8","name":"Google Drive VIctor"}}},{"parameters":{"filters":{},"requestOptions":{}},"id":"8a73cbc9-f5bb-4518-9213-d8bd736d808e","name":"Pegar Todos Fluxo","type":"n8n-nodes-base.n8n","typeVersion":1,"position":[1504,688],"credentials":{"n8nApi":{"id":"y69CSrUtcMeyjziA","name":"n8n account"}}},{"parameters":{"conditions":{"options":{"caseSensitive":true,"leftValue":"","typeValidation":"strict","version":2},"conditions":[{"id":"345c40a9-2a46-442c-9db1-181c9085ddd4","leftValue":"={{ $json.active }}","rightValue":"false","operator":{"type":"boolean","operation":"true","singleValue":true}}],"combinator":"and"},"options":{}},"id":"d2afb169-ef51-41d0-91a3-06aeb32b423f","name":"Separar Fluxo Ativo - Desativado","type":"n8n-nodes-base.if","typeVersion":2.2,"position":[1680,688]},{"parameters":{"operation":"toJson","mode":"each","options":{"fileName":"={{ $json.name }}.json"}},"id":"cf37b902-8541-4f71-b3e5-2578f47986fc","name":"Converte Arquivo Ativo","type":"n8n-nodes-base.convertToFile","typeVersion":1.1,"position":[1952,592]},{"parameters":{"operation":"toJson","mode":"each","options":{"fileName":"={{ $json.name }}.json"}},"id":"874ce461-aa3c-4daa-afde-420f6fb82e62","name":"Converte Arquivo Desativado","type":"n8n-nodes-base.convertToFile","typeVersion":1.1,"position":[1920,816]},{"parameters":{"name":"={{ $('Pegar Todos Fluxo').item.json.name }}","driveId":{"__rl":true,"value":"My Drive","mode":"list","cachedResultName":"My Drive","cachedResultUrl":"https://drive.google.com/drive/my-drive"},"folderId":{"__rl":true,"value":"={{ $('Criar Pasta Ativo').item.json.id }}","mode":"id"},"options":{}},"id":"bdd338f6-812b-4cbd-92bd-5cd3c97189eb","name":"Upload Arquivos - ON","type":"n8n-nodes-base.googleDrive","typeVersion":3,"position":[2192,592],"credentials":{"googleDriveOAuth2Api":{"id":"eXShTOGRfdorsKb8","name":"Google Drive VIctor"}}},{"parameters":{"name":"={{ $('Pegar Todos Fluxo').item.json.name }}","driveId":{"__rl":true,"mode":"list","value":"My Drive"},"folderId":{"__rl":true,"value":"={{ $('Criar Pasta Desativado').item.json.id }}","mode":"id"},"options":{}},"id":"23f66086-ec29-4c7a-b2d7-5f1faf75cede","name":"Upload Arquivos - OFF","type":"n8n-nodes-base.googleDrive","typeVersion":3,"position":[2208,816],"credentials":{"googleDriveOAuth2Api":{"id":"eXShTOGRfdorsKb8","name":"Google Drive VIctor"}}},{"parameters":{"resource":"folder","name":"=DESATIVADO {{ $now.format('yyyy-MM-dd HH:mm:ss') }} ","driveId":{"__rl":true,"value":"My Drive","mode":"list","cachedResultName":"My Drive","cachedResultUrl":"https://drive.google.com/drive/my-drive"},"folderId":{"__rl":true,"value":"={{ $('Criar SubPasta').item.json.id }}","mode":"id"},"options":{"folderColorRgb":"#C30A0A"}},"id":"746b96a4-b1c2-4420-84fe-540b0c3eec67","name":"Criar Pasta Desativado","type":"n8n-nodes-base.googleDrive","typeVersion":3,"position":[1312,688],"credentials":{"googleDriveOAuth2Api":{"id":"eXShTOGRfdorsKb8","name":"Google Drive VIctor"}}},{"parameters":{"content":"# Descrição do Fluxo de Backup no n8n\n\nEste fluxo no **n8n** realiza o **backup automatizado** de arquivos para o **Google Drive**, organizando-os em pastas específicas para arquivos ativos e desativados. A seguir está a descrição detalhada de cada etapa do fluxo:\n\n## 1. Agendar - Backup\n- Define o agendamento para a execução do backup. Pode ser configurado para intervalos regulares (diariamente, semanalmente, etc.).\n\n## 2. Parâmetro de Entrada (manual)\n- Recebe parâmetros manuais para configurar o backup de forma personalizada. Pode ser utilizado para definir quais arquivos ou pastas devem ser incluídos no backup.\n\n## 3. Criar SubPasta\n- Cria uma subpasta no **Google Drive** onde os arquivos serão armazenados.\n\n## 4. Criar Pasta Ativo\n- Cria uma pasta no **Google Drive** destinada a armazenar os arquivos **ativos** (em uso).\n\n## 5. Criar Pasta Desativado\n- Cria uma pasta no **Google Drive** para armazenar os arquivos **desativados** ou arquivados.\n\n## 6. Pegar Todos Fluxo (getAll: workflow)\n- Busca todos os fluxos de trabalho existentes no sistema para identificar quais precisam ser incluídos no backup.\n\n## 7. Separar Fluxo Ativo/Desativado\n- Realiza a separação dos fluxos de trabalho entre **ativos** e **desativados**. Dependendo da categoria, os fluxos seguem diferentes caminhos no backup.\n\n## 8. Converte Arquivo Ativo (Convert to JSON)\n- Converte os arquivos **ativos** para o formato **JSON** antes de realizar o upload para o Google Drive.\n\n## 9. Upload Arquivos - ON\n- Faz o **upload** dos arquivos **ativos** (em formato JSON) para a pasta designada no Google Drive.\n\n## 10. Converte Arquivo Desativado (Convert to JSON)\n- Converte os arquivos **desativados** para o formato **JSON** antes do upload.\n\n## 11. Upload Arquivos - OFF\n- Faz o **upload** dos arquivos **desativados** (em formato JSON) para a pasta designada no Google Drive.\n\n---\n\n## Finalidade do Fluxo\n\nEste fluxo automatiza o processo de **backup** de arquivos no **n8n**, garantindo que os arquivos sejam organizados em pastas separadas (ativos e desativados) no Google Drive, com os devidos formatos e organização para armazenamento seguro.\n\n","height":1311.806085760995,"width":780.8952583967696},"id":"0549112a-d5ff-401a-b972-2289403dff3d","name":"Sticky Note","type":"n8n-nodes-base.stickyNote","typeVersion":1,"position":[-320,-32]}],"connections":{"Agendar - BackUp":{"main":[[{"node":"Parametro de Entrada","type":"main","index":0}]]},"Parametro de Entrada":{"main":[[{"node":"Criar SubPasta","type":"main","index":0}]]},"Criar SubPasta":{"main":[[{"node":"Criar Pasta Ativo","type":"main","index":0}]]},"Criar Pasta Ativo":{"main":[[{"node":"Criar Pasta Desativado","type":"main","index":0}]]},"Pegar Todos Fluxo":{"main":[[{"node":"Separar Fluxo Ativo - Desativado","type":"main","index":0}]]},"Separar Fluxo Ativo - Desativado":{"main":[[{"node":"Converte Arquivo Ativo","type":"main","index":0}],[{"node":"Converte Arquivo Desativado","type":"main","index":0}]]},"Converte Arquivo Ativo":{"main":[[{"node":"Upload Arquivos - ON","type":"main","index":0}]]},"Converte Arquivo Desativado":{"main":[[{"node":"Upload Arquivos - OFF","type":"main","index":0}]]},"Criar Pasta Desativado":{"main":[[{"node":"Pegar Todos Fluxo","type":"main","index":0}]]}},"settings":{"executionOrder":"v1"},"staticData":{"node:Agendar - BackUp":{"recurrenceRules":[]}},"meta":{"templateCredsSetupCompleted":true},"pinData":{},"versionId":"f05e51e4-d1d9-44ac-b69c-e3dc06dfb23e","triggerCount":1,"tags":[]}

