{"createdAt":"2025-06-03T23:14:32.220Z","updatedAt":"2025-07-18T03:04:17.377Z","id":"y059pg8srY93FPDE","name":"My workflow 23","active":false,"isArchived":true,"nodes":[{"parameters":{"url":"http://maps.astatonn.com/geocode?address=Edgar Pires de Castro 2901","sendQuery":true,"options":{}},"type":"n8n-nodes-base.httpRequest","typeVersion":4.2,"position":[-660,-20],"id":"e11d1e5c-d76b-4a0b-bb0f-1aacb5e98083","name":"HTTP Request"},{"parameters":{"jsCode":"const distanciaEmKm = parseFloat(($json.routes[0].distance / 1000).toFixed(2));\nconst duracaoEmMin = Math.round($json.routes[0].duration / 60);\n\nif (distanciaEmKm > 50) {\n  throw new Error(`A entrega não é possível: o endereço está a ${distanciaEmKm} km, acima do limite de 50 km.`);\n}\n\nreturn [{\n  distancia_km: distanciaEmKm,\n  duracao_min: duracaoEmMin\n}];\n"},"type":"n8n-nodes-base.code","typeVersion":2,"position":[-80,-20],"id":"2757dfc2-fe37-4004-b3ae-19125dac05e2","name":"Code"},{"parameters":{"url":"=http://maps.astatonn.com/route/v1/driving/{{$json[\"coordinates\"][\"longitude\"]}},{{$json[\"coordinates\"][\"latitude\"]}};-51.150334,-30.027213","options":{}},"type":"n8n-nodes-base.httpRequest","typeVersion":4.2,"position":[-340,-20],"id":"ffa198d7-5c83-4452-9f23-3f66c84bffa1","name":"HTTP Request1"},{"parameters":{},"type":"n8n-nodes-base.manualTrigger","typeVersion":1,"position":[-900,-20],"id":"38197b84-e4f5-4eba-8258-3d4421afe2fc","name":"When clicking ‘Test workflow’"}],"connections":{"HTTP Request":{"main":[[{"node":"HTTP Request1","type":"main","index":0}]]},"HTTP Request1":{"main":[[{"node":"Code","type":"main","index":0}]]},"When clicking ‘Test workflow’":{"main":[[{"node":"HTTP Request","type":"main","index":0}]]}},"settings":{"executionOrder":"v1"},"staticData":null,"meta":null,"pinData":{},"versionId":"bd5f0f39-7e49-465f-a804-da93328a822f","triggerCount":0,"tags":[]}

