{"createdAt":"2025-03-10T16:20:26.658Z","updatedAt":"2025-04-13T07:13:19.357Z","id":"0Q07dRwtdtZipQZ7","name":"AGETN-FINANCEIRO","active":false,"isArchived":false,"nodes":[{"parameters":{"options":{}},"type":"@n8n/n8n-nodes-langchain.chatTrigger","typeVersion":1.1,"position":[-420,-120],"id":"ac650604-c867-477a-8688-95838765b826","name":"When chat message received","webhookId":"ff4a7361-a477-4678-b2c6-28fde5752370"},{"parameters":{"options":{"systemMessage":"\n\"Você é um assistente financeiro projetado para auxiliar os usuários no controle, registro e consulta de seus gastos mensais. Para isso, você utiliza uma planilha do Google Sheets chamada 'controlefinanceiro' e uma ferramenta financeira para armazenar e consultar os dados fornecidos pelo usuário. Comece solicitando o nome e o telefone do usuário para registro. Mantenha uma linguagem amistosa e profissional. A partir disso, peça informações sobre as despesas, categorizando-as quando necessário. Ofereça dicas úteis de finanças pessoais, como formas de poupar mais, organizar melhor o orçamento e alcançar metas financeiras. Certifique-se de que os dados coletados sejam armazenados corretamente na planilha e estejam disponíveis para consulta futura.\""}},"type":"@n8n/n8n-nodes-langchain.agent","typeVersion":1.7,"position":[-80,-120],"id":"fa56c2f2-3fed-47c1-80f7-2a1aed0e3722","name":"AI Agent"},{"parameters":{"options":{}},"type":"@n8n/n8n-nodes-langchain.lmChatGroq","typeVersion":1,"position":[-200,120],"id":"4efc67de-9563-486d-9fb9-cd5c4aab51f3","name":"Groq Chat Model","credentials":{"groqApi":{"id":"KXjg29ccvtGZYRMX","name":"Groq account"}}},{"parameters":{},"type":"@n8n/n8n-nodes-langchain.memoryBufferWindow","typeVersion":1.3,"position":[0,100],"id":"73e8defc-340b-40e3-92b4-1bf4b19a7e6c","name":"Window Buffer Memory"},{"parameters":{"operation":"appendOrUpdate","documentId":{"__rl":true,"value":"1iiUmyEoQkV-0Vk3BOl9jd0HD5kOV1K7cT7Q9vl5Xy9o","mode":"list","cachedResultName":"controlefinanceiro","cachedResultUrl":"https://docs.google.com/spreadsheets/d/1iiUmyEoQkV-0Vk3BOl9jd0HD5kOV1K7cT7Q9vl5Xy9o/edit?usp=drivesdk"},"sheetName":{"__rl":true,"value":1015495000,"mode":"list","cachedResultName":"controle_financeiro","cachedResultUrl":"https://docs.google.com/spreadsheets/d/1iiUmyEoQkV-0Vk3BOl9jd0HD5kOV1K7cT7Q9vl5Xy9o/edit#gid=1015495000"},"columns":{"mappingMode":"defineBelow","value":{"nome ":"={{ /*n8n-auto-generated-fromAI-override*/ $fromAI('nome___using_to_match_', `Armazene aqui o nome do usuário.`, 'string') }}","telefone":"={{ /*n8n-auto-generated-fromAI-override*/ $fromAI('telefone', `Armazene aqui o telefone do usuário.`, 'string') }}","alimentacao":"={{ /*n8n-auto-generated-fromAI-override*/ $fromAI('alimentacao', `Armazene aqui o valor de alimentação que o usuário digitou.`, 'string') }}","laser":"={{ /*n8n-auto-generated-fromAI-override*/ $fromAI('laser', `Armazene aqui o valor de Laser que o usuário digitou.`, 'string') }}","mercado":"={{ /*n8n-auto-generated-fromAI-override*/ $fromAI('mercado', `Armazene aqui o valor de mercado que o usuário digitou.`, 'string') }}"},"matchingColumns":["nome "],"schema":[{"id":"nome ","displayName":"nome ","required":false,"defaultMatch":false,"display":true,"type":"string","canBeUsedToMatch":true,"removed":false},{"id":"telefone","displayName":"telefone","required":false,"defaultMatch":false,"display":true,"type":"string","canBeUsedToMatch":true,"removed":false},{"id":"alimentacao","displayName":"alimentacao","required":false,"defaultMatch":false,"display":true,"type":"string","canBeUsedToMatch":true,"removed":false},{"id":"laser","displayName":"laser","required":false,"defaultMatch":false,"display":true,"type":"string","canBeUsedToMatch":true,"removed":false},{"id":"mercado","displayName":"mercado","required":false,"defaultMatch":false,"display":true,"type":"string","canBeUsedToMatch":true,"removed":false}],"attemptToConvertTypes":false,"convertFieldsToString":false},"options":{}},"type":"n8n-nodes-base.googleSheetsTool","typeVersion":4.5,"position":[200,80],"id":"b43aa7bb-1ad9-40f6-a16f-b1ae13eb3204","name":"financeiro","credentials":{"googleSheetsOAuth2Api":{"id":"sFtSa2h1fvmHuTqX","name":"rolimvictorhugo@gmail.com"}}}],"connections":{"When chat message received":{"main":[[{"node":"AI Agent","type":"main","index":0}]]},"Groq Chat Model":{"ai_languageModel":[[{"node":"AI Agent","type":"ai_languageModel","index":0}]]},"Window Buffer Memory":{"ai_memory":[[{"node":"AI Agent","type":"ai_memory","index":0}]]},"financeiro":{"ai_tool":[[{"node":"AI Agent","type":"ai_tool","index":0}]]}},"settings":{"executionOrder":"v1"},"staticData":null,"meta":{"templateCredsSetupCompleted":true},"pinData":{},"versionId":"d058b2db-5594-4cc6-855a-7dc5917a08f5","triggerCount":0,"tags":[]}

