{"createdAt":"2025-06-20T20:57:02.713Z","updatedAt":"2025-08-09T21:49:47.367Z","id":"obTEysmNvExVxRnA","name":"PAINEL DE PEDIDOS","active":false,"isArchived":false,"nodes":[{"parameters":{"documentId":{"__rl":true,"value":"19_iDJIRNjqtTWtaiiEIQRkX9JMA1CSChkP-A9zzOHws","mode":"list","cachedResultName":"Estoque_Floricultura","cachedResultUrl":"https://docs.google.com/spreadsheets/d/19_iDJIRNjqtTWtaiiEIQRkX9JMA1CSChkP-A9zzOHws/edit?usp=drivesdk"},"sheetName":{"__rl":true,"value":"gid=0","mode":"list","cachedResultName":"Página1","cachedResultUrl":"https://docs.google.com/spreadsheets/d/19_iDJIRNjqtTWtaiiEIQRkX9JMA1CSChkP-A9zzOHws/edit#gid=0"},"options":{}},"id":"ff7c1eb4-8e61-403c-bd0c-eed68d5c7ecd","name":"Ler Planilha de Pedidos","type":"n8n-nodes-base.googleSheets","typeVersion":4.1,"position":[640,-320],"credentials":{"googleSheetsOAuth2Api":{"id":"sFtSa2h1fvmHuTqX","name":"rolimvictorhugo@gmail.com"}},"disabled":true},{"parameters":{"documentId":{"__rl":true,"value":"19_iDJIRNjqtTWtaiiEIQRkX9JMA1CSChkP-A9zzOHws","mode":"list","cachedResultName":"Estoque_Floricultura","cachedResultUrl":"https://docs.google.com/spreadsheets/d/19_iDJIRNjqtTWtaiiEIQRkX9JMA1CSChkP-A9zzOHws/edit?usp=drivesdk"},"sheetName":{"__rl":true,"value":"gid=0","mode":"list","cachedResultName":"Página1","cachedResultUrl":"https://docs.google.com/spreadsheets/d/19_iDJIRNjqtTWtaiiEIQRkX9JMA1CSChkP-A9zzOHws/edit#gid=0"},"options":{}},"type":"n8n-nodes-base.googleSheets","typeVersion":4.6,"position":[3360,2144],"id":"2cafe910-6f68-4686-ba8d-359584d60201","name":"Get row(s) in sheet","credentials":{"googleSheetsOAuth2Api":{"id":"sFtSa2h1fvmHuTqX","name":"rolimvictorhugo@gmail.com"}}},{"parameters":{"httpMethod":"POST","path":"delete-pedido","responseMode":"responseNode","options":{"responseHeaders":{"entries":[{"name":"Access-Control-Allow-Origin","value":"*"},{"name":"Access-Control-Allow-Methods","value":"POST, OPTIONS"},{"name":"Access-Control-Allow-Headers","value":"Content-Type"}]}}},"id":"815c2957-ea5b-46c1-85e0-a2a19919d89e","name":"Webhook Delete","type":"n8n-nodes-base.webhook","typeVersion":1,"position":[128,1040],"webhookId":"webhook-delete-pedido-001"},{"parameters":{"respondWith":"json","responseBody":"={{ $json }}","options":{"responseHeaders":{"entries":[{"name":"Content-Type","value":"application/json"},{"name":"Access-Control-Allow-Origin","value":"*"}]}}},"id":"12ae0ed4-f0fe-4c98-83b4-2056e5377d5d","name":"Resposta Delete","type":"n8n-nodes-base.respondToWebhook","typeVersion":1,"position":[960,1040]},{"parameters":{"jsCode":"// Processa requisição de delete\nconst requestData = $input.all()[0].json;\n\nconsole.log('🗑️ Requisição de delete recebida!');\nconsole.log('📅 Timestamp:', new Date().toISOString());\nconsole.log('📦 Dados recebidos:', requestData);\n\n// Extrai o ID\nconst recordId = requestData.id || requestData.body?.id;\n\nif (!recordId) {\n  return [{\n    json: {\n      success: false,\n      error: 'ID não fornecido',\n      message: 'É necessário fornecer um ID para exclusão',\n      receivedData: requestData\n    }\n  }];\n}\n\nconsole.log('🆔 ID extraído:', recordId);\n\n// Simula processamento (remova isso quando conectar ao Supabase)\nawait new Promise(resolve => setTimeout(resolve, 500));\n\n// Por enquanto, simula sucesso\n// TODO: Implementar delete real no Supabase\nconst success = true; // Math.random() > 0.3; // 70% de sucesso para teste\n\nif (success) {\n  return [{\n    json: {\n      success: true,\n      message: `Registro ID ${recordId} excluído com sucesso`,\n      id: recordId,\n      timestamp: new Date().toISOString(),\n      action: 'delete'\n    }\n  }];\n} else {\n  return [{\n    json: {\n      success: false,\n      error: 'Erro simulado',\n      message: `Falha ao excluir registro ID ${recordId}`,\n      id: recordId\n    }\n  }];\n}"},"type":"n8n-nodes-base.code","typeVersion":2,"position":[400,1040],"id":"a8e2e074-0935-4f4c-87ff-500a8e805f6e","name":"Processar Delete1"},{"parameters":{"operation":"delete","tableId":"CLIENTES","filters":{"conditions":[{"keyName":"id","condition":"eq","keyValue":"={{ $json.id }}"}]}},"type":"n8n-nodes-base.supabase","typeVersion":1,"position":[688,1040],"id":"1ea48f7a-5e04-4de6-bc48-bd01b7e3a73e","name":"Delete a row","credentials":{"supabaseApi":{"id":"G9KBchsZQ2g5jOab","name":"Supabase Astatonn"}}},{"parameters":{"httpMethod":"POST","path":"add-pedido","responseMode":"responseNode","options":{"responseHeaders":{"entries":[{"name":"Access-Control-Allow-Origin","value":"*"},{"name":"Access-Control-Allow-Methods","value":"POST, OPTIONS"},{"name":"Access-Control-Allow-Headers","value":"Content-Type"}]}}},"id":"1ced2cec-4340-4d68-80b4-aa478332e261","name":"Webhook Add","type":"n8n-nodes-base.webhook","typeVersion":1,"position":[144,1216],"webhookId":"webhook-add-pedido-001"},{"parameters":{"jsCode":"// Processa requisição de adicionar registro\nconst requestData = $input.all()[0].json;\n\nconsole.log('➕ Requisição de adicionar recebida!');\nconsole.log('📅 Timestamp:', new Date().toISOString());\nconsole.log('📦 Dados recebidos:', requestData);\n\n// Valida se há dados\nif (!requestData || Object.keys(requestData).length === 0) {\n  return [{\n    json: {\n      success: false,\n      error: 'Dados não fornecidos',\n      message: 'É necessário fornecer dados para criar o registro',\n      receivedData: requestData\n    }\n  }];\n}\n\n// Remove campos técnicos se existirem\nconst cleanData = { ...requestData };\ndelete cleanData._rowIndex;\ndelete cleanData.id; // Remove ID temporário\n\nconsole.log('🧹 Dados limpos:', cleanData);\n\n// Valida campos obrigatórios básicos\nconst requiredFields = ['nome', 'name', 'email', 'titulo', 'title'];\nconst hasRequiredField = requiredFields.some(field => cleanData[field] && cleanData[field].trim());\n\nif (!hasRequiredField) {\n  return [{\n    json: {\n      success: false,\n      error: 'Campo obrigatório não preenchido',\n      message: 'É necessário preencher pelo menos um campo identificador (nome, email, etc.)',\n      receivedData: cleanData\n    }\n  }];\n}\n\n// Simula processamento (remova isso quando conectar ao Supabase)\nawait new Promise(resolve => setTimeout(resolve, 800));\n\n// Por enquanto, simula sucesso\n// TODO: Implementar insert real no Supabase\nconst success = Math.random() > 0.2; // 80% de sucesso para teste\n\nif (success) {\n  // Simula ID gerado pelo banco\n  const newId = Math.floor(Math.random() * 10000) + 1000;\n  \n  return [{\n    json: {\n      success: true,\n      message: 'Registro criado com sucesso',\n      data: {\n        id: newId,\n        ...cleanData,\n        created_at: new Date().toISOString()\n      },\n      timestamp: new Date().toISOString(),\n      action: 'create'\n    }\n  }];\n} else {\n  return [{\n    json: {\n      success: false,\n      error: 'Erro simulado',\n      message: 'Falha ao criar o registro. Tente novamente.',\n      receivedData: cleanData\n    }\n  }];\n}"},"type":"n8n-nodes-base.code","typeVersion":2,"position":[416,1216],"id":"7b84c67e-720f-4bf5-9951-98c1a09b09f8","name":"Processar Add"},{"parameters":{"respondWith":"json","responseBody":"={{ $json }}","options":{"responseHeaders":{"entries":[{"name":"Content-Type","value":"application/json"},{"name":"Access-Control-Allow-Origin","value":"*"}]}}},"id":"861e9be3-765c-4999-bb43-dfe3b4ed64bf","name":"Resposta Add","type":"n8n-nodes-base.respondToWebhook","typeVersion":1,"position":[992,1216]},{"parameters":{"httpMethod":"POST","path":"visualizar","responseMode":"responseNode","options":{"responseHeaders":{"entries":[{"name":"Access-Control-Allow-Origin","value":"*"},{"name":"Access-Control-Allow-Methods","value":"POST, OPTIONS"},{"name":"Access-Control-Allow-Headers","value":"Content-Type"}]}}},"id":"6464d975-0ed9-4f0c-b8d2-e614fe6a9df2","name":"Webhook Add1","type":"n8n-nodes-base.webhook","typeVersion":1,"position":[240,1408],"webhookId":"webhook-add-pedido-001"},{"parameters":{"respondWith":"allIncomingItems","options":{"responseHeaders":{"entries":[{"name":"Content-Type","value":"application/json"},{"name":"Access-Control-Allow-Origin","value":"*"}]}}},"id":"84516053-2069-43e2-a083-8672b0f0eb9b","name":"Resposta Add1","type":"n8n-nodes-base.respondToWebhook","typeVersion":1,"position":[880,1408]},{"parameters":{"documentId":{"__rl":true,"value":"19_iDJIRNjqtTWtaiiEIQRkX9JMA1CSChkP-A9zzOHws","mode":"list","cachedResultName":"Estoque_Floricultura","cachedResultUrl":"https://docs.google.com/spreadsheets/d/19_iDJIRNjqtTWtaiiEIQRkX9JMA1CSChkP-A9zzOHws/edit?usp=drivesdk"},"sheetName":{"__rl":true,"value":"gid=0","mode":"list","cachedResultName":"Página1","cachedResultUrl":"https://docs.google.com/spreadsheets/d/19_iDJIRNjqtTWtaiiEIQRkX9JMA1CSChkP-A9zzOHws/edit#gid=0"},"options":{}},"type":"n8n-nodes-base.googleSheets","typeVersion":4.5,"position":[560,1408],"id":"29f7d364-5ee3-4a0c-aae2-7a466b7b90fe","name":"Get row(s) in sheet1","credentials":{"googleSheetsOAuth2Api":{"id":"sFtSa2h1fvmHuTqX","name":"rolimvictorhugo@gmail.com"}}},{"parameters":{"jsCode":"// Pega todos os itens de entrada\nconst todosPedidosComDuplicados = $items().map(item => item.json);\n\n// Remove duplicados por id\nconst pedidosUnicosMap = new Map(todosPedidosComDuplicados.map(pedido => [pedido.id, pedido]));\nconst todosPedidos = Array.from(pedidosUnicosMap.values());\n\n// Se não houver pedidos, retorna array vazio para evitar erro\nif (todosPedidos.length === 0) {\n  return; // AGORA RETORNA UM ARRAY VAZIO\n}\n\n// Ordena pelos mais recentes (mantido para manter a ordem, se desejado)\nconst pedidosOrdenados = todosPedidos.sort((a,b) => new Date(b.created_at) - new Date(a.created_at));\n\n// Retorna TODOS os pedidos ordenados (sem limitação) no formato esperado pelo nó HTML (array de objetos planos)\nreturn pedidosOrdenados;"},"type":"n8n-nodes-base.code","typeVersion":2,"position":[320,800],"id":"7516bc85-4fdd-4171-95e6-e48da7d7361e","name":"Processar Pedidos"},{"parameters":{"operation":"getAll","tableId":"CLIENTES","filterType":"none"},"type":"n8n-nodes-base.supabase","typeVersion":1,"position":[64,800],"id":"5677d5c2-7758-48a0-958d-c5a55cccfcc7","name":"Get Pedidos","alwaysOutputData":false,"credentials":{"supabaseApi":{"id":"G9KBchsZQ2g5jOab","name":"Supabase Astatonn"}}},{"parameters":{"path":"dashboard-floricultura_2","responseMode":"responseNode","options":{}},"id":"527c4c10-3a0f-4529-9875-e6472462421e","name":"Dashboard Webhook (GET)2","type":"n8n-nodes-base.webhook","typeVersion":1,"position":[-144,800],"webhookId":"ad7ffebe-9987-4a98-93a0-828ee154bbb0"},{"parameters":{"operation":"convertToHtmlTable","options":{}},"id":"12c7691b-117c-4a62-ab69-80982f49b6b0","name":"Montar Página HTML2","type":"n8n-nodes-base.html","typeVersion":1,"position":[576,800]},{"parameters":{"respondWith":"text","responseBody":"={{ $json.html }}","options":{"responseHeaders":{"entries":[{"name":"Content-Type","value":"text/html; charset=utf-8"}]}}},"id":"ec599067-8a10-4cf4-9248-dc3f6a52d341","name":"Responder com HTML2","type":"n8n-nodes-base.respondToWebhook","typeVersion":1,"position":[1200,800]},{"parameters":{"html":"<!DOCTYPE html>\n<html lang=\"pt-BR\">\n<head>\n  <meta charset=\"UTF-8\" />\n  <meta name=\"viewport\" content=\"width=device-width, initial-scale=1\" />\n  <title>Controle de Estoque - Floricultura Padre José</title>\n  <link rel=\"icon\" href=\"data:image/svg+xml,<svg xmlns='http://www.w3.org/2000/svg' viewBox='0 0 100 100'><text y='.9em' font-size='90'>🌸</text></svg>\">\n  <style>\n    :root {\n      --primary: #cc3366;\n      --primary-dark: #b02b5a;\n      --primary-light: #ff6699;\n      --secondary: #00aaff;\n      --success: #10b981;\n      --warning: #f59e0b;\n      --danger: #ef4444;\n      --bg: #f8fafc;\n      --bg-secondary: #f1f5f9;\n      --card-bg: #ffffff;\n      --text: #1e293b;\n      --text-secondary: #64748b;\n      --text-muted: #94a3b8;\n      --border: #e2e8f0;\n      --border-light: #f1f5f9;\n      --shadow: 0 1px 3px 0 rgb(0 0 0 / 0.1), 0 1px 2px -1px rgb(0 0 0 / 0.1);\n      --shadow-lg: 0 10px 15px -3px rgb(0 0 0 / 0.1), 0 4px 6px -4px rgb(0 0 0 / 0.1);\n      --radius: 8px;\n      --radius-lg: 12px;\n    }\n\n    [data-theme=\"dark\"] {\n      --bg: #0f172a;\n      --bg-secondary: #1e293b;\n      --card-bg: #334155;\n      --text: #f8fafc;\n      --text-secondary: #cbd5e1;\n      --text-muted: #94a3b8;\n      --border: #475569;\n      --border-light: #334155;\n    }\n\n    * {\n      box-sizing: border-box;\n      margin: 0;\n      padding: 0;\n    }\n\n    body {\n      font-family: -apple-system, BlinkMacSystemFont, 'Segoe UI', Roboto, sans-serif;\n      background-color: var(--bg);\n      color: var(--text);\n      line-height: 1.6;\n      transition: background-color 0.3s ease, color 0.3s ease;\n    }\n\n    .container {\n      max-width: 1200px;\n      margin: 0 auto;\n      padding: 2rem 1rem;\n    }\n\n    /* Header */\n    .header {\n      display: flex;\n      justify-content: space-between;\n      align-items: center;\n      margin-bottom: 2rem;\n      flex-wrap: wrap;\n      gap: 1rem;\n    }\n\n    .title {\n      display: flex;\n      align-items: center;\n      gap: 0.75rem;\n      color: var(--primary);\n      font-size: 2rem;\n      font-weight: 700;\n      margin: 0;\n    }\n\n    .title-icon {\n      font-size: 2rem;\n    }\n\n    .header-actions {\n      display: flex;\n      gap: 0.75rem;\n      align-items: center;\n      flex-wrap: wrap;\n    }\n\n    /* Controls */\n    .controls {\n      background: var(--card-bg);\n      border-radius: var(--radius-lg);\n      padding: 1.5rem;\n      margin-bottom: 2rem;\n      box-shadow: var(--shadow);\n      border: 1px solid var(--border);\n    }\n\n    .controls-row {\n      display: flex;\n      gap: 1rem;\n      align-items: center;\n      flex-wrap: wrap;\n      margin-bottom: 1rem;\n    }\n\n    .controls-row:last-child {\n      margin-bottom: 0;\n    }\n\n    .search-box {\n      position: relative;\n      flex: 1;\n      min-width: 250px;\n    }\n\n    .search-input {\n      width: 100%;\n      padding: 0.75rem 1rem 0.75rem 2.5rem;\n      border: 2px solid var(--border);\n      border-radius: var(--radius);\n      font-size: 0.875rem;\n      background: var(--bg);\n      color: var(--text);\n      transition: border-color 0.2s ease, box-shadow 0.2s ease;\n    }\n\n    .search-input:focus {\n      outline: none;\n      border-color: var(--primary);\n      box-shadow: 0 0 0 3px rgb(204 51 102 / 0.1);\n    }\n\n    .search-icon {\n      position: absolute;\n      left: 0.75rem;\n      top: 50%;\n      transform: translateY(-50%);\n      color: var(--text-muted);\n      width: 1rem;\n      height: 1rem;\n    }\n\n    .filter-select {\n      padding: 0.75rem 1rem;\n      border: 2px solid var(--border);\n      border-radius: var(--radius);\n      background: var(--bg);\n      color: var(--text);\n      font-size: 0.875rem;\n      cursor: pointer;\n      transition: border-color 0.2s ease;\n    }\n\n    .filter-select:focus {\n      outline: none;\n      border-color: var(--primary);\n    }\n\n    /* Test Panel */\n    .test-panel {\n      background: var(--card-bg);\n      border-radius: var(--radius-lg);\n      padding: 1.5rem;\n      margin-bottom: 2rem;\n      box-shadow: var(--shadow);\n      border: 1px solid var(--border);\n    }\n\n    .test-panel h3 {\n      color: var(--text);\n      margin-bottom: 1rem;\n      display: flex;\n      align-items: center;\n      gap: 0.5rem;\n    }\n\n    .test-actions {\n      display: flex;\n      gap: 1rem;\n      align-items: center;\n      flex-wrap: wrap;\n    }\n\n    .connection-status {\n      display: flex;\n      align-items: center;\n      gap: 0.5rem;\n      padding: 0.5rem 1rem;\n      border-radius: var(--radius);\n      font-size: 0.875rem;\n      font-weight: 500;\n    }\n\n    .connection-status.unknown {\n      background: var(--bg-secondary);\n      color: var(--text-muted);\n    }\n\n    .connection-status.testing {\n      background: #fef3c7;\n      color: #92400e;\n    }\n\n    .connection-status.success {\n      background: #d1fae5;\n      color: #065f46;\n    }\n\n    .connection-status.error {\n      background: #fee2e2;\n      color: #991b1b;\n    }\n\n    .status-indicator {\n      width: 8px;\n      height: 8px;\n      border-radius: 50%;\n      background: currentColor;\n    }\n\n    /* Stats */\n    .stats {\n      display: grid;\n      grid-template-columns: repeat(auto-fit, minmax(200px, 1fr));\n      gap: 1rem;\n      margin-bottom: 2rem;\n    }\n\n    .stat-card {\n      background: var(--card-bg);\n      padding: 1.5rem;\n      border-radius: var(--radius-lg);\n      box-shadow: var(--shadow);\n      border: 1px solid var(--border);\n      text-align: center;\n    }\n\n    .stat-number {\n      font-size: 2rem;\n      font-weight: 700;\n      color: var(--primary);\n      margin-bottom: 0.25rem;\n    }\n\n    .stat-label {\n      color: var(--text-secondary);\n      font-size: 0.875rem;\n      font-weight: 500;\n    }\n\n    /* Table */\n    .table-container {\n      background: var(--card-bg);\n      border-radius: var(--radius-lg);\n      overflow: hidden;\n      box-shadow: var(--shadow-lg);\n      border: 1px solid var(--border);\n    }\n\n    .table {\n      width: 100%;\n      border-collapse: collapse;\n    }\n\n    .table thead {\n      background: var(--bg-secondary);\n    }\n\n    .table th {\n      padding: 1rem;\n      text-align: left;\n      font-weight: 600;\n      color: var(--text);\n      font-size: 0.875rem;\n      text-transform: uppercase;\n      letter-spacing: 0.05em;\n      border-bottom: 1px solid var(--border);\n      position: relative;\n      cursor: pointer;\n      user-select: none;\n      transition: background-color 0.2s ease;\n    }\n\n    .table th:hover {\n      background: var(--border-light);\n    }\n\n    .table th.sortable::after {\n      content: '↕️';\n      position: absolute;\n      right: 0.5rem;\n      opacity: 0.5;\n      font-size: 0.75rem;\n    }\n\n    .table th.sort-asc::after {\n      content: '↑';\n      opacity: 1;\n    }\n\n    .table th.sort-desc::after {\n      content: '↓';\n      opacity: 1;\n    }\n\n    .table td {\n      padding: 1rem;\n      border-bottom: 1px solid var(--border-light);\n      color: var(--text);\n      font-size: 0.875rem;\n      vertical-align: middle;\n    }\n\n    .table tbody tr {\n      transition: background-color 0.2s ease;\n    }\n\n    .table tbody tr:hover {\n      background: var(--bg-secondary);\n    }\n\n    .table tbody tr.removing {\n      opacity: 0.5;\n      transform: scale(0.98);\n      transition: all 0.3s ease;\n    }\n\n    .table tbody tr.deleting {\n      background: #fef2f2;\n      opacity: 0.7;\n    }\n\n    /* Buttons */\n    .btn {\n      display: inline-flex;\n      align-items: center;\n      gap: 0.5rem;\n      padding: 0.5rem 1rem;\n      border: none;\n      border-radius: var(--radius);\n      font-size: 0.875rem;\n      font-weight: 500;\n      cursor: pointer;\n      transition: all 0.2s ease;\n      text-decoration: none;\n      user-select: none;\n    }\n\n    .btn:disabled {\n      opacity: 0.5;\n      cursor: not-allowed;\n      transform: none !important;\n    }\n\n    .btn:focus {\n      outline: none;\n      box-shadow: 0 0 0 3px rgb(0 0 0 / 0.1);\n    }\n\n    .btn-primary {\n      background: linear-gradient(135deg, var(--primary), var(--primary-light));\n      color: white;\n      box-shadow: var(--shadow);\n    }\n\n    .btn-primary:hover:not(:disabled) {\n      transform: translateY(-1px);\n      box-shadow: var(--shadow-lg);\n    }\n\n    .btn-danger {\n      background: var(--danger);\n      color: white;\n    }\n\n    .btn-danger:hover:not(:disabled) {\n      background: #dc2626;\n      transform: translateY(-1px);\n    }\n\n    .btn-secondary {\n      background: var(--bg-secondary);\n      color: var(--text);\n      border: 1px solid var(--border);\n    }\n\n    .btn-secondary:hover:not(:disabled) {\n      background: var(--border-light);\n    }\n\n    .btn-sm {\n      padding: 0.375rem 0.75rem;\n      font-size: 0.75rem;\n    }\n\n    .btn-icon {\n      width: 1rem;\n      height: 1rem;\n    }\n\n    /* Theme Toggle */\n    .theme-toggle {\n      background: var(--card-bg);\n      border: 2px solid var(--border);\n      color: var(--text);\n      width: 2.5rem;\n      height: 2.5rem;\n      border-radius: 50%;\n      display: flex;\n      align-items: center;\n      justify-content: center;\n      cursor: pointer;\n      transition: all 0.2s ease;\n    }\n\n    .theme-toggle:hover {\n      border-color: var(--primary);\n      transform: scale(1.05);\n    }\n\n    /* Empty State */\n    .empty-state {\n      text-align: center;\n      padding: 4rem 2rem;\n      color: var(--text-muted);\n    }\n\n    .empty-icon {\n      font-size: 4rem;\n      margin-bottom: 1rem;\n    }\n\n    .empty-title {\n      font-size: 1.25rem;\n      font-weight: 600;\n      margin-bottom: 0.5rem;\n      color: var(--text-secondary);\n    }\n\n    .empty-description {\n      font-size: 0.875rem;\n    }\n\n    /* Loading */\n    .loading {\n      display: flex;\n      align-items: center;\n      justify-content: center;\n      padding: 2rem;\n      gap: 0.5rem;\n      color: var(--text-muted);\n    }\n\n    .spinner {\n      width: 1rem;\n      height: 1rem;\n      border: 2px solid var(--border);\n      border-top: 2px solid var(--primary);\n      border-radius: 50%;\n      animation: spin 1s linear infinite;\n    }\n\n    @keyframes spin {\n      0% { transform: rotate(0deg); }\n      100% { transform: rotate(360deg); }\n    }\n\n    /* Modal */\n    .modal-overlay {\n      position: fixed;\n      top: 0;\n      left: 0;\n      right: 0;\n      bottom: 0;\n      background: rgba(0, 0, 0, 0.5);\n      display: flex;\n      align-items: center;\n      justify-content: center;\n      z-index: 1000;\n      opacity: 0;\n      visibility: hidden;\n      transition: all 0.3s ease;\n    }\n\n    .modal-overlay.active {\n      opacity: 1;\n      visibility: visible;\n    }\n\n    .modal {\n      background: var(--card-bg);\n      border-radius: var(--radius-lg);\n      padding: 2rem;\n      max-width: 400px;\n      width: 90%;\n      box-shadow: var(--shadow-lg);\n      transform: scale(0.9);\n      transition: transform 0.3s ease;\n      max-height: 90vh;\n      overflow-y: auto;\n    }\n\n    .modal-overlay.active .modal {\n      transform: scale(1);\n    }\n\n    .modal-title {\n      font-size: 1.25rem;\n      font-weight: 600;\n      margin-bottom: 1rem;\n      color: var(--text);\n    }\n\n    .modal-content {\n      color: var(--text-secondary);\n      margin-bottom: 2rem;\n      line-height: 1.5;\n    }\n\n    .modal-actions {\n      display: flex;\n      gap: 0.75rem;\n      justify-content: flex-end;\n    }\n\n    /* Toast Notifications */\n    .toast {\n      position: fixed;\n      top: 2rem;\n      right: 2rem;\n      background: var(--card-bg);\n      border: 1px solid var(--border);\n      border-radius: var(--radius);\n      padding: 1rem 1.5rem;\n      box-shadow: var(--shadow-lg);\n      z-index: 1001;\n      transform: translateX(100%);\n      transition: transform 0.3s ease;\n      max-width: 400px;\n    }\n\n    .toast.show {\n      transform: translateX(0);\n    }\n\n    .toast.success {\n      border-left: 4px solid var(--success);\n    }\n\n    .toast.error {\n      border-left: 4px solid var(--danger);\n    }\n\n    .toast.warning {\n      border-left: 4px solid var(--warning);\n    }\n\n    .toast-title {\n      font-weight: 600;\n      margin-bottom: 0.25rem;\n    }\n\n    .toast-message {\n      font-size: 0.875rem;\n      color: var(--text-secondary);\n    }\n\n    /* Form Styles */\n    .form-group {\n      margin-bottom: 1rem;\n    }\n\n    .form-label {\n      display: block;\n      margin-bottom: 0.5rem;\n      font-weight: 500;\n      color: var(--text);\n    }\n\n    .form-input {\n      width: 100%;\n      padding: 0.75rem;\n      border: 2px solid var(--border);\n      border-radius: var(--radius);\n      font-size: 0.875rem;\n      background: var(--bg);\n      color: var(--text);\n      transition: border-color 0.2s ease, box-shadow 0.2s ease;\n    }\n\n    .form-input:focus {\n      outline: none;\n      border-color: var(--primary);\n      box-shadow: 0 0 0 3px rgb(204 51 102 / 0.1);\n    }\n\n    .form-input:required {\n      border-left: 3px solid var(--warning);\n    }\n\n    .update-indicator {\n      background: #fef3c7;\n      color: #92400e;\n      padding: 0.5rem 1rem;\n      border-radius: var(--radius);\n      font-size: 0.875rem;\n      margin-bottom: 1rem;\n      border: 1px solid #fbbf24;\n    }\n\n    /* View Stock Modal */\n    .view-modal {\n      max-width: 800px;\n      width: 95%;\n    }\n\n    .stock-table {\n      width: 100%;\n      border-collapse: collapse;\n      margin-top: 1rem;\n    }\n\n    .stock-table th,\n    .stock-table td {\n      padding: 0.75rem;\n      text-align: left;\n      border-bottom: 1px solid var(--border-light);\n    }\n\n    .stock-table th {\n      background: var(--bg-secondary);\n      font-weight: 600;\n      font-size: 0.875rem;\n    }\n\n    .stock-table td {\n      font-size: 0.875rem;\n    }\n\n    .low-stock {\n      color: var(--danger);\n      font-weight: bold;\n    }\n\n    /* Responsive */\n    @media (max-width: 768px) {\n      .container {\n        padding: 1rem;\n      }\n\n      .title {\n        font-size: 1.5rem;\n      }\n\n      .controls-row {\n        flex-direction: column;\n        align-items: stretch;\n      }\n\n      .search-box {\n        min-width: auto;\n      }\n\n      .stats {\n        grid-template-columns: repeat(2, 1fr);\n      }\n\n      .table-container {\n        overflow-x: auto;\n      }\n\n      .table {\n        min-width: 600px;\n      }\n\n      .header {\n        flex-direction: column;\n        align-items: stretch;\n      }\n\n      .header-actions {\n        justify-content: center;\n      }\n\n      .toast {\n        top: 1rem;\n        right: 1rem;\n        left: 1rem;\n        max-width: none;\n      }\n\n      .test-actions {\n        flex-direction: column;\n        align-items: stretch;\n      }\n\n      .modal {\n        margin: 1rem;\n        padding: 1.5rem;\n      }\n\n      .modal-actions {\n        flex-direction: column;\n      }\n    }\n\n    @media (max-width: 480px) {\n      .stats {\n        grid-template-columns: 1fr;\n      }\n    }\n  </style>\n</head>\n<body>\n  <div class=\"container\">\n    <!-- Header -->\n    <header class=\"header\">\n      <h1 class=\"title\">\n        <span class=\"title-icon\">📦</span>\n        Controle de Estoque - Floricultura Padre José\n      </h1>\n      <div class=\"header-actions\">\n        <button class=\"btn btn-primary btn-sm\" id=\"addRecordBtn\">\n          <svg class=\"btn-icon\" viewBox=\"0 0 24 24\" fill=\"none\" stroke=\"currentColor\" stroke-width=\"2\">\n            <line x1=\"12\" y1=\"5\" x2=\"12\" y2=\"19\"></line>\n            <line x1=\"5\" y1=\"12\" x2=\"19\" y2=\"12\"></line>\n          </svg>\n          Adicionar/Atualizar\n        </button>\n        <button class=\"btn btn-secondary btn-sm\" id=\"viewStockBtn\">\n          <svg class=\"btn-icon\" viewBox=\"0 0 24 24\" fill=\"none\" stroke=\"currentColor\" stroke-width=\"2\">\n            <path d=\"M1 12s4-8 11-8 11 8 11 8-4 8-11 8-11-8-11-8z\"/>\n            <circle cx=\"12\" cy=\"12\" r=\"3\"/>\n          </svg>\n          Visualizar Estoque\n        </button>\n        <button class=\"btn btn-secondary btn-sm\" id=\"refreshBtn\">\n          <svg class=\"btn-icon\" viewBox=\"0 0 24 24\" fill=\"none\" stroke=\"currentColor\" stroke-width=\"2\">\n            <path d=\"M3 12a9 9 0 0 1 9-9 9.75 9.75 0 0 1 6.74 2.74L21 8\"/>\n            <path d=\"M21 3v5h-5\"/>\n            <path d=\"M21 12a9 9 0 0 1-9 9 9.75 9.75 0 0 1-6.74-2.74L3 16\"/>\n            <path d=\"M3 21v-5h5\"/>\n          </svg>\n          Atualizar\n        </button>\n        <button class=\"btn btn-secondary btn-sm\" id=\"exportBtn\">\n          <svg class=\"btn-icon\" viewBox=\"0 0 24 24\" fill=\"none\" stroke=\"currentColor\" stroke-width=\"2\">\n            <path d=\"M21 15v4a2 2 0 0 1-2 2H5a2 2 0 0 1-2-2v-4\"/>\n            <polyline points=\"7,10 12,15 17,10\"/>\n            <line x1=\"12\" y1=\"15\" x2=\"12\" y2=\"3\"/>\n          </svg>\n          Exportar\n        </button>\n        <button class=\"theme-toggle\" id=\"themeToggle\" title=\"Alternar tema\">\n          <span id=\"themeIcon\">🌙</span>\n        </button>\n      </div>\n    </header>\n\n    <!-- Test Panel -->\n    <div class=\"test-panel\">\n      <h3>\n        🔧 Teste de Conectividade\n      </h3>\n      <div class=\"test-actions\">\n        <button class=\"btn btn-primary btn-sm\" id=\"testConnectivityBtn\">\n          <svg class=\"btn-icon\" viewBox=\"0 0 24 24\" fill=\"none\" stroke=\"currentColor\" stroke-width=\"2\">\n            <path d=\"M8 12l2 2 4-4\"/>\n            <circle cx=\"12\" cy=\"12\" r=\"10\"/>\n          </svg>\n          <span id=\"testBtnText\">Testar Webhook</span>\n        </button>\n        \n        <div class=\"connection-status unknown\" id=\"connectionStatus\">\n          <div class=\"status-indicator\"></div>\n          <span id=\"statusText\">Status desconhecido</span>\n        </div>\n      </div>\n    </div>\n\n    <!-- Controls -->\n    <div class=\"controls\">\n      <div class=\"controls-row\">\n        <div class=\"search-box\">\n          <svg class=\"search-icon\" viewBox=\"0 0 24 24\" fill=\"none\" stroke=\"currentColor\" stroke-width=\"2\">\n            <circle cx=\"11\" cy=\"11\" r=\"8\"/>\n            <path d=\"m21 21-4.35-4.35\"/>\n          </svg>\n          <input \n            type=\"text\"\n            class=\"search-input\"\n            id=\"searchInput\"\n            placeholder=\"Buscar produtos...\"\n            autocomplete=\"off\"\n          >\n        </div>\n        <select class=\"filter-select\" id=\"columnFilter\">\n          <option value=\"\">Todas as colunas</option>\n        </select>\n        <button class=\"btn btn-secondary btn-sm\" id=\"clearFilters\">\n          Limpar Filtros\n        </button>\n      </div>\n    </div>\n\n    <!-- Stats -->\n    <div class=\"stats\" id=\"stats\">\n      <div class=\"stat-card\">\n        <div class=\"stat-number\" id=\"totalRecords\">0</div>\n        <div class=\"stat-label\">Total de Produtos</div>\n      </div>\n      <div class=\"stat-card\">\n        <div class=\"stat-number\" id=\"filteredRecords\">0</div>\n        <div class=\"stat-label\">Produtos Filtrados</div>\n      </div>\n      <div class=\"stat-card\">\n        <div class=\"stat-number\" id=\"todayRecords\">0</div>\n        <div class=\"stat-label\">Entradas de Hoje</div>\n      </div>\n      <div class=\"stat-card\">\n        <div class=\"stat-number\" id=\"lowStockProducts\">0</div>\n        <div class=\"stat-label\">Baixo Estoque</div>\n      </div>\n      <div class=\"stat-card\">\n        <div class=\"stat-number\" id=\"lastUpdate\">--:--</div>\n        <div class=\"stat-label\">Última Atualização</div>\n      </div>\n    </div>\n\n    <!-- Table Container -->\n    <div class=\"table-container\" id=\"tableContainer\">\n      <div class=\"loading\" id=\"loading\">\n        <div class=\"spinner\"></div>\n        Carregando dados do Supabase...\n      </div>\n      \n      <table class=\"table\" id=\"dataTable\" style=\"display: none;\">\n        <thead>\n          <tr id=\"tableHeader\">\n            <!-- Headers will be dynamically generated -->\n          </tr>\n        </thead>\n        <tbody id=\"tableBody\">\n          <!-- Rows will be dynamically generated -->\n        </tbody>\n      </table>\n\n      <div class=\"empty-state\" id=\"emptyState\" style=\"display: none;\">\n        <div class=\"empty-icon\">📋</div>\n        <div class=\"empty-title\">Nenhum registro encontrado</div>\n        <div class=\"empty-description\">\n          Não há registros que correspondam aos filtros aplicados.\n        </div>\n      </div>\n    </div>\n  </div>\n\n  <!-- Confirmation Modal -->\n  <div class=\"modal-overlay\" id=\"confirmModal\">\n    <div class=\"modal\">\n      <h3 class=\"modal-title\">Confirmar Exclusão</h3>\n      <div class=\"modal-content\" id=\"modalContent\">\n        Tem certeza que deseja remover este registro? Esta ação não pode ser desfeita.\n      </div>\n      <div class=\"modal-actions\">\n        <button class=\"btn btn-secondary\" id=\"cancelBtn\">Cancelar</button>\n        <button class=\"btn btn-danger\" id=\"confirmBtn\">\n          <svg class=\"btn-icon\" viewBox=\"0 0 24 24\" fill=\"none\" stroke=\"currentColor\" stroke-width=\"2\">\n            <polyline points=\"3,6 5,6 21,6\"/>\n            <path d=\"m19,6v14a2,2 0 0,1 -2,2H7a2,2 0 0,1 -2,-2V6m3,0V4a2,2 0 0,1 2,-2h4a2,2 0 0,1 2,2v2\"/>\n          </svg>\n          <span id=\"confirmBtnText\">Excluir</span>\n        </button>\n      </div>\n    </div>\n  </div>\n\n  <!-- Add/Update Record Modal -->\n  <div class=\"modal-overlay\" id=\"addRecordModal\">\n    <div class=\"modal\" style=\"max-width: 600px;\">\n      <h3 class=\"modal-title\">Adicionar/Atualizar Produto</h3>\n      <div class=\"modal-content\">\n        <div id=\"updateIndicator\" class=\"update-indicator\" style=\"display: none;\">\n          ⚠️ Produto existente detectado! Os dados serão atualizados.\n        </div>\n        <form id=\"addRecordForm\">\n          <div class=\"form-group\">\n            <label class=\"form-label\" for=\"produto\">Produto *</label>\n            <input type=\"text\" id=\"produto\" name=\"produto\" class=\"form-input\" placeholder=\"Nome do produto\" required>\n            <small style=\"color: var(--text-muted); font-size: 0.75rem;\">\n              Se o produto já existir, ele será atualizado automaticamente\n            </small>\n          </div>\n          <div class=\"form-group\">\n            <label class=\"form-label\" for=\"quantidade\">Quantidade *</label>\n            <input type=\"number\" id=\"quantidade\" name=\"quantidade\" class=\"form-input\" placeholder=\"Quantidade em estoque\" required>\n          </div>\n          <div class=\"form-group\">\n            <label class=\"form-label\" for=\"preco_unitario\">Preço Unitário (R$) *</label>\n            <input type=\"number\" id=\"preco_unitario\" name=\"preco_unitario\" class=\"form-input\" step=\"0.01\" placeholder=\"0.00\" required>\n          </div>\n          <div class=\"form-group\">\n            <label class=\"form-label\" for=\"data_entrada\">Data de Entrada *</label>\n            <input type=\"date\" id=\"data_entrada\" name=\"data_entrada\" class=\"form-input\" required>\n          </div>\n        </form>\n      </div>\n      <div class=\"modal-actions\">\n        <button class=\"btn btn-secondary\" id=\"cancelAddBtn\">Cancelar</button>\n        <button class=\"btn btn-primary\" id=\"confirmAddBtn\">\n          <svg class=\"btn-icon\" viewBox=\"0 0 24 24\" fill=\"none\" stroke=\"currentColor\" stroke-width=\"2\">\n            <line x1=\"12\" y1=\"5\" x2=\"12\" y2=\"19\"></line>\n            <line x1=\"5\" y1=\"12\" x2=\"19\" y2=\"12\"></line>\n          </svg>\n          <span id=\"confirmAddBtnText\">Salvar</span>\n        </button>\n      </div>\n    </div>\n  </div>\n\n  <!-- View Stock Modal -->\n  <div class=\"modal-overlay\" id=\"viewStockModal\">\n    <div class=\"modal view-modal\">\n      <h3 class=\"modal-title\">\n        👁️ Visualizar Estoque Completo\n      </h3>\n      <div class=\"modal-content\">\n        <div id=\"viewStockLoading\" class=\"loading\" style=\"display: none;\">\n          <div class=\"spinner\"></div>\n          Carregando estoque...\n        </div>\n        <div id=\"viewStockContent\">\n          <table class=\"stock-table\" id=\"stockTable\" style=\"display: none;\">\n            <thead>\n              <tr>\n                <th>Produto</th>\n                <th>Quantidade</th>\n                <th>Preço</th>\n                <th>Status</th>\n              </tr>\n            </thead>\n            <tbody id=\"stockTableBody\">\n              <!-- Stock data will be populated here -->\n            </tbody>\n          </table>\n          <div id=\"viewStockEmpty\" class=\"empty-state\" style=\"display: none;\">\n            <div class=\"empty-icon\">📦</div>\n            <div class=\"empty-title\">Nenhum dado encontrado</div>\n            <div class=\"empty-description\">\n              Não foi possível carregar os dados do estoque.\n            </div>\n          </div>\n        </div>\n      </div>\n      <div class=\"modal-actions\">\n        <button class=\"btn btn-secondary\" id=\"closeViewStockBtn\">Fechar</button>\n      </div>\n    </div>\n  </div>\n\n  <!-- Tabela injetada pelo N8N (será processada pelo JavaScript) -->\n  {{ $json.table }}\n\n  <script>\n    class SupabaseDataManager {\n      constructor() {\n        this.originalData = [];\n        this.filteredData = [];\n        this.sortColumn = null;\n        this.sortDirection = 'asc';\n        this.currentRowToDelete = null;\n        this.currentRecordData = null;\n        this.columns = [];\n        this.deleteWebhookUrl = this.getDeleteWebhookUrl();\n        this.testWebhookUrl = this.getTestWebhookUrl();\n        this.addWebhookUrl = this.getAddWebhookUrl();\n        this.viewWebhookUrl = this.getViewWebhookUrl();\n        \n        this.init();\n      }\n\n      getDeleteWebhookUrl() {\n        return 'https://workspace.n8n.automatech.tech/webhook/delete-pedido';\n      }\n\n      getTestWebhookUrl() {\n        return 'https://workspace.n8n.automatech.tech/webhook/teste-conectividade';\n      }\n\n      getAddWebhookUrl() {\n        return 'https://workspace.n8n.automatech.tech/webhook/add-pedido';\n      }\n\n      getViewWebhookUrl() {\n        return 'https://workspace.n8n.automatech.tech/webhook/visualizar';\n      }\n\n      init() {\n        this.setupEventListeners();\n        this.setupTheme();\n        this.loadData();\n      }\n\n      setupEventListeners() {\n        // Test connectivity\n        document.getElementById('testConnectivityBtn').addEventListener('click', () => {\n          this.testConnectivity();\n        });\n\n        // View stock\n        document.getElementById('viewStockBtn').addEventListener('click', () => {\n          this.viewStock();\n        });\n\n        // Search\n        document.getElementById('searchInput').addEventListener('input', () => {\n          this.filterData();\n        });\n\n        // Column filter\n        document.getElementById('columnFilter').addEventListener('change', () => {\n          this.filterData();\n        });\n\n        // Clear filters\n        document.getElementById('clearFilters').addEventListener('click', () => {\n          document.getElementById('searchInput').value = '';\n          document.getElementById('columnFilter').value = '';\n          this.filterData();\n        });\n\n        // Refresh\n        document.getElementById('refreshBtn').addEventListener('click', () => {\n          this.refreshData();\n        });\n\n        // Theme toggle\n        document.getElementById('themeToggle').addEventListener('click', () => {\n          this.toggleTheme();\n        });\n\n        // Export\n        document.getElementById('exportBtn').addEventListener('click', () => {\n          this.exportData();\n        });\n\n        // Modal events\n        document.getElementById('cancelBtn').addEventListener('click', () => {\n          this.hideModal();\n        });\n\n        document.getElementById('confirmBtn').addEventListener('click', () => {\n          this.deleteRecord();\n        });\n\n        document.getElementById('confirmModal').addEventListener('click', (e) => {\n          if (e.target.id === 'confirmModal') {\n            this.hideModal();\n          }\n        });\n\n        // Add record\n        document.getElementById('addRecordBtn').addEventListener('click', () => {\n          this.showAddModal();\n        });\n\n        // Add record modal events\n        document.getElementById('cancelAddBtn').addEventListener('click', () => {\n          this.hideAddModal();\n        });\n\n        document.getElementById('confirmAddBtn').addEventListener('click', () => {\n          this.addOrUpdateRecord();\n        });\n\n        document.getElementById('addRecordModal').addEventListener('click', (e) => {\n          if (e.target.id === 'addRecordModal') {\n            this.hideAddModal();\n          }\n        });\n\n        // View stock modal events\n        document.getElementById('closeViewStockBtn').addEventListener('click', () => {\n          this.hideViewStockModal();\n        });\n\n        document.getElementById('viewStockModal').addEventListener('click', (e) => {\n          if (e.target.id === 'viewStockModal') {\n            this.hideViewStockModal();\n          }\n        });\n\n        // Product name input change detection\n        document.getElementById('produto').addEventListener('input', (e) => {\n          this.checkExistingProduct(e.target.value);\n        });\n\n        // Keyboard shortcuts\n        document.addEventListener('keydown', (e) => {\n          if (e.key === 'Escape') {\n            this.hideModal();\n            this.hideAddModal();\n            this.hideViewStockModal();\n          }\n          if (e.ctrlKey && e.key === 'f') {\n            e.preventDefault();\n            document.getElementById('searchInput').focus();\n          }\n          if (e.key === 'F5') {\n            e.preventDefault();\n            this.refreshData();\n          }\n        });\n      }\n\n      async testConnectivity() {\n        const btn = document.getElementById('testConnectivityBtn');\n        const btnText = document.getElementById('testBtnText');\n        const status = document.getElementById('connectionStatus');\n        const statusText = document.getElementById('statusText');\n\n        // Update UI to testing state\n        btn.disabled = true;\n        btnText.textContent = 'Testando...';\n        status.className = 'connection-status testing';\n        statusText.textContent = 'Testando conectividade...';\n\n        const testData = {\n          test: true,\n          timestamp: new Date().toISOString(),\n          userAgent: navigator.userAgent,\n          page: 'floricultura-dashboard',\n          action: 'connectivity-test'\n        };\n\n        console.log('🧪 Iniciando teste de conectividade...');\n        console.log('🌐 URL do teste:', this.testWebhookUrl);\n        console.log('📦 Dados de teste:', testData);\n\n        try {\n          const startTime = Date.now();\n          \n          const response = await fetch(this.testWebhookUrl, {\n            method: 'POST',\n            headers: {\n              'Content-Type': 'application/json',\n              'Accept': 'application/json',\n            },\n            body: JSON.stringify(testData)\n          });\n\n          const endTime = Date.now();\n          const responseTime = endTime - startTime;\n\n          console.log('📡 Status da resposta:', response.status);\n          console.log('⏱️ Tempo de resposta:', responseTime + 'ms');\n\n          if (response.ok) {\n            const responseData = await response.json();\n            console.log('✅ Resposta do servidor:', responseData);\n\n            // Success state\n            status.className = 'connection-status success';\n            statusText.textContent = `Conectado (${responseTime}ms)`;\n            \n            this.showToast('Sucesso', \n              `Webhook funcionando! Tempo: ${responseTime}ms`, \n              'success'\n            );\n          } else {\n            const errorText = await response.text();\n            console.error('❌ Erro HTTP:', response.status, response.statusText);\n            console.error('❌ Resposta de erro:', errorText);\n\n            // Error state\n            status.className = 'connection-status error';\n            statusText.textContent = `Erro ${response.status}`;\n            \n            this.showToast('Erro', \n              `Falha no teste: ${response.status} - ${response.statusText}`, \n              'error'\n            );\n          }\n        } catch (error) {\n          console.error('💥 Erro na requisição:', error);\n\n          // Error state\n          status.className = 'connection-status error';\n          statusText.textContent = 'Erro de conexão';\n          \n          this.showToast('Erro', \n            `Erro de conexão: ${error.message}`, \n            'error'\n          );\n        } finally {\n          // Restore button\n          btn.disabled = false;\n          btnText.textContent = 'Testar Webhook';\n        }\n      }\n\n      async viewStock() {\n        this.showViewStockModal();\n        \n        const loading = document.getElementById('viewStockLoading');\n        const content = document.getElementById('viewStockContent');\n        const table = document.getElementById('stockTable');\n        const empty = document.getElementById('viewStockEmpty');\n\n        // Show loading\n        loading.style.display = 'flex';\n        table.style.display = 'none';\n        empty.style.display = 'none';\n\n        const viewData = {\n          action: 'view-stock',\n          timestamp: new Date().toISOString(),\n          page: 'floricultura-dashboard'\n        };\n\n        console.log('👁️ Iniciando visualização de estoque...');\n        console.log('🌐 URL do webhook:', this.viewWebhookUrl);\n        console.log('📦 Dados da requisição:', viewData);\n\n        try {\n          const response = await fetch(this.viewWebhookUrl, {\n            method: 'POST',\n            headers: {\n              'Content-Type': 'application/json',\n              'Accept': 'application/json',\n            },\n            body: JSON.stringify(viewData)\n          });\n\n          console.log('📡 Status da resposta:', response.status);\n\n          if (response.ok) {\n            const responseData = await response.json();\n            console.log('✅ Dados do estoque recebidos (RAW):', responseData);\n            console.log('✅ Tipo da resposta:', typeof responseData);\n            console.log('✅ É array?', Array.isArray(responseData));\n\n            // Process the response data - versão melhorada para n8n\n            let stockData = [];\n\n            console.log('🔍 Analisando estrutura da resposta...');\n            console.log('🔍 Chaves do objeto:', Object.keys(responseData || {}));\n\n            // Caso 1: Array direto\n            if (Array.isArray(responseData)) {\n              stockData = responseData;\n              console.log('📊 Caso 1: Array direto detectado com', stockData.length, 'itens');\n            }\n            // Caso 2: Resposta do n8n (estrutura típica)\n            else if (typeof responseData === 'object' && responseData !== null) {\n              console.log('📊 Caso 2: Objeto detectado, analisando estrutura...');\n\n              // N8N geralmente retorna dados em propriedades numéricas (0, 1, 2, etc.)\n              const keys = Object.keys(responseData);\n              console.log('🔍 Todas as chaves:', keys);\n\n              // Primeiro, verifica se há propriedades numéricas (típico do n8n)\n              const numericKeys = keys.filter(key => !isNaN(parseInt(key))).sort((a, b) => parseInt(a) - parseInt(b));\n              console.log('🔍 Chaves numéricas encontradas:', numericKeys);\n\n              if (numericKeys.length > 0) {\n                // Cada chave numérica representa um item do Google Sheets\n                stockData = numericKeys.map(key => {\n                  const item = responseData[key];\n                  console.log(`📝 Item ${key}:`, item);\n                  return item;\n                });\n                console.log('📊 Convertendo', numericKeys.length, 'propriedades numéricas em array');\n              }\n              // Se não há chaves numéricas, verifica outras estruturas\n              else if (responseData.json && Array.isArray(responseData.json)) {\n                stockData = responseData.json;\n                console.log('📊 Usando array da propriedade json com', stockData.length, 'itens');\n              }\n              else if (responseData.data && Array.isArray(responseData.data)) {\n                stockData = responseData.data;\n                console.log('📊 Usando propriedade data com', stockData.length, 'itens');\n              }\n              else if (responseData.items && Array.isArray(responseData.items)) {\n                stockData = responseData.items;\n                console.log('📊 Usando propriedade items com', stockData.length, 'itens');\n              }\n              else if (responseData.rows && Array.isArray(responseData.rows)) {\n                stockData = responseData.rows;\n                console.log('📊 Usando propriedade rows com', stockData.length, 'itens');\n              }\n              // Se é um objeto único, trata como array de um item\n              else if (keys.length > 0) {\n                stockData = [responseData];\n                console.log('📊 Usando objeto único como array');\n              }\n            }\n\n            // Log detalhado dos dados processados\n            console.log('📊 RESULTADO FINAL:');\n            console.log('📊 Quantidade de itens processados:', stockData.length);\n            console.log('📊 Primeiros 3 itens:', stockData.slice(0, 3));\n            console.log('📊 Estrutura do primeiro item:', stockData[0] ? Object.keys(stockData[0]) : 'Nenhum item');\n\n            if (stockData.length > 0) {\n              this.populateStockTable(stockData);\n              table.style.display = 'table';\n              this.showToast('Sucesso', `${stockData.length} produtos carregados!`, 'success');\n            } else {\n              console.warn('⚠️ Nenhum dado encontrado na resposta');\n              console.warn('⚠️ Estrutura completa da resposta:', JSON.stringify(responseData, null, 2));\n              empty.style.display = 'block';\n              this.showToast('Aviso', 'Nenhum produto encontrado no estoque.', 'warning');\n            }\n          } else {\n            const errorText = await response.text();\n            console.error('❌ Erro HTTP:', response.status, response.statusText);\n            console.error('❌ Resposta de erro:', errorText);\n            \n            empty.style.display = 'block';\n            this.showToast('Erro', \n              `Erro ao carregar estoque: ${response.status} - ${response.statusText}`, \n              'error'\n            );\n          }\n        } catch (error) {\n          console.error('💥 Erro na requisição:', error);\n          empty.style.display = 'block';\n          this.showToast('Erro', \n            `Erro de conexão: ${error.message}`, \n            'error'\n          );\n        } finally {\n          loading.style.display = 'none';\n        }\n      }\n\n      populateStockTable(stockData) {\n        const tbody = document.getElementById('stockTableBody');\n        \n        console.log('🔧 Populando tabela com dados:', stockData);\n        \n        tbody.innerHTML = stockData.map((item, index) => {\n          console.log(`📝 Processando item ${index + 1}:`, item);\n          \n          // Tenta diferentes nomes de campos para produto\n          const produto = item.produto || \n                   item.PRODUTO || \n                   item.name || \n                   item.produto_nome ||\n                   item.product_name || \n                   item.item || \n                   item.description ||\n                   item.Produto ||\n                   item.Nome ||\n                   item.A || // Coluna A do Google Sheets\n                   `Item ${index + 1}`;\n          \n          // Tenta diferentes nomes de campos para quantidade\n          const quantidadeRaw = item.quantidade || \n                         item.QUANTIDADE ||\n                         item.quantity || \n                         item.stock || \n                         item.estoque ||\n                         item.qty ||\n                         item.Quantidade ||\n                         item.Estoque ||\n                         item.B || // Coluna B do Google Sheets\n                         0;\n          \n          const quantidade = parseInt(quantidadeRaw) || 0;\n          \n          // Tenta diferentes nomes de campos para preço\n          const preco = item.preco_unitario || \n                 item.PRECO ||\n                 item.price || \n                 item.unit_price || \n                 item.valor ||\n                 item.preco ||\n                 item.Preco ||\n                 item['Preço Unitário'] ||\n                 item.C || // Coluna C do Google Sheets\n                 'N/A';\n          \n          const isLowStock = quantidade <= 5;\n          const statusClass = isLowStock ? 'low-stock' : '';\n          const statusText = isLowStock ? 'Baixo Estoque' : 'Normal';\n          \n          return `\n            <tr>\n              <td>${produto}</td>\n              <td class=\"${statusClass}\">${quantidade}</td>\n              <td>${preco}</td>\n              <td class=\"${statusClass}\">${statusText}</td>\n            </tr>\n          `;\n        }).join('');\n        \n        console.log('✅ Tabela populada com sucesso');\n      }\n\n      showViewStockModal() {\n        document.getElementById('viewStockModal').classList.add('active');\n      }\n\n      hideViewStockModal() {\n        document.getElementById('viewStockModal').classList.remove('active');\n      }\n\n      checkExistingProduct(productName) {\n        if (!productName.trim()) {\n          document.getElementById('updateIndicator').style.display = 'none';\n          return;\n        }\n\n        const existingProduct = this.originalData.find(product => \n          product.produto && product.produto.toLowerCase() === productName.toLowerCase()\n        );\n\n        const indicator = document.getElementById('updateIndicator');\n        const confirmBtn = document.getElementById('confirmAddBtnText');\n\n        if (existingProduct) {\n          indicator.style.display = 'block';\n          confirmBtn.textContent = 'Atualizar';\n          \n          // Pre-fill form with existing data\n          document.getElementById('quantidade').value = parseInt(existingProduct.quantidade) || '';\n          const precoValue = existingProduct.preco_unitario ? \n            existingProduct.preco_unitario.replace('R$', '').replace(',', '.').trim() : '';\n          document.getElementById('preco_unitario').value = precoValue;\n          document.getElementById('data_entrada').value = existingProduct.data_entrada || '';\n        } else {\n          indicator.style.display = 'none';\n          confirmBtn.textContent = 'Adicionar';\n          \n          // Clear form except product name\n          document.getElementById('quantidade').value = '';\n          document.getElementById('preco_unitario').value = '';\n          document.getElementById('data_entrada').value = new Date().toISOString().split('T')[0];\n        }\n      }\n\n      setupTheme() {\n        const savedTheme = localStorage.getItem('floricultura-theme') || 'light';\n        this.setTheme(savedTheme);\n      }\n\n      setTheme(theme) {\n        document.documentElement.setAttribute('data-theme', theme);\n        document.getElementById('themeIcon').textContent = theme === 'dark' ? '☀️' : '🌙';\n        localStorage.setItem('floricultura-theme', theme);\n      }\n\n      toggleTheme() {\n        const currentTheme = document.documentElement.getAttribute('data-theme');\n        const newTheme = currentTheme === 'dark' ? 'light' : 'dark';\n        this.setTheme(newTheme);\n      }\n\n      loadData() {\n        setTimeout(() => {\n          this.parseSupabaseTable();\n          document.getElementById('loading').style.display = 'none';\n          this.renderTable();\n          this.updateStats();\n          this.updateLastUpdateTime();\n        }, 500);\n      }\n\n      parseSupabaseTable() {\n        // Procura pela tabela injetada pelo N8N\n        const supabaseTable = document.querySelector('table:not(#dataTable):not(#stockTable)');\n        \n        if (!supabaseTable) {\n          console.log('Nenhuma tabela do Supabase encontrada - usando dados de exemplo');\n          this.originalData = this.generateExampleData();\n          this.filteredData = [...this.originalData];\n          return;\n        }\n\n        try {\n          // Extrai headers\n          const headerCells = supabaseTable.querySelectorAll('thead th');\n          this.columns = Array.from(headerCells).map(th => ({\n            key: this.normalizeKey(th.textContent.trim()),\n            label: th.textContent.trim()\n          }));\n\n          // Extrai dados das linhas\n          const rows = supabaseTable.querySelectorAll('tbody tr');\n          this.originalData = Array.from(rows).map((row, index) => {\n            const cells = row.querySelectorAll('td');\n            const record = { _rowIndex: index };\n            \n            this.columns.forEach((column, i) => {\n              if (cells[i]) {\n                record[column.key] = cells[i].textContent.trim();\n              }\n            });\n\n            return record;\n          });\n\n          this.filteredData = [...this.originalData];\n\n          // Remove a tabela original\n          supabaseTable.remove();\n\n          // Popula o filtro de colunas\n          this.populateColumnFilter();\n\n          console.log(`Dados carregados do Supabase: ${this.originalData.length} registros`);\n          console.log('Colunas detectadas:', this.columns.map(c => c.label));\n        } catch (error) {\n          console.error('Erro ao processar tabela do Supabase:', error);\n          this.originalData = this.generateExampleData();\n          this.filteredData = [...this.originalData];\n        }\n      }\n\n      normalizeKey(text) {\n        return text.toLowerCase()\n          .replace(/[áàâãäå]/g, 'a')\n          .replace(/[éèêë]/g, 'e')\n          .replace(/[íìîï]/g, 'i')\n          .replace(/[óòôõö]/g, 'o')\n          .replace(/[úùûü]/g, 'u')\n          .replace(/[ç]/g, 'c')\n          .replace(/[ñ]/g, 'n')\n          .replace(/\\s+/g, '_')\n          .replace(/[^a-z0-9_]/g, '');\n      }\n\n      populateColumnFilter() {\n        const select = document.getElementById('columnFilter');\n        select.innerHTML = '<option value=\"\">Todas as colunas</option>';\n        \n        this.columns.forEach(column => {\n          const option = document.createElement('option');\n          option.value = column.key;\n          option.textContent = column.label;\n          select.appendChild(option);\n        });\n      }\n\n      generateExampleData() {\n        const exampleData = [];\n        const produtos = [\n          'Rosas Vermelhas', 'Lírios Brancos', 'Tulipas Amarelas', 'Girassóis', 'Orquídeas',\n          'Margaridas', 'Crisântemos', 'Violetas', 'Begônias', 'Petúnias',\n          'Vasos Cerâmica P', 'Vasos Cerâmica M', 'Vasos Cerâmica G', 'Terra Adubada 5kg',\n          'Fertilizante Líquido', 'Substrato Orgânico', 'Regador 2L', 'Tesoura de Poda'\n        ];\n\n        for (let i = 1; i <= 15; i++) {\n          const produto = produtos[Math.floor(Math.random() * produtos.length)];\n          const quantidade = Math.floor(Math.random() * 50) + 1;\n          const precoUnitario = (Math.random() * 50 + 5).toFixed(2);\n          \n          // Gera datas de entrada dos últimos 60 dias\n          const diasAtras = Math.floor(Math.random() * 60);\n          const dataEntrada = new Date();\n          dataEntrada.setDate(dataEntrada.getDate() - diasAtras);\n          \n          // Última atualização entre a data de entrada e hoje\n          const ultimaAtualizacao = new Date();\n          const diasAtualizacao = Math.floor(Math.random() * diasAtras);\n          ultimaAtualizacao.setDate(ultimaAtualizacao.getDate() - diasAtualizacao);\n\n          exampleData.push({\n            _rowIndex: i - 1,\n            id: i,\n            produto: produto,\n            quantidade: quantidade,\n            preco_unitario: `R$ ${precoUnitario.replace('.', ',')}`,\n            data_entrada: dataEntrada.toISOString().split('T')[0],\n            ultima_atualizacao: ultimaAtualizacao.toISOString()\n          });\n        }\n\n        this.columns = [\n          { key: 'id', label: 'ID' },\n          { key: 'produto', label: 'Produto' },\n          { key: 'quantidade', label: 'Quantidade' },\n          { key: 'preco_unitario', label: 'Preço Unitário' },\n          { key: 'data_entrada', label: 'Data de Entrada' },\n          { key: 'ultima_atualizacao', label: 'Última Atualização' }\n        ];\n\n        this.populateColumnFilter();\n        return exampleData;\n      }\n\n      filterData() {\n        const searchTerm = document.getElementById('searchInput').value.toLowerCase();\n        const columnFilter = document.getElementById('columnFilter').value;\n\n        this.filteredData = this.originalData.filter(record => {\n          if (!searchTerm) return true;\n\n          if (columnFilter) {\n            // Busca apenas na coluna específica\n            const value = record[columnFilter];\n            return value && value.toString().toLowerCase().includes(searchTerm);\n          } else {\n            // Busca em todas as colunas\n            return Object.values(record).some(value => \n              value && value.toString().toLowerCase().includes(searchTerm)\n            );\n          }\n        });\n\n        this.renderTable();\n        this.updateStats();\n      }\n\n      sortData(column) {\n        if (this.sortColumn === column) {\n          this.sortDirection = this.sortDirection === 'asc' ? 'desc' : 'asc';\n        } else {\n          this.sortColumn = column;\n          this.sortDirection = 'asc';\n        }\n\n        this.filteredData.sort((a, b) => {\n          let aVal = a[column] || '';\n          let bVal = b[column] || '';\n\n          // Handle dates\n          if (column.includes('created_at') || column.includes('updated_at') || column.includes('data')) {\n            aVal = new Date(aVal);\n            bVal = new Date(bVal);\n          }\n          \n          // Handle numbers\n          if (!isNaN(aVal) && !isNaN(bVal)) {\n            aVal = parseFloat(aVal);\n            bVal = parseFloat(bVal);\n          }\n\n          if (aVal < bVal) return this.sortDirection === 'asc' ? -1 : 1;\n          if (aVal > bVal) return this.sortDirection === 'asc' ? 1 : -1;\n          return 0;\n        });\n\n        this.renderTable();\n      }\n\n      renderTable() {\n        const table = document.getElementById('dataTable');\n        const emptyState = document.getElementById('emptyState');\n\n        if (this.filteredData.length === 0) {\n          table.style.display = 'none';\n          emptyState.style.display = 'block';\n          return;\n        }\n\n        table.style.display = 'table';\n        emptyState.style.display = 'none';\n\n        this.renderTableHeader();\n        this.renderTableBody();\n      }\n\n      renderTableHeader() {\n        const header = document.getElementById('tableHeader');\n        \n        header.innerHTML = this.columns.map(column => `\n          <th class=\"sortable ${this.sortColumn === column.key ? `sort-${this.sortDirection}` : ''}\"\n              onclick=\"dataManager.sortData('${column.key}')\">\n            ${column.label}\n          </th>\n        `).join('') + '<th style=\"width: 100px; text-align: center;\">Ações</th>';\n      }\n\n      renderTableBody() {\n        const tbody = document.getElementById('tableBody');\n        \n        console.log('🔧 Renderizando tabela com', this.filteredData.length, 'registros');\n        console.log('🔧 Primeiro registro:', this.filteredData[0]);\n        \n        tbody.innerHTML = this.filteredData.map(record => `\n          <tr data-row-index=\"${record._rowIndex}\" data-record-id=\"${record.id || record._rowIndex}\">\n            ${this.columns.map(column => `\n              <td>${this.formatCellValue(record[column.key], column.key)}</td>\n            `).join('')}\n            <td style=\"text-align: center;\">\n              <button class=\"btn btn-danger btn-sm\" onclick=\"dataManager.showDeleteModal(${record._rowIndex})\" title=\"Excluir registro\">\n                <svg class=\"btn-icon\" viewBox=\"0 0 24 24\" fill=\"none\" stroke=\"currentColor\" stroke-width=\"2\">\n                  <polyline points=\"3,6 5,6 21,6\"/>\n                  <path d=\"m19,6v14a2,2 0 0,1 -2,2H7a2,2 0 0,1 -2,-2V6m3,0V4a2,2 0 0,1 2,-2h4a2,2 0 0,1 2,2v2\"/>\n                </svg>\n              </button>\n            </td>\n          </tr>\n        `).join('');\n      }\n\n      formatCellValue(value, column) {\n        if (!value) return '';\n\n        // Format dates\n        if (column === 'data_entrada') {\n          try {\n            const date = new Date(value);\n            if (!isNaN(date.getTime())) {\n              return new Intl.DateTimeFormat('pt-BR', {\n                dateStyle: 'short',\n                timeZone: 'America/Sao_Paulo'\n              }).format(date);\n            }\n          } catch (error) {\n            return value;\n          }\n        }\n\n        if (column === 'ultima_atualizacao') {\n          try {\n            const date = new Date(value);\n            if (!isNaN(date.getTime())) {\n              return new Intl.DateTimeFormat('pt-BR', {\n                dateStyle: 'short',\n                timeStyle: 'short',\n                timeZone: 'America/Sao_Paulo'\n              }).format(date);\n            }\n          } catch (error) {\n            return value;\n          }\n        }\n\n        // Highlight low stock\n        if (column === 'quantidade') {\n          const qty = parseInt(value) || 0;\n          if (qty <= 5) {\n            return `<span style=\"color: var(--danger); font-weight: bold;\">${value}</span>`;\n          }\n          return value;\n        }\n\n        return value;\n      }\n\n      showDeleteModal(rowIndex) {\n        this.currentRowToDelete = rowIndex;\n        this.currentRecordData = this.originalData.find(record => record._rowIndex === rowIndex);\n        \n        if (!this.currentRecordData) {\n          this.showToast('Erro', 'Registro não encontrado.', 'error');\n          return;\n        }\n\n        // Debug: mostra os dados do registro\n        console.log('🔍 Registro selecionado para exclusão:', this.currentRecordData);\n        console.log('🔍 Row Index:', rowIndex);\n        console.log('🔍 ID do registro:', this.currentRecordData.id);\n\n        // Personaliza o modal com informações do registro\n        const recordInfo = this.getRecordDisplayInfo(this.currentRecordData);\n        document.getElementById('modalContent').innerHTML = `\n          <p>Tem certeza que deseja remover este registro?</p>\n          <div style=\"background: var(--bg-secondary); padding: 1rem; border-radius: var(--radius); margin: 1rem 0;\">\n            <strong>${recordInfo}</strong>\n            <br><small>ID: ${this.currentRecordData.id || 'N/A'}</small>\n          </div>\n          <p style=\"color: var(--danger); font-size: 0.875rem;\">Esta ação não pode ser desfeita.</p>\n        `;\n        \n        document.getElementById('confirmModal').classList.add('active');\n      }\n\n      getRecordDisplayInfo(record) {\n        // Tenta encontrar um campo identificador principal\n        const identifierFields = ['nome', 'name', 'titulo', 'title', 'produto', 'email', 'id'];\n        \n        for (const field of identifierFields) {\n          if (record[field]) {\n            return `${this.getFieldLabel(field)}: ${record[field]}`;\n          }\n        }\n        \n        // Se não encontrar, usa o primeiro campo não-técnico\n        const firstField = Object.keys(record).find(key => \n          !key.startsWith('_') && \n          !key.includes('id') && \n          record[key]\n        );\n        \n        if (firstField) {\n          return `${this.getFieldLabel(firstField)}: ${record[firstField]}`;\n        }\n        \n        return `ID: ${record.id || record._rowIndex}`;\n      }\n\n      getFieldLabel(fieldKey) {\n        const column = this.columns.find(col => col.key === fieldKey);\n        return column ? column.label : fieldKey;\n      }\n\n      hideModal() {\n        document.getElementById('confirmModal').classList.remove('active');\n        this.currentRowToDelete = null;\n        this.currentRecordData = null;\n      }\n\n      async deleteRecord() {\n        if (!this.currentRecordData) {\n          this.showToast('Erro', 'Nenhum registro selecionado para exclusão.', 'error');\n          return;\n        }\n\n        const confirmBtn = document.getElementById('confirmBtn');\n        const originalText = document.getElementById('confirmBtnText').textContent;\n\n        // Desabilita o botão e mostra loading\n        confirmBtn.disabled = true;\n        document.getElementById('confirmBtnText').textContent = 'Excluindo...';\n\n        // Marca a linha como sendo deletada\n        const row = document.querySelector(`tr[data-row-index=\"${this.currentRowToDelete}\"]`);\n        if (row) {\n          row.classList.add('deleting');\n        }\n\n        // Extrai o ID - tenta várias possibilidades\n        let recordId = this.currentRecordData.id || \n                      this.currentRecordData.ID || \n                      this.currentRecordData._rowIndex;\n\n        const payload = {\n          id: recordId\n        };\n\n        console.log('🚀 Iniciando exclusão...');\n        console.log('📋 Dados completos do registro:', this.currentRecordData);\n        console.log('🆔 ID extraído:', recordId);\n        console.log('🌐 URL do webhook:', this.deleteWebhookUrl);\n        console.log('📦 Payload que será enviado:', payload);\n\n        try {\n          // Faz a requisição para o webhook de delete\n          const response = await fetch(this.deleteWebhookUrl, {\n            method: 'POST',\n            headers: {\n              'Content-Type': 'application/json',\n              'Accept': 'application/json',\n            },\n            body: JSON.stringify(payload)\n          });\n\n          console.log('📡 Status da resposta:', response.status);\n          console.log('📡 Headers da resposta:', Object.fromEntries(response.headers.entries()));\n\n          // Tenta ler a resposta como texto primeiro\n          const responseText = await response.text();\n          console.log('📄 Resposta completa:', responseText);\n\n          if (response.ok) {\n            // Sucesso - remove da interface\n            this.originalData = this.originalData.filter(record => \n              record._rowIndex !== this.currentRowToDelete\n            );\n            \n            this.filterData();\n            this.hideModal();\n            this.showToast('Sucesso', `Registro ID ${recordId} excluído com sucesso!`, 'success');\n            \n            // Atualiza estatísticas\n            this.updateStats();\n            \n          } else {\n            // Erro na resposta - mostra detalhes\n            console.error('❌ Erro HTTP:', response.status, response.statusText);\n            console.error('❌ Resposta do servidor:', responseText);\n            \n            let errorMessage = `Erro ${response.status}: ${response.statusText}`;\n            \n            // Tenta extrair mensagem de erro mais específica\n            try {\n              const errorData = JSON.parse(responseText);\n              if (errorData.message) {\n                errorMessage += ` - ${errorData.message}`;\n              } else if (errorData.error) {\n                errorMessage += ` - ${errorData.error}`;\n              }\n            } catch (e) {\n              if (responseText) {\n                errorMessage += ` - ${responseText.substring(0, 100)}`;\n              }\n            }\n            \n            this.showToast('Erro', errorMessage, 'error');\n            \n            // Remove a classe de loading da linha\n            if (row) {\n              row.classList.remove('deleting');\n            }\n          }\n        } catch (error) {\n          console.error('💥 Erro na requisição:', error);\n          this.showToast('Erro', `Erro de conexão: ${error.message}`, 'error');\n          \n          // Remove a classe de loading da linha\n          if (row) {\n            row.classList.remove('deleting');\n          }\n        } finally {\n          // Restaura o botão\n          confirmBtn.disabled = false;\n          document.getElementById('confirmBtnText').textContent = originalText;\n        }\n      }\n\n      showAddModal() {\n        // Reset form\n        document.getElementById('addRecordForm').reset();\n        document.getElementById('updateIndicator').style.display = 'none';\n        document.getElementById('confirmAddBtnText').textContent = 'Adicionar';\n        \n        // Set default date\n        document.getElementById('data_entrada').value = new Date().toISOString().split('T')[0];\n        \n        document.getElementById('addRecordModal').classList.add('active');\n      }\n\n      hideAddModal() {\n        document.getElementById('addRecordModal').classList.remove('active');\n        document.getElementById('addRecordForm').reset();\n        document.getElementById('updateIndicator').style.display = 'none';\n      }\n\n      async addOrUpdateRecord() {\n        const form = document.getElementById('addRecordForm');\n        const formData = new FormData(form);\n        \n        // Valida campos obrigatórios\n        const requiredFields = form.querySelectorAll('[required]');\n        for (const field of requiredFields) {\n          if (!field.value.trim()) {\n            field.focus();\n            this.showToast('Erro', `O campo \"${field.previousElementSibling.textContent.replace(' *', '')}\" é obrigatório.`, 'error');\n            return;\n          }\n        }\n\n        const confirmBtn = document.getElementById('confirmAddBtn');\n        const originalText = document.getElementById('confirmAddBtnText').textContent;\n        \n        // Desabilita o botão e mostra loading\n        confirmBtn.disabled = true;\n        document.getElementById('confirmAddBtnText').textContent = 'Salvando...';\n\n        // Cria o objeto com os dados\n        const newRecord = {};\n        for (const [key, value] of formData.entries()) {\n          newRecord[key] = value.trim();\n        }\n\n        // Verifica se é atualização ou adição\n        const productName = newRecord.produto;\n        const existingProduct = this.originalData.find(product => \n          product.produto && product.produto.toLowerCase() === productName.toLowerCase()\n        );\n\n        if (existingProduct) {\n          // Atualização\n          newRecord.id = existingProduct.id;\n          newRecord.mode = 'update';\n          newRecord.ultima_atualizacao = new Date().toISOString();\n        } else {\n          // Adição\n          newRecord.mode = 'add';\n          newRecord.created_at = new Date().toISOString();\n        }\n\n        console.log('➕ Processando registro...');\n        console.log('📋 Dados do registro:', newRecord);\n        console.log('🔄 Modo:', existingProduct ? 'Atualização' : 'Adição');\n        console.log('🌐 URL do webhook:', this.addWebhookUrl);\n\n        try {\n          const response = await fetch(this.addWebhookUrl, {\n            method: 'POST',\n            headers: {\n              'Content-Type': 'application/json',\n              'Accept': 'application/json',\n            },\n            body: JSON.stringify(newRecord)\n          });\n\n          console.log('📡 Status da resposta:', response.status);\n          const responseText = await response.text();\n          console.log('📄 Resposta completa:', responseText);\n\n          if (response.ok) {\n            if (existingProduct) {\n              // Atualização - atualiza na interface\n              this.originalData = this.originalData.map(product => \n                product._rowIndex === existingProduct._rowIndex \n                  ? { ...product, ...newRecord, _rowIndex: product._rowIndex }\n                  : product\n              );\n              this.showToast('Sucesso', 'Produto atualizado com sucesso!', 'success');\n            } else {\n              // Adição - adiciona à interface\n              const newRowIndex = this.originalData.length;\n              const recordWithIndex = {\n                ...newRecord,\n                _rowIndex: newRowIndex,\n                id: newRowIndex + 1 // ID temporário\n              };\n              \n              this.originalData.push(recordWithIndex);\n              this.showToast('Sucesso', 'Produto adicionado com sucesso!', 'success');\n            }\n\n            this.filterData();\n            this.hideAddModal();\n            \n            // Atualiza estatísticas\n            this.updateStats();\n            \n          } else {\n            console.error('❌ Erro HTTP:', response.status, response.statusText);\n            \n            let errorMessage = `Erro ${response.status}: ${response.statusText}`;\n            \n            try {\n              const errorData = JSON.parse(responseText);\n              if (errorData.message) {\n                errorMessage += ` - ${errorData.message}`;\n              }\n            } catch (e) {\n              if (responseText) {\n                errorMessage += ` - ${responseText.substring(0, 100)}`;\n              }\n            }\n            \n            this.showToast('Erro', errorMessage, 'error');\n          }\n        } catch (error) {\n          console.error('💥 Erro na requisição:', error);\n          this.showToast('Erro', `Erro de conexão: ${error.message}`, 'error');\n        } finally {\n          // Restaura o botão\n          confirmBtn.disabled = false;\n          document.getElementById('confirmAddBtnText').textContent = originalText;\n        }\n      }\n\n      showToast(title, message, type = 'info') {\n        // Remove toast anterior se existir\n        const existingToast = document.querySelector('.toast');\n        if (existingToast) {\n          existingToast.remove();\n        }\n\n        // Cria novo toast\n        const toast = document.createElement('div');\n        toast.className = `toast ${type}`;\n        toast.innerHTML = `\n          <div class=\"toast-title\">${title}</div>\n          <div class=\"toast-message\">${message}</div>\n        `;\n\n        document.body.appendChild(toast);\n\n        // Mostra o toast\n        setTimeout(() => toast.classList.add('show'), 100);\n\n        // Remove o toast após 5 segundos\n        setTimeout(() => {\n          toast.classList.remove('show');\n          setTimeout(() => toast.remove(), 300);\n        }, 5000);\n      }\n\n      updateStats() {\n        const total = this.originalData.length;\n        const filtered = this.filteredData.length;\n\n        const today = new Date();\n        const todayEntries = this.originalData.filter(record => {\n          try {\n            const entryDate = record.data_entrada;\n            if (!entryDate) return false;\n            \n            const recordDate = new Date(entryDate);\n            return recordDate.toDateString() === today.toDateString();\n          } catch (error) {\n            return false;\n          }\n        }).length;\n\n        // Produtos com baixo estoque (quantidade <= 5)\n        const lowStock = this.originalData.filter(record => {\n          const qty = parseInt(record.quantidade) || 0;\n          return qty <= 5;\n        }).length;\n\n        document.getElementById('totalRecords').textContent = total;\n        document.getElementById('filteredRecords').textContent = filtered;\n        document.getElementById('todayRecords').textContent = todayEntries;\n        document.getElementById('lowStockProducts').textContent = lowStock;\n      }\n\n      updateLastUpdateTime() {\n        const now = new Date();\n        const timeString = now.toLocaleTimeString('pt-BR', {\n          hour: '2-digit',\n          minute: '2-digit'\n        });\n        document.getElementById('lastUpdate').textContent = timeString;\n      }\n\n      refreshData() {\n        document.getElementById('loading').style.display = 'flex';\n        document.getElementById('dataTable').style.display = 'none';\n        \n        // Simula refresh (em produção, faria nova requisição)\n        setTimeout(() => {\n          window.location.reload();\n        }, 1000);\n      }\n\n      exportData() {\n        if (this.filteredData.length === 0) {\n          this.showToast('Aviso', 'Não há dados para exportar.', 'warning');\n          return;\n        }\n\n        const csvContent = this.generateCSV();\n        const blob = new Blob([csvContent], { type: 'text/csv;charset=utf-8;' });\n        const link = document.createElement('a');\n        \n        if (link.download !== undefined) {\n          const url = URL.createObjectURL(blob);\n          link.setAttribute('href', url);\n          link.setAttribute('download', `floricultura_dados_${new Date().toISOString().split('T')[0]}.csv`);\n          link.style.visibility = 'hidden';\n          document.body.appendChild(link);\n          link.click();\n          document.body.removeChild(link);\n          \n          this.showToast('Sucesso', 'Dados exportados com sucesso!', 'success');\n        }\n      }\n\n      generateCSV() {\n        const headers = this.columns.map(col => col.label).join(',');\n        const rows = this.filteredData.map(record => \n          this.columns.map(col => `\"${record[col.key] || ''}\"`).join(',')\n        );\n        return [headers, ...rows].join('\\n');\n      }\n    }\n\n    // Initialize the application\n    const dataManager = new SupabaseDataManager();\n  </script>\n</body>\n</html>\n"},"type":"n8n-nodes-base.html","typeVersion":1.2,"position":[896,800],"id":"3fa3b367-29f1-4e62-806c-96e94053d9b9","name":"HTML2"},{"parameters":{"operation":"appendOrUpdate","documentId":{"__rl":true,"value":"19_iDJIRNjqtTWtaiiEIQRkX9JMA1CSChkP-A9zzOHws","mode":"list","cachedResultName":"Estoque_Floricultura","cachedResultUrl":"https://docs.google.com/spreadsheets/d/19_iDJIRNjqtTWtaiiEIQRkX9JMA1CSChkP-A9zzOHws/edit?usp=drivesdk"},"sheetName":{"__rl":true,"value":"gid=0","mode":"list","cachedResultName":"Página1","cachedResultUrl":"https://docs.google.com/spreadsheets/d/19_iDJIRNjqtTWtaiiEIQRkX9JMA1CSChkP-A9zzOHws/edit#gid=0"},"columns":{"mappingMode":"defineBelow","value":{"Quantidade":"={{ $('Webhook Add').item.json.body.quantidade }}","Produto":"={{ $('Webhook Add').item.json.body.produto }}","Preço Unitário":"={{ $('Webhook Add').item.json.body.preco_unitario }}","Data de Entrada":"={{ $('Webhook Add').item.json.body.data_entrada }}"},"matchingColumns":["Produto"],"schema":[{"id":"ID","displayName":"ID","required":false,"defaultMatch":false,"display":true,"type":"string","canBeUsedToMatch":true,"removed":true},{"id":"Produto","displayName":"Produto","required":false,"defaultMatch":false,"display":true,"type":"string","canBeUsedToMatch":true,"removed":false},{"id":"Quantidade","displayName":"Quantidade","required":false,"defaultMatch":false,"display":true,"type":"string","canBeUsedToMatch":true},{"id":"Preço Unitário","displayName":"Preço Unitário","required":false,"defaultMatch":false,"display":true,"type":"string","canBeUsedToMatch":true,"removed":false},{"id":"Data de Entrada","displayName":"Data de Entrada","required":false,"defaultMatch":false,"display":true,"type":"string","canBeUsedToMatch":true,"removed":false},{"id":"Última Atualização","displayName":"Última Atualização","required":false,"defaultMatch":false,"display":true,"type":"string","canBeUsedToMatch":true,"removed":true}],"attemptToConvertTypes":false,"convertFieldsToString":false},"options":{}},"type":"n8n-nodes-base.googleSheets","typeVersion":4.5,"position":[672,1216],"id":"6f3b5c28-31d7-4f39-82bc-31b370ed77e0","name":"Append or update row in sheet","credentials":{"googleSheetsOAuth2Api":{"id":"sFtSa2h1fvmHuTqX","name":"rolimvictorhugo@gmail.com"}}}],"connections":{"Ler Planilha de Pedidos":{"main":[[]]},"Get row(s) in sheet":{"main":[[]]},"Webhook Delete":{"main":[[{"node":"Processar Delete1","type":"main","index":0}]]},"Processar Delete1":{"main":[[{"node":"Delete a row","type":"main","index":0}]]},"Delete a row":{"main":[[{"node":"Resposta Delete","type":"main","index":0}]]},"Webhook Add":{"main":[[{"node":"Processar Add","type":"main","index":0}]]},"Processar Add":{"main":[[{"node":"Append or update row in sheet","type":"main","index":0}]]},"Webhook Add1":{"main":[[{"node":"Get row(s) in sheet1","type":"main","index":0}]]},"Get row(s) in sheet1":{"main":[[{"node":"Resposta Add1","type":"main","index":0}]]},"Processar Pedidos":{"main":[[{"node":"Montar Página HTML2","type":"main","index":0}]]},"Get Pedidos":{"main":[[{"node":"Processar Pedidos","type":"main","index":0}]]},"Dashboard Webhook (GET)2":{"main":[[{"node":"Get Pedidos","type":"main","index":0}]]},"Montar Página HTML2":{"main":[[{"node":"HTML2","type":"main","index":0}]]},"HTML2":{"main":[[{"node":"Responder com HTML2","type":"main","index":0}]]},"Append or update row in sheet":{"main":[[{"node":"Resposta Add","type":"main","index":0}]]}},"settings":{"executionOrder":"v1"},"staticData":null,"meta":{"templateCredsSetupCompleted":true},"pinData":{},"versionId":"012e7358-609f-47ca-a466-c0119c05505e","triggerCount":4,"tags":[]}

