{"createdAt":"2025-05-30T18:07:58.870Z","updatedAt":"2025-05-30T18:07:58.870Z","id":"1ihd1Uxzb6qH9zez","name":"My workflow 21","active":false,"isArchived":false,"nodes":[{"parameters":{},"name":"Start","type":"n8n-nodes-base.start","typeVersion":1,"position":[-700,280],"id":"ec4e8e12-269a-4aac-a397-5b15a233515c"},{"parameters":{"authentication":"oAuth2","sheetId":"1QBr02z4CmLS-V4IrDzCvPEXfxZz3lSmoP36uCyj2Sr8","range":"A:G","options":{"valueRenderMode":"FORMATTED_VALUE"}},"name":"Google Sheets","type":"n8n-nodes-base.googleSheets","typeVersion":1,"position":[-460,280],"id":"d099fd3d-29bd-457c-99f4-3e3d6fcfabe2","credentials":{"googleSheetsOAuth2Api":{"id":"kImJQMR6mcmiYEc3","name":"Google Sheets"}}},{"parameters":{"unit":"minutes"},"name":"Wait","type":"n8n-nodes-base.wait","typeVersion":1,"position":[0,0],"webhookId":"19a8ac07-3843-4367-8876-b7590c65c425","id":"4e8c87d5-f9c4-4dc0-a700-2f1ca4f79940"},{"parameters":{"values":{"string":[{"name":"email 1","value":"sim"},{"name":"Email","value":"={{$node[\"Google Sheets\"].json[\"Email\"]}}"}]},"options":{}},"name":"Set","type":"n8n-nodes-base.set","typeVersion":1,"position":[400,0],"id":"7f321679-7946-4345-9009-a63d8b131806"},{"parameters":{"amount":2,"unit":"minutes"},"name":"Wait1","type":"n8n-nodes-base.wait","typeVersion":1,"position":[200,260],"webhookId":"e0f190c8-a597-4b5c-9094-dfad26f86367","id":"fbe4557e-689d-4e84-9893-f06d7da599d3"},{"parameters":{"values":{"string":[{"name":"email 2","value":"sim"},{"name":"Email","value":"={{$node[\"Google Sheets\"].json[\"Email\"]}}"}]},"options":{}},"name":"Set1","type":"n8n-nodes-base.set","typeVersion":1,"position":[600,260],"id":"0d05ea4e-51c4-4cb0-8ef9-f6e50aa0d726"},{"parameters":{"conditions":{"string":[{"value1":"email 1","operation":"notContains","value2":"sim"}]}},"name":"IF","type":"n8n-nodes-base.if","typeVersion":1,"position":[-240,280],"id":"e172defd-3ac1-43d0-81fd-c420f4930acf"},{"parameters":{},"name":"NoOp","type":"n8n-nodes-base.noOp","typeVersion":1,"position":[0,540],"id":"704bb4a1-fd3b-41c2-9302-f6bded3d4bab"},{"parameters":{"amount":3,"unit":"minutes"},"name":"Wait2","type":"n8n-nodes-base.wait","typeVersion":1,"position":[400,540],"webhookId":"18fe7c80-a563-4b1d-af30-96c68e4de08e","id":"13444b12-820e-4fec-99fc-fca3b35a20d7"},{"parameters":{"values":{"string":[{"name":"email 3","value":"sim"},{"name":"Email","value":"={{$node[\"Google Sheets\"].json[\"Email\"]}}"}]},"options":{}},"name":"Set2","type":"n8n-nodes-base.set","typeVersion":1,"position":[800,540],"id":"6cd76836-cb14-47c3-bfde-dcb7c8a517fd"},{"parameters":{"resource":"message","subject":"Primeiro email","message":"=Olá {{$json[\"Nome\"]}}\n\nFicamos felizes em saber que está interessado em saber mais sobre automação de processos, para levar seus negócios para o próximo nível.\n\nNos próximos dias receberá algumas mensagens com informações importantes para lhe apoiar nesse desafio.\n\nSaudações,\n\nEquipe da Vamos automatizar","toList":["={{$node[\"Google Sheets\"].json[\"Email\"]}}"],"additionalFields":{}},"name":"Email 1","type":"n8n-nodes-base.gmail","typeVersion":1,"position":[200,0],"id":"c5bd23f4-5042-4731-b2d2-3af72bb34195"},{"parameters":{"resource":"message","subject":"Segundo email","message":"=Olá {{$node[\"Google Sheets\"].json[\"Nome\"]}}\n\nFicamos felizes em saber que está interessado em saber mais sobre automação de processos, para levar seus negócios para o próximo nível.\n\nNos próximos dias receberá algumas mensagens com informações importantes para lhe apoiar nesse desafio.\n\nSaudações,\n\nEquipe da Vamos automatizar","toList":["={{$node[\"Google Sheets\"].json[\"Email\"]}}"],"additionalFields":{}},"name":"Email 2","type":"n8n-nodes-base.gmail","typeVersion":1,"position":[400,260],"id":"5f856b52-5bf5-4e70-8922-197c2c6472d8"},{"parameters":{"resource":"message","subject":"Terceiro email","message":"=Olá {{$node[\"Google Sheets\"].json[\"Nome\"]}}\n\nFicamos felizes em saber que está interessado em saber mais sobre automação de processos, para levar seus negócios para o próximo nível.\n\nNos próximos dias receberá algumas mensagens com informações importantes para lhe apoiar nesse desafio.\n\nSaudações,\n\nEquipe da Vamos automatizar","toList":["={{$node[\"Google Sheets\"].json[\"Email\"]}}"],"additionalFields":{}},"name":"Email 3","type":"n8n-nodes-base.gmail","typeVersion":1,"position":[600,540],"id":"e5eab686-1d3a-430a-ba38-69e8df9317a1"},{"parameters":{"authentication":"oAuth2","operation":"update","sheetId":"1QBr02z4CmLS-V4IrDzCvPEXfxZz3lSmoP36uCyj2Sr8","range":"A:G","key":"Email","options":{"valueRenderMode":"FORMATTED_VALUE"}},"name":"Enviado 1","type":"n8n-nodes-base.googleSheets","typeVersion":1,"position":[600,0],"id":"168f9361-7503-4ca4-9de0-43114d03bd5f"},{"parameters":{"authentication":"oAuth2","operation":"update","sheetId":"1QBr02z4CmLS-V4IrDzCvPEXfxZz3lSmoP36uCyj2Sr8","range":"A:G","key":"Email","options":{"valueRenderMode":"FORMATTED_VALUE"}},"name":"Enviado 2","type":"n8n-nodes-base.googleSheets","typeVersion":1,"position":[800,260],"id":"1600b0f9-f166-4fac-9b92-8efa6d2ace40"},{"parameters":{"authentication":"oAuth2","operation":"update","sheetId":"1QBr02z4CmLS-V4IrDzCvPEXfxZz3lSmoP36uCyj2Sr8","range":"A:G","key":"Email","options":{"valueRenderMode":"FORMATTED_VALUE"}},"name":"Enviado 3","type":"n8n-nodes-base.googleSheets","typeVersion":1,"position":[1000,540],"id":"f9367dcc-de54-4c48-9fe7-21064e235ba0"},{"parameters":{},"name":"Error Trigger","type":"n8n-nodes-base.errorTrigger","position":[-700,520],"typeVersion":1,"id":"b46b6a49-4e43-4ca7-aae7-0464b6b4baac"},{"parameters":{"resource":"message","subject":"=n8n Workflow Failure: {{$json[\"workflow\"][\"name\"]}}","message":"=Workflow: {{$json[\"workflow\"][\"name\"]}}\nErro: {{$json[\"execution\"][\"error\"][\"message\"]}}\nÚltimo nó executado: {{$json[\"execution\"][\"lastNodeExecuted\"]}}\nURL de execução: {{$json[\"execution\"][\"url\"]}}","toList":["mail@gmail.com"],"additionalFields":{}},"name":"Mensagem com erro","type":"n8n-nodes-base.gmail","position":[-460,520],"typeVersion":1,"id":"2896f403-9261-4e77-9db1-bb9f23c1570b"},{"parameters":{"content":"Automação do envio de mensagens da sua sequência de email","height":80,"width":540},"type":"n8n-nodes-base.stickyNote","position":[-580,-40],"typeVersion":1,"id":"9ce5ef42-c2e5-44cd-9fa3-349f33c36b9c","name":"Sticky Note"}],"connections":{"Google Sheets":{"main":[[{"node":"IF","type":"main","index":0}]]},"Wait":{"main":[[{"node":"Email 1","type":"main","index":0}]]},"Set":{"main":[[{"node":"Enviado 1","type":"main","index":0}]]},"Wait1":{"main":[[{"node":"Email 2","type":"main","index":0}]]},"Set1":{"main":[[{"node":"Enviado 2","type":"main","index":0}]]},"IF":{"main":[[{"node":"Wait","type":"main","index":0}],[{"node":"NoOp","type":"main","index":0}]]},"Wait2":{"main":[[{"node":"Email 3","type":"main","index":0}]]},"Set2":{"main":[[{"node":"Enviado 3","type":"main","index":0}]]},"Email 1":{"main":[[{"node":"Set","type":"main","index":0}]]},"Email 2":{"main":[[{"node":"Set1","type":"main","index":0}]]},"Email 3":{"main":[[{"node":"Set2","type":"main","index":0}]]},"Error Trigger":{"main":[[{"node":"Mensagem com erro","type":"main","index":0}]]},"Enviado 1":{"main":[[{"node":"Wait1","type":"main","index":0}]]},"Enviado 2":{"main":[[{"node":"Wait2","type":"main","index":0}]]},"Start":{"main":[[{"node":"Google Sheets","type":"main","index":0}]]}},"settings":{"executionOrder":"v1"},"staticData":null,"meta":null,"pinData":{},"versionId":"fff2c968-c359-4396-9d96-0e638e2dd393","triggerCount":0,"tags":[]}

