{"createdAt":"2025-07-03T01:48:43.632Z","updatedAt":"2025-07-03T01:48:43.632Z","id":"YFpI7JQHSvV8gRM0","name":"My workflow 44","active":false,"isArchived":false,"nodes":[{"parameters":{"httpMethod":"POST","path":"receber_email","options":{}},"type":"n8n-nodes-base.webhook","typeVersion":2,"position":[0,0],"id":"e986d0a5-4785-4128-a1d0-f33c609d4123","name":"Webhook","webhookId":"4686073d-a0cb-4a2d-b234-56372387ccef"}],"connections":{},"settings":{"executionOrder":"v1"},"staticData":null,"meta":null,"pinData":{},"versionId":"bd432899-7868-4a84-9643-4b7576f64cd0","triggerCount":0,"tags":[]}

