{"createdAt":"2025-04-15T16:44:18.779Z","updatedAt":"2025-08-06T12:06:31.043Z","id":"nEHXUmyKIp2XDibj","name":"ENVIA AGENDAMENTO 24 HORAS ANTES DO COMPROMISSO GRUPO CLIENTE PRONTO VENDA (PORTIFOLIO)","active":false,"isArchived":false,"nodes":[{"parameters":{"rule":{"interval":[{"field":"cronExpression","expression":"0 0 8 * * 1-5"}]}},"type":"n8n-nodes-base.scheduleTrigger","typeVersion":1.2,"position":[-656,-240],"id":"fdcf62a9-1425-4216-9615-311d9109e848","name":"Schedule Trigger"},{"parameters":{"jsCode":"const messages = [];\n\nfor (const item of items) {\n    try {\n        if (!item.json.start || !item.json.start.dateTime) continue;\n\n        // Pegando os dados do evento\n        let eventSummary = item.json.summary || \"Evento\";\n        let eventStart = new Date(item.json.start.dateTime);\n        let eventTime = eventStart.toLocaleTimeString(\"pt-BR\", { hour: \"2-digit\", minute: \"2-digit\" });\n        let eventDate = eventStart.toLocaleDateString(\"pt-BR\");\n\n        // Expressão regular para extrair nome e telefone do summary\n        const regex = /(.*?)\\s*-\\s*(.*?)\\s*-\\s*(\\d+)/;\n        const match = eventSummary.match(regex);\n\n        let cliente = \"Usuário\";\n        let telefone = \"Número de telefone\";\n\n        if (match) {\n            eventSummary = match[1].trim(); // Nome do evento\n            cliente = match[2].trim(); // Nome do cliente\n            telefone = match[3].trim(); // Telefone\n        }\n\n        // Calculando tempo restante para o evento\n        const now = new Date();\n        const diffMs = eventStart - now;\n        const diffHours = Math.floor(diffMs / (1000 * 60 * 60));\n\n        messages.push({\n            json: {\n                mensagem: `🔔 *Lembrete de Evento!*\\n\\n📌 *${eventSummary} - ${cliente}*\\n🕰️ *Horário:* ${eventTime}\\n📅 *Data:* ${eventDate}\\n🧑‍💼 *Cliente:* ${cliente}\\n📞 *Contato:* ${telefone}\\n\\n⏳ *O evento acontece daqui a ${diffHours} hora(s)!*`\n            },\n        });\n    } catch (error) {\n        console.error(\"❌ Erro ao processar evento:\", error);\n    }\n}\n\n// Garante que retorna algo, mesmo se não houver eventos\nreturn messages.length > 0 ? messages : [{ json: { skip: true } }];\n"},"type":"n8n-nodes-base.code","typeVersion":2,"position":[-48,-224],"id":"772536f3-de79-4e0b-9d5f-a03b052db673","name":"Code"},{"parameters":{"conditions":{"boolean":[{"value1":"={{$json.skip}}","value2":true}]}},"type":"n8n-nodes-base.if","typeVersion":1,"position":[288,-224],"id":"93c6b0a5-1ec6-4342-a56a-b3b063c284e2","name":"If"},{"parameters":{"method":"POST","url":"https://evolutionapi.automatech.tech/message/sendText/Botsaude","sendHeaders":true,"headerParameters":{"parameters":[{"name":"apikey","value":"DD91D49433AF-416A-AD50-315D960D8207"}]},"sendBody":true,"bodyParameters":{"parameters":[{"name":"number","value":"=120363417137259927@g.us"},{"name":"text","value":"=🌞 Bom dia,🎉 Aqui estão todos os compromissos do dia:\n\n{{ $json.mensagem }}"}]},"options":{"allowUnauthorizedCerts":true,"redirect":{"redirect":{}}}},"id":"647a53bb-c790-400f-8028-cd094be117d7","name":"HTTP Request2","type":"n8n-nodes-base.httpRequest","typeVersion":4.2,"position":[1104,-144]},{"parameters":{"fieldsToAggregate":{"fieldToAggregate":[{"fieldToAggregate":"mensagem"}]},"options":{}},"type":"n8n-nodes-base.aggregate","typeVersion":1,"position":[560,-144],"id":"cfb9aef3-2d0c-481a-aa76-9738dbe4cf4f","name":"Aggregate"},{"parameters":{"jsCode":"// Supondo que data seja a saída do nó Aggregate\nconst mensagens = $input.item.json.mensagem; // Acesse o array\nconst mensagemFinal = mensagens.join('\\n'); // Concatena as mensagens em uma String única\n\nreturn [{\n  json: {\n    mensagem: mensagemFinal // Retorne a mensagem formatada\n  }\n}];"},"type":"n8n-nodes-base.code","typeVersion":2,"position":[800,-144],"id":"1229696a-13d8-4ca8-9ffc-4231465e6de8","name":"Code1"},{"parameters":{"operation":"getAll","calendar":{"__rl":true,"value":"secsau.3bsupr@gmail.com","mode":"list","cachedResultName":"BOTSAUDE"},"returnAll":true,"options":{}},"type":"n8n-nodes-base.googleCalendar","typeVersion":1.3,"position":[-368,-240],"id":"2fa39e0c-0ff5-4a94-85be-0fafa8b3380d","name":"Google Calendar","credentials":{"googleCalendarOAuth2Api":{"id":"bY9dPYnTrlBCv2GD","name":"CALENDARIO SAUDE"}}}],"connections":{"Schedule Trigger":{"main":[[{"node":"Google Calendar","type":"main","index":0}]]},"Code":{"main":[[{"node":"If","type":"main","index":0}]]},"If":{"main":[[],[{"node":"Aggregate","type":"main","index":0}]]},"Aggregate":{"main":[[{"node":"Code1","type":"main","index":0}]]},"Code1":{"main":[[{"node":"HTTP Request2","type":"main","index":0}]]},"Google Calendar":{"main":[[{"node":"Code","type":"main","index":0}]]}},"settings":{"executionOrder":"v1"},"staticData":{"node:Schedule Trigger":{"recurrenceRules":[]}},"meta":{"templateCredsSetupCompleted":true},"pinData":{},"versionId":"25dc4204-48b0-49c4-8009-d96f893a7544","triggerCount":1,"tags":[]}

