{"createdAt":"2025-03-23T16:40:39.274Z","updatedAt":"2025-06-17T23:41:12.608Z","id":"pfGEVQnvKPjHU28l","name":"GLPI GRUPO","active":true,"isArchived":false,"nodes":[{"parameters":{"url":"https://evolutionapi.automatech.tech/group/fetchAllGroups/Botsaude","sendQuery":true,"queryParameters":{"parameters":[{"name":"getParticipants","value":"false"}]},"sendHeaders":true,"headerParameters":{"parameters":[{"name":"apikey","value":"DD91D49433AF-416A-AD50-315D960D8207"}]},"options":{}},"type":"n8n-nodes-base.httpRequest","typeVersion":4.2,"position":[80,-920],"id":"49b894e5-f404-47f7-bb42-d42037ad1fd5","name":"HTTP Request"},{"parameters":{"pollTimes":{"item":[{"mode":"everyMinute"},{"mode":"everyMinute"}]},"filters":{}},"type":"n8n-nodes-base.gmailTrigger","typeVersion":1.2,"position":[-420,-580],"id":"77347f7e-81d0-4927-92c8-071b2e1a5b5f","name":"COLETA DO GMAIL","credentials":{"gmailOAuth2":{"id":"eMjulStU5jZoADLe","name":"typebr20@gmail.com"}}},{"parameters":{"jsCode":"const results = [];\n\nfunction formatarDataBrasileira(dataStr) {\n    const date = new Date(dataStr.trim());\n    if (isNaN(date)) return dataStr;\n    const dia = String(date.getDate()).padStart(2, '0');\n    const mes = String(date.getMonth() + 1).padStart(2, '0');\n    const ano = date.getFullYear();\n    const hora = String(date.getHours()).padStart(2, '0');\n    const minuto = String(date.getMinutes()).padStart(2, '0');\n    return `${dia}/${mes}/${ano} ${hora}:${minuto}`;\n}\n\nfor (const item of items) {\n    try {\n        const snippet = item.json.snippet || \"\";\n        const subject = item.json.Subject || \"\";\n\n        // 🔗 Extração do link do chamado\n        const linkMatch = snippet.match(/https:\\/\\/glpi\\.automatech\\.tech\\/index\\.php\\?redirect=ticket_\\d+/);\n        const ticket_link = linkMatch ? linkMatch[0] : \"Sem link\";\n\n        // 🏷️ Extração do status do chamado\n        const statusMatch = snippet.match(/Status\\s+([^\\n]+)/i);\n        let status_chamado = statusMatch ? statusMatch[1].trim() : \"Desconhecido\";\n        status_chamado = status_chamado.split(/\\s+(Descrição|Data|--)/i)[0];\n\n        // 📅 Extração da data de abertura\n        const dataMatch = snippet.match(/Data de Abertura:\\s*([\\d-:\\s]+)/);\n        let data_abertura_raw = dataMatch ? dataMatch[1].trim() : \"Sem data\";\n        const data_abertura = formatarDataBrasileira(data_abertura_raw);\n\n        // 📝 Extração da descrição\n        const descMatch = snippet.match(/Descrição:\\s*([^\\n]*?)(?=\\s*Data de Abertura:|\\n|$)/);\n        let descricao = descMatch ? descMatch[1].trim() : \"Sem descrição\";\n\n        // 💬 Extração da resposta do técnico\n        const followupMatch = snippet.match(/Data de Abertura:\\s*[\\d-:\\s]+(.*?)(?:--|$)/i);\n        let resposta_tecnico = followupMatch ? followupMatch[1].trim() : \"\";\n        resposta_tecnico = resposta_tecnico.replace(data_abertura_raw, \"\").trim();\n        resposta_tecnico = resposta_tecnico.replace(/SIGNATURE.*/i, \"\").trim();\n\n        // 📞 Extração do telefone\n        const phoneMatch = subject.match(/(\\d{2})\\s?(\\d{5})-?(\\d{4})/);\n        const telefone = phoneMatch ? `55${phoneMatch[1]}${phoneMatch[2]}${phoneMatch[3]}` : \"Não encontrado\";\n\n        // 📌 Extração do subject\n        const subjectMatch = subject.match(/\\[GLPI #(\\d+)\\]\\s+(.+?)\\s*-\\s*(.+?)\\s*-\\s*(.+)/);\n        const numero_chamado = subjectMatch ? `#${subjectMatch[1]}` : \"Desconhecido\";\n        const posto_graduacao = subjectMatch ? subjectMatch[2].trim() : \"Desconhecido\";\n        const nome = subjectMatch ? subjectMatch[3].trim() : \"Desconhecido\";\n        let secao = subjectMatch ? subjectMatch[4].trim() : \"Desconhecido\";\n\n        // 🧼 Remove número de telefone da seção\n        secao = secao.replace(/(\\d{2})\\s?(\\d{5})-?(\\d{4})$/, \"\").trim();\n\n        results.push({\n            json: {\n                \"🎟️ Chamado\": numero_chamado,\n                \"👤 Nome\": nome,\n                \"🎖️ Posto/Graduação\": posto_graduacao,\n                \"📞 Telefone\": telefone,\n                \"🏢 Seção\": secao,\n                \"📝 Descrição\": descricao,\n                \"📅 Data de Abertura\": data_abertura,\n                \"🏷️ Status\": status_chamado,\n                \"💬 Resposta Técnico\": resposta_tecnico\n            }\n        });\n    } catch (error) {\n        console.error(\"🚨 Erro ao processar email:\", error);\n    }\n}\n\nreturn results.length > 0 ? results : [{ json: { \"⚠️ Erro\": \"Nenhum dado encontrado\" } }];\n"},"type":"n8n-nodes-base.code","typeVersion":2,"position":[-180,-580],"id":"02d68a0d-c78f-4f91-bca9-ed9892630850","name":"TRATA O ENVIO"},{"parameters":{"method":"POST","url":"https://evolutionapi.automatech.tech/message/sendText/GLPI","sendHeaders":true,"headerParameters":{"parameters":[{"name":"apikey","value":"4D5455C280AA-41B5-81E6-27D38CB30E9F"}]},"sendBody":true,"bodyParameters":{"parameters":[{"name":"number","value":"=120363399145819722@g.us"},{"name":"text","value":"=                  📢!!! Atenção !!! \n 📌 Chamado na fila:  ━━━━━━━━━━━━━━━━━━━  \n🎟️ Chamado: {{ $json['🎟️ Chamado'] }} \n🏷️ Status: {{ $json['🏷️ Status'] }}\n📞 Telefone:{{ $json['📞 Telefone'] }}\n👤 Nome: {{ $json['👤 Nome'] }} \n🎖️ Posto/Graduação: {{ $json['🎖️ Posto/Graduação'] }} \n🏢 Seção: {{ $json['🏢 Seção'] }} \n📝 Descrição: {{ $json['📝 Descrição'] }} \n📅 Data de Abertura: {{ $json['📅 Data de Abertura'] }} \n💬 Resposta do Tecnico: {{ $json['💬 Resposta Técnico'] }}\n\n━━━━━━━━━━━━━━━━━━━\n🔥 Verifique e tome as providências necessárias!"}]},"options":{"allowUnauthorizedCerts":true,"redirect":{"redirect":{}}}},"id":"38e992c1-5b1b-4119-9299-786bb5803e1c","name":"EVIA PARA O GRUPO","type":"n8n-nodes-base.httpRequest","typeVersion":4.2,"position":[60,-580]},{"parameters":{"method":"POST","url":"https://evolutionapi.automatech.tech/message/sendText/GLPI","sendHeaders":true,"headerParameters":{"parameters":[{"name":"apikey","value":"4D5455C280AA-41B5-81E6-27D38CB30E9F"}]},"sendBody":true,"bodyParameters":{"parameters":[{"name":"number","value":"={{ $('TRATA O ENVIO').item.json['📞 Telefone'] }}"},{"name":"text","value":"=📢 *Atenção! Atualização no seu chamado GLPI!*\n\nOlá, {{ $('TRATA O ENVIO').item.json['👤 Nome'] }}!\n\nTemos novidades sobre o seu chamado. Confira os detalhes atualizados:\n\n🎟️ *Número do Chamado:* {{ $('TRATA O ENVIO').item.json['🎟️ Chamado'] }}  \n🏷️ *Status Atual:* {{ $('TRATA O ENVIO').item.json['🏷️ Status'] }}  \n🎖️ *Posto/Graduação:* {{ $('TRATA O ENVIO').item.json['🎖️ Posto/Graduação'] }}  \n🏢 *Seção:* {{ $('TRATA O ENVIO').item.json['🏢 Seção'] }}  \n📝 *Descrição:* {{ $('TRATA O ENVIO').item.json['📝 Descrição'] }}  \n📅 *Data de Abertura:* {{ $('TRATA O ENVIO').item.json['📅 Data de Abertura'] }}  \n💬 *Resposta do Técnico:*  \n{{ $('TRATA O ENVIO').item.json['💬 Resposta Técnico'] || \"Ainda não há uma resposta registrada.\" }}\n\n📌 Caso tenha dúvidas ou precise de mais informações, entre em contato com a Seção de Informática.\n\n━━━━━━━━━━━━━━━━━━━  \n*Mensagem automática - Pelcom*\n"}]},"options":{"allowUnauthorizedCerts":true,"redirect":{"redirect":{}}}},"id":"493c65e6-39d6-45b1-a8c7-155e7e01114b","name":"ENVIA PARA O USUARIO","type":"n8n-nodes-base.httpRequest","typeVersion":4.2,"position":[640,-740]},{"parameters":{"conditions":{"options":{"caseSensitive":true,"leftValue":"","typeValidation":"strict","version":2},"conditions":[{"id":"cacb9b49-6066-4166-9835-3d9503e1e2df","leftValue":"={{ $('TRATA O ENVIO').item.json[\"🏷️ Status\"] }}","rightValue":"Novo","operator":{"type":"string","operation":"equals"}}],"combinator":"and"},"options":{}},"type":"n8n-nodes-base.if","typeVersion":2.2,"position":[300,-580],"id":"360a9af5-369b-4576-a6d1-61302baeb943","name":"COMPARA SE  NOVO"}],"connections":{"COLETA DO GMAIL":{"main":[[{"node":"TRATA O ENVIO","type":"main","index":0}]]},"TRATA O ENVIO":{"main":[[{"node":"EVIA PARA O GRUPO","type":"main","index":0}]]},"EVIA PARA O GRUPO":{"main":[[{"node":"COMPARA SE  NOVO","type":"main","index":0}]]},"COMPARA SE  NOVO":{"main":[[{"node":"ENVIA PARA O USUARIO","type":"main","index":0}],[]]}},"settings":{"executionOrder":"v1"},"staticData":{"node:Gmail Trigger":{"Gmail Trigger":{"lastTimeChecked":1744233122,"possibleDuplicates":["1961c655526e2f7a","1961c63830471496"]}},"node:COLETA DO GMAIL":{"COLETA DO GMAIL":{"lastTimeChecked":1755106921,"possibleDuplicates":["198a48656f82a10e","198a386007759581"]}}},"meta":{"templateCredsSetupCompleted":true},"pinData":{},"versionId":"87accc48-1a70-48d8-b14e-b08dfd0dff13","triggerCount":1,"tags":[{"createdAt":"2025-04-18T04:29:01.436Z","updatedAt":"2025-04-18T04:29:01.436Z","id":"O8dsWJpFE2QmJmpS","name":"EM PRODUÇÂO"}]}

