{"createdAt":"2025-05-31T21:11:27.200Z","updatedAt":"2025-07-18T03:04:26.517Z","id":"XmfLcEt32Md7A7Xi","name":"My workflow 22","active":false,"isArchived":true,"nodes":[{"parameters":{"method":"POST","url":"https://api.mercadopago.com/v1/card_tokens","sendHeaders":true,"specifyHeaders":"json","jsonHeaders":"{\n  \"Content-Type\": \"application/json\",\n  \"Authorization\": \"Bearer [REDACTED]\"\n}\n","sendBody":true,"specifyBody":"json","jsonBody":"={\n  \"card_number\": \"5031755734530604\",\n  \"expiration_month\": 12,\n  \"expiration_year\": 2025,\n  \"security_code\": \"123\",\n  \"cardholder\": {\n    \"name\": \"Test Sandbox\",\n    \"identification\": {\n      \"type\": \"CPF\",\n      \"number\": \"19119119100\"\n    }\n  }\n}\n","options":{}},"type":"n8n-nodes-base.httpRequest","typeVersion":4.2,"position":[-120,0],"id":"c8227495-ac7c-439b-954f-a18252692cb0","name":"HTTP Request"},{"parameters":{"method":"POST","url":"https://api.mercadopago.com/v1/payments","sendHeaders":true,"headerParameters":{"parameters":[{"name":"Authorization","value":"Bearer [REDACTED]"}]},"sendBody":true,"specifyBody":"json","jsonBody":"={\n  \"transaction_amount\": 100,\n  \"token\":{{ $json.id }},\n  \"description\": \"Compra de flores de teste\",\n  \"installments\": 1,\n  \"payment_method_id\": \"master\",\n  \"payer\": {\n    \"email\": \"test_user_683966639@testuser.com\",\n    \"identification\": {\n      \"type\": \"CPF\",\n      \"number\": \"19119119100\"\n    }\n  }\n}\n","options":{}},"type":"n8n-nodes-base.httpRequest","typeVersion":4.2,"position":[180,0],"id":"2892d869-ee41-42de-8a56-ce6b390d9ce2","name":"HTTP Request1"},{"parameters":{},"type":"n8n-nodes-base.manualTrigger","typeVersion":1,"position":[-360,0],"id":"ef3d40b7-a4dd-4021-87c0-1aa3da0ddf79","name":"When clicking ‘Test workflow’"}],"connections":{"HTTP Request":{"main":[[{"node":"HTTP Request1","type":"main","index":0}]]},"When clicking ‘Test workflow’":{"main":[[{"node":"HTTP Request","type":"main","index":0}]]}},"settings":{"executionOrder":"v1"},"staticData":null,"meta":null,"pinData":{},"versionId":"845c870c-d4b0-4d7b-ba19-786406c26384","triggerCount":0,"tags":[]}

