{"createdAt":"2025-06-03T01:15:30.911Z","updatedAt":"2025-06-03T01:16:19.521Z","id":"zcIi6TviI5IlQ0q3","name":"Detalhes-Midias","active":false,"isArchived":false,"nodes":[{"parameters":{"workflowInputs":{"values":[{"name":"idMidia"}]}},"id":"ae81951a-95cd-4306-8337-3cfe2edec1a0","typeVersion":1.1,"name":"When Executed by Another Workflow","type":"n8n-nodes-base.executeWorkflowTrigger","position":[0,0]},{"parameters":{"url":"=https://graph.facebook.com/v20.0/{{ $json.idMidia }}?fields=caption%2Cmedia_url&access_token=SUBSTITUA-ESSE-TEXTO-PELO-SEU-TOKEN","options":{"response":{"response":{"fullResponse":true}}}},"id":"07cf143c-ea50-4df7-a002-e41b54f13f2a","name":"Criar container","type":"n8n-nodes-base.httpRequest","typeVersion":4.2,"position":[240,0]}],"connections":{"When Executed by Another Workflow":{"main":[[{"node":"Criar container","type":"main","index":0}]]}},"settings":{"executionOrder":"v1"},"staticData":null,"meta":null,"pinData":{},"versionId":"fa0c5762-9d21-4024-b7d4-9467bbd81b13","triggerCount":0,"tags":[]}

