{"createdAt":"2025-07-27T17:27:51.863Z","updatedAt":"2025-08-04T14:04:20.679Z","id":"f6gdfrQOMy4c3ING","name":"GERADOR DE INSTÂNCIA EVOLUTIONNAPI copy","active":true,"isArchived":false,"nodes":[{"parameters":{"html":"<!DOCTYPE html>\n<html lang=\"pt-BR\">\n<head>\n  <meta charset=\"UTF-8\" />\n  <meta name=\"viewport\" content=\"width=device-width, initial-scale=1\" />\n  <title>Sistema de Chamados - Astatonn</title>\n  <style>\n    /* Reset e fonte */\n    * {\n      margin: 0; padding: 0; box-sizing: border-box; font-family: 'Segoe UI', Tahoma, Geneva, Verdana, sans-serif;\n    }\n\n    body {\n      background: #f5f7fa;\n      display: flex;\n      justify-content: center;\n      align-items: flex-start;\n      min-height: 100vh;\n      padding: 30px 10px;\n      color: #333;\n    }\n\n    .container {\n      background: #fff;\n      max-width: 450px;\n      width: 150%;\n      border-radius: 15px;\n      box-shadow: 0 6px 18px rgba(0,0,0,0.12);\n      padding: 30px 35px 40px;\n      position: relative;\n    }\n\n    /* Logo e título dentro do container */\n    .logo-container {\n      text-align: center;\n      margin-bottom: 20px;\n    }\n\n    .logo-container img {\n      max-height: 100px;\n      margin-bottom: 20px;\n    }\n\n    .logo-container h1 {\n      color: #005eff;\n      font-weight: 800;\n      font-size: 2.0rem;\n      letter-spacing: 5px;\n    }\n\n    /* Modo claro/escuro toggle botão */\n    #toggleThemeBtn {\n      position: absolute;\n      top: 0px;\n      right: 0px;\n      background: transparent;\n      border: none;\n      cursor: pointer;\n      font-size: 1rem;\n      color: #005eff;\n      user-select: none;\n      padding: 2px 5px;\n      border-radius: 3px;\n      transition: background-color 0.25s ease;\n    }\n    #toggleThemeBtn:hover {\n      background-color: rgba(0, 94, 255, 0.1);\n    }\n\n    /* Títulos */\n    h2, h1 {\n      margin-bottom: 18px;\n    }\n\n    /* Form grupos */\n    .form-group {\n      margin-bottom: 15px;\n      text-align: left;\n    }\n\n    .form-group label {\n      display: block;\n      margin-bottom: 6px;\n      font-weight: 600;\n      color: #444;\n      font-size: 1rem;\n    }\n\n    .form-group input {\n      width: 100%;\n      padding: 10px 12px;\n      font-size: 1rem;\n      border: 1.7px solid #ccc;\n      border-radius: 7px;\n      transition: border-color 0.3s ease;\n    }\n\n    .form-group input:focus {\n      border-color: #005eff;\n      outline: none;\n      box-shadow: 0 0 8px rgba(0,94,255,0.3);\n    }\n\n    /* Botões */\n    button {\n      width: 100%;\n      padding: 14px 0;\n      font-size: 1.1rem;\n      font-weight: 700;\n      color: #fff;\n      background-color: #005eff;\n      border: none;\n      border-radius: 10px;\n      cursor: pointer;\n      user-select: none;\n      transition: background-color 0.3s ease;\n      box-shadow: 0 6px 14px rgba(0, 94, 255, 0.3);\n    }\n\n    button:hover:not(:disabled) {\n      background-color: #003ea1;\n      box-shadow: 0 8px 20px rgba(0, 62, 161, 0.5);\n    }\n\n    button:disabled {\n      background-color: #aaa;\n      cursor: not-allowed;\n      box-shadow: none;\n    }\n\n    /* Botões lado a lado (dashboard) */\n    #dashboard-buttons {\n      display: flex;\n      gap: 15px;\n      margin-bottom: 25px;\n    }\n    #dashboard-buttons button {\n      width: 50%;\n      box-shadow: 0 5px 14px rgba(0, 94, 255, 0.25);\n      font-size: 1rem;\n    }\n\n    /* Mensagens de erro/status */\n    #login-error, #resultado, #resultadoConsulta {\n      min-height: 24px;\n      font-weight: 700;\n      margin-bottom: 12px;\n      color: #d32f2f;\n    }\n\n    #resultado, #resultadoConsulta {\n      color: #005eff;\n      white-space: pre-line;\n    }\n\n    /* Logout button */\n    .logout-btn {\n      margin-top: 35px;\n      background-color: #d32f2f;\n      box-shadow: 0 6px 14px rgba(211, 47, 47, 0.3);\n    }\n    .logout-btn:hover:not(:disabled) {\n      background-color: #a02525;\n      box-shadow: 0 8px 20px rgba(160, 37, 37, 0.5);\n    }\n\n    /* Dark mode */\n    body.dark {\n      background: #121212;\n      color: #ddd;\n    }\n    body.dark .container {\n      background: #1e1e1e;\n      color: #eee;\n      box-shadow: 0 8px 20px rgba(255,255,255,0.1);\n    }\n    body.dark .logo-container h1 {\n      color: #3399ff;\n    }\n    body.dark .form-group label {\n      color: #bbb;\n    }\n    body.dark .form-group input {\n      background: #2a2a2a;\n      border-color: #555;\n      color: #eee;\n    }\n    body.dark .form-group input:focus {\n      border-color: #3399ff;\n      box-shadow: 0 0 10px #3399ff;\n    }\n    body.dark button {\n      background-color: #3399ff;\n      box-shadow: 0 6px 14px rgba(51, 153, 255, 0.5);\n      color: #fff;\n    }\n    body.dark button:hover:not(:disabled) {\n      background-color: #1a5fcc;\n      box-shadow: 0 8px 20px rgba(26, 95, 204, 0.7);\n    }\n    body.dark button.logout-btn {\n      background-color: #b73737;\n      box-shadow: 0 6px 14px rgba(183, 55, 55, 0.5);\n    }\n    body.dark button.logout-btn:hover:not(:disabled) {\n      background-color: #8a2727;\n      box-shadow: 0 8px 20px rgba(138, 39, 39, 0.7);\n    }\n\n  </style>\n</head>\n<body>\n\n  <div class=\"container\" id=\"login-container\">\n    <div class=\"logo-container\">\n      <img src=\"https://[REDACTED].supabase.co/storage/v1/object/public/astatonn//Logo%202%20RAW.png\" alt=\"Logo Astatonn\" />\n      <h1>Astatonn</h1>\n    </div>\n\n    <button id=\"toggleThemeBtn\" title=\"Alternar modo claro/escuro\">🌙</button>\n\n    <h1>Login de Usuário</h1>\n    <div id=\"login-error\"></div>\n    <div class=\"form-group\">\n      <label for=\"login\">Login:</label>\n      <input type=\"text\" id=\"login\" placeholder=\"Digite seu login\" autocomplete=\"username\" />\n    </div>\n    <div class=\"form-group\">\n      <label for=\"senha\">Senha:</label>\n      <input type=\"password\" id=\"senha\" placeholder=\"Digite sua senha\" autocomplete=\"current-password\" />\n    </div>\n    <button id=\"btnLogin\">Entrar</button>\n  </div>\n\n  <div class=\"container\" id=\"dashboard\" style=\"display:none;\">\n    <div class=\"logo-container\">\n      <img src=\"https://[REDACTED].supabase.co/storage/v1/object/public/astatonn//Logo%202%20RAW.png\" alt=\"Logo Astatonn\" />\n      <h1>Astatonn</h1>\n    </div>\n\n    <button id=\"toggleThemeBtnDashboard\" title=\"Alternar modo claro/escuro\">🌙</button>\n\n    <h1>Bem-vindo, <span id=\"user-name\"></span></h1>\n\n    <div id=\"dashboard-buttons\">\n      <button id=\"btnAbrirChamado\">Abrir Chamado</button>\n      <button id=\"btnConsultarChamado\">Consultar Chamado</button>\n    </div>\n\n    <div id=\"formAbrirChamado\" style=\"display:none; text-align:left;\">\n      <h2>Abrir Novo Chamado</h2>\n      <div class=\"form-group\">\n        <label for=\"nome\">Nome:</label>\n        <input type=\"text\" id=\"nome\" placeholder=\"Seu nome\" />\n      </div>\n      <div class=\"form-group\">\n        <label for=\"empresa\">Empresa:</label>\n        <input type=\"text\" id=\"empresa\" placeholder=\"Nome da empresa\" />\n      </div>\n      <div class=\"form-group\">\n        <label for=\"problema\">Problema:</label>\n        <input type=\"text\" id=\"problema\" placeholder=\"Descreva o problema\" />\n      </div>\n      <button id=\"enviarChamado\">Enviar Chamado</button>\n    </div>\n\n    <div id=\"formConsultarChamado\" style=\"display:none; text-align:left;\">\n      <h2>Consultar Chamado</h2>\n      <div class=\"form-group\">\n        <label for=\"idChamado\">Número do Chamado:</label>\n        <input type=\"number\" id=\"idChamado\" placeholder=\"Digite o número do chamado\" />\n      </div>\n      <button id=\"consultarChamado\">Consultar</button>\n      <div id=\"resultadoConsulta\" style=\"margin-top: 15px; font-weight: 700; white-space: pre-line;\"></div>\n    </div>\n\n    <div id=\"resultado\" style=\"margin-top: 15px; font-weight: 700; white-space: pre-line;\"></div>\n\n    <button class=\"logout-btn\" id=\"btnLogout\">Sair</button>\n  </div>\n\n<script>\n  // Referências para botões de toggle tema\n  const toggleThemeBtnLogin = document.getElementById('toggleThemeBtn');\n  const toggleThemeBtnDashboard = document.getElementById('toggleThemeBtnDashboard');\n\n  function setDarkMode(on) {\n    if (on) {\n      document.body.classList.add('dark');\n      toggleThemeBtnLogin.textContent = '☀️';\n      toggleThemeBtnDashboard.textContent = '☀️';\n    } else {\n      document.body.classList.remove('dark');\n      toggleThemeBtnLogin.textContent = '🌙';\n      toggleThemeBtnDashboard.textContent = '🌙';\n    }\n  }\n\n  // Tenta carregar do localStorage o modo salvo\n  const savedTheme = localStorage.getItem('darkMode');\n  setDarkMode(savedTheme === 'true');\n\n  toggleThemeBtnLogin.onclick = () => {\n    const isDark = document.body.classList.contains('dark');\n    setDarkMode(!isDark);\n    localStorage.setItem('darkMode', !isDark);\n  };\n\n  toggleThemeBtnDashboard.onclick = () => {\n    const isDark = document.body.classList.contains('dark');\n    setDarkMode(!isDark);\n    localStorage.setItem('darkMode', !isDark);\n  };\n\n  // Login e Dashboard funcionalidade (seu código original, ajustado para manter tema)\n\n  const loginContainer = document.getElementById('login-container');\n  const dashboard = document.getElementById('dashboard');\n  const loginError = document.getElementById('login-error');\n  const userNameSpan = document.getElementById('user-name');\n\n  const btnLogin = document.getElementById('btnLogin');\n  const btnLogout = document.getElementById('btnLogout');\n  const btnAbrirChamado = document.getElementById('btnAbrirChamado');\n  const btnConsultarChamado = document.getElementById('btnConsultarChamado');\n\n  const formAbrirChamado = document.getElementById('formAbrirChamado');\n  const formConsultarChamado = document.getElementById('formConsultarChamado');\n\n  const enviarChamadoBtn = document.getElementById('enviarChamado');\n  const consultarChamadoBtn = document.getElementById('consultarChamado');\n\n  const resultado = document.getElementById('resultado');\n  const resultadoConsulta = document.getElementById('resultadoConsulta');\n\n  let loggedUser = null;\n\n  btnLogin.addEventListener('click', async () => {\n    const login = document.getElementById('login').value.trim();\n    const senha = document.getElementById('senha').value.trim();\n\n    if (!login || !senha) {\n      loginError.textContent = 'Por favor, preencha login e senha.';\n      return;\n    }\n    loginError.textContent = '';\n    btnLogin.disabled = true;\n    btnLogin.textContent = 'Validando...';\n\n    try {\n      const res = await fetch('https://workspace.n8n.automatech.tech/webhook/loginsenha', {\n        method: 'POST',\n        headers: {'Content-Type': 'application/json'},\n        body: JSON.stringify({login, password: senha})\n      });\n      const data = await res.json();\n\n      if (data.status === 'sucess') {\n        loggedUser = login;\n        userNameSpan.textContent = loggedUser;\n        loginContainer.style.display = 'none';\n        dashboard.style.display = 'block';\n        limparCampos();\n        resultado.textContent = '';\n        resultadoConsulta.textContent = '';\n      } else {\n        loginError.textContent = data.mensagem || 'Login ou senha incorretos.';\n      }\n    } catch {\n      loginError.textContent = 'Erro ao conectar ao servidor.';\n    } finally {\n      btnLogin.disabled = false;\n      btnLogin.textContent = 'Entrar';\n    }\n  });\n\n  btnLogout.addEventListener('click', () => {\n    loggedUser = null;\n    loginContainer.style.display = 'block';\n    dashboard.style.display = 'none';\n    resultado.textContent = '';\n    resultadoConsulta.textContent = '';\n    limparCampos();\n    formAbrirChamado.style.display = 'none';\n    formConsultarChamado.style.display = 'none';\n  });\n\n  btnAbrirChamado.addEventListener('click', () => {\n    formAbrirChamado.style.display = 'block';\n    formConsultarChamado.style.display = 'none';\n    resultado.textContent = '';\n    resultadoConsulta.textContent = '';\n    limparCampos();\n  });\n\n  btnConsultarChamado.addEventListener('click', () => {\n    formAbrirChamado.style.display = 'none';\n    formConsultarChamado.style.display = 'block';\n    resultado.textContent = '';\n    resultadoConsulta.textContent = '';\n    limparCampos();\n  });\n\n  enviarChamadoBtn.addEventListener('click', async () => {\n    const nome = document.getElementById('nome').value.trim();\n    const empresa = document.getElementById('empresa').value.trim();\n    const problema = document.getElementById('problema').value.trim();\n\n    if (!nome || !empresa || !problema) {\n      resultado.textContent = 'Por favor, preencha todos os campos.';\n      return;\n    }\n\n    resultado.textContent = 'Enviando...';\n    enviarChamadoBtn.disabled = true;\n\n    try {\n      const response = await fetch('https://workspace.n8n.automatech.tech/webhook/criachamado', {\n        method: 'POST',\n        headers: {'Content-Type': 'application/json'},\n        body: JSON.stringify({\n          Nome: nome,\n          Empresa: empresa,\n          Problema: problema,\n          \"data Abertura\": new Date().toLocaleDateString('pt-BR')\n        })\n      });\n\n      const text = await response.text();\n\n      let data;\n      try {\n        data = JSON.parse(text);\n      } catch {\n        resultado.textContent = 'Resposta inválida do servidor.';\n        return;\n      }\n\n      if (Array.isArray(data) && data.length > 0 && data[0].id) {\n        resultado.textContent = `Chamado criado com sucesso! Número do chamado: ${data[0].id}`;\n        limparCampos();\n      } else {\n        resultado.textContent = 'Erro ao criar chamado. Resposta: ' + JSON.stringify(data);\n      }\n    } catch (error) {\n      resultado.textContent = 'Erro ao conectar ao servidor: ' + error.message;\n    } finally {\n      enviarChamadoBtn.disabled = false;\n    }\n  });\n\n  consultarChamadoBtn.addEventListener('click', async () => {\n    const idChamado = document.getElementById('idChamado').value.trim();\n\n    if (!idChamado) {\n      resultadoConsulta.textContent = 'Por favor, insira o número do chamado.';\n      return;\n    }\n    resultadoConsulta.textContent = 'Consultando...';\n    consultarChamadoBtn.disabled = true;\n\n    try {\n      const response = await fetch('https://workspace.n8n.automatech.tech/webhook/consultachamado', {\n        method: 'POST',\n        headers: {'Content-Type': 'application/json'},\n        body: JSON.stringify({ id: Number(idChamado) })\n      });\n\n      const data = await response.json();\n\n      if (Array.isArray(data) && data.length > 0) {\n        const chamado = data[0];\n        let status = chamado.status || 'Sem status';\n        resultadoConsulta.textContent =\n          `Chamado #${chamado.id} - Nome: ${chamado.Nome}\\n` +\n          `Empresa: ${chamado.Empresa}\\n` +\n          `Problema: ${chamado.Problema}\\n` +\n          `Data Abertura: ${chamado['data Abertura']}\\n` +\n          `Status: ${status}`;\n      } else {\n        resultadoConsulta.textContent = 'Chamado não encontrado.';\n      }\n    } catch (error) {\n      resultadoConsulta.textContent = 'Erro ao consultar chamado: ' + error.message;\n    } finally {\n      consultarChamadoBtn.disabled = false;\n    }\n  });\n\n  function limparCampos() {\n    ['nome', 'empresa', 'problema', 'idChamado', 'login', 'senha'].forEach(id => {\n      const el = document.getElementById(id);\n      if (el) el.value = '';\n    });\n  }\n</script>\n\n</body>\n</html>\n"},"id":"f8916bf8-4640-49ee-905c-cfe7ac509737","name":"HTML","type":"n8n-nodes-base.html","typeVersion":1.2,"position":[0,128]},{"parameters":{"respondWith":"text","responseBody":"={{ $json.html }}","options":{}},"type":"n8n-nodes-base.respondToWebhook","typeVersion":1.1,"position":[496,128],"id":"71ff3dd0-dc7c-4872-b426-f2dd0e53be88","name":"Respond to Webhook4"},{"parameters":{"path":"5eaab8f6-b0e0-4c77-ac5f-84ffe9f4dc05","responseMode":"responseNode","options":{}},"id":"0b47f605-b98b-4ae8-96e8-bd428cf33748","name":"Webhook","type":"n8n-nodes-base.webhook","typeVersion":2,"position":[-448,128],"webhookId":"5eaab8f6-b0e0-4c77-ac5f-84ffe9f4dc05"},{"parameters":{"conditions":{"options":{"caseSensitive":true,"leftValue":"","typeValidation":"strict","version":2},"conditions":[{"id":"b5586b08-90da-419e-ba4a-94f1492acaff","leftValue":"={{ $json }}","rightValue":"","operator":{"type":"object","operation":"notEmpty","singleValue":true}}],"combinator":"and"},"options":{}},"id":"f4d884ff-7e61-403b-8fb6-b12f25422b13","name":"If","type":"n8n-nodes-base.if","typeVersion":2.2,"position":[208,368]},{"parameters":{"respondWith":"json","responseBody":"{\n  \"status\": \"falha\",\n  \"mensagem\": \"login ou senha não correspondem a um usúario ativo!\"\n}","options":{}},"id":"1b261f79-c5cf-4e73-a5be-1826951a21b4","name":"Respond to Webhook1","type":"n8n-nodes-base.respondToWebhook","typeVersion":1.1,"position":[496,448]},{"parameters":{"respondWith":"json","responseBody":"{\n  \"status\": \"sucess\",\n  \"mensagem\": \"Login efetuado com sucesso!\"\n}","options":{}},"id":"bc9c711e-aea7-495a-9274-4b786cc82b9b","name":"Respond to Webhook2","type":"n8n-nodes-base.respondToWebhook","typeVersion":1.1,"position":[496,272]},{"parameters":{"respondWith":"allIncomingItems","options":{}},"type":"n8n-nodes-base.respondToWebhook","typeVersion":1.1,"position":[496,624],"id":"148f4e37-09a6-4a85-8b82-73b942bbd4df","name":"Respond to Webhook5"},{"parameters":{"respondWith":"allIncomingItems","options":{}},"type":"n8n-nodes-base.respondToWebhook","typeVersion":1.1,"position":[496,816],"id":"5fa8e718-6f17-475a-8f83-3fc88efdaad9","name":"Respond to Webhook6"},{"parameters":{"tableId":"Chamados Astatonn","fieldsUi":{"fieldValues":[{"fieldId":"Nome","fieldValue":"={{ $('Cria Chamado').item.json.body.Nome }}"},{"fieldId":"Empresa","fieldValue":"={{ $('Cria Chamado').item.json.body.Empresa }}"},{"fieldId":"Problema","fieldValue":"={{ $('Cria Chamado').item.json.body.Problema }}"},{"fieldId":"data Abertura","fieldValue":"={{ $json.formattedDate }}"}]}},"type":"n8n-nodes-base.supabase","typeVersion":1,"position":[208,624],"id":"5e1b5126-fba9-491d-9fef-5d887e5ee6c1","name":"Create a row","credentials":{"supabaseApi":{"id":"G9KBchsZQ2g5jOab","name":"Supabase Astatonn"}}},{"parameters":{"httpMethod":"POST","path":"criachamado","responseMode":"responseNode","options":{}},"type":"n8n-nodes-base.webhook","typeVersion":2,"position":[-448,624],"id":"3885168a-0ac3-416d-97a1-4a6419035543","name":"Cria Chamado","webhookId":"b72e7c94-f01a-417e-b8f3-65228244573d"},{"parameters":{"operation":"get","tableId":"Chamados Astatonn","filters":{"conditions":[{"keyName":"id","keyValue":"={{ $json.body.id }}"}]}},"type":"n8n-nodes-base.supabase","typeVersion":1,"position":[16,816],"id":"0402cf9a-5a90-4d42-8db5-a6ed6f597758","name":"Get a row","credentials":{"supabaseApi":{"id":"G9KBchsZQ2g5jOab","name":"Supabase Astatonn"}}},{"parameters":{"httpMethod":"POST","path":"consultachamado","responseMode":"responseNode","options":{}},"type":"n8n-nodes-base.webhook","typeVersion":2,"position":[-448,816],"id":"448d5e2b-af6e-4607-94a8-c4c90efab7b0","name":"Consultar Chamado","webhookId":"bf7a757a-1d53-4fe5-abb9-7f358c07e2a3"},{"parameters":{"httpMethod":"POST","path":"loginsenha","responseMode":"responseNode","options":{}},"id":"4a40440b-c8e1-4153-bfa2-84f9887cd02b","name":"Login e Senha","type":"n8n-nodes-base.webhook","typeVersion":2,"position":[-448,368],"webhookId":"029816e6-ef35-459e-ab43-0afda9667c74"},{"parameters":{"options":{}},"type":"n8n-nodes-base.dateTime","typeVersion":2,"position":[-208,624],"id":"4329ef04-3a9a-482c-8a48-2207382a1f62","name":"Date & Time"},{"parameters":{"operation":"formatDate","date":"={{ $json.currentDate }}","format":"custom","customFormat":"dd-MM-yyyy","options":{}},"type":"n8n-nodes-base.dateTime","typeVersion":2,"position":[0,624],"id":"84cf0bb7-953c-40eb-8e41-9d5894a73daa","name":"Date & Time1"},{"parameters":{"operation":"get","tableId":"login_cliente_astatonn","filters":{"conditions":[{"keyName":"login","keyValue":"={{ $json.body.login }}"},{"keyName":"senha","keyValue":"={{ $json.body.password }}"},{"keyName":"active","keyValue":"true"}]}},"id":"72d05114-ae9c-4426-8671-bbc607960756","name":"Get a row1","type":"n8n-nodes-base.supabase","typeVersion":1,"position":[0,368],"alwaysOutputData":true,"credentials":{"supabaseApi":{"id":"G9KBchsZQ2g5jOab","name":"Supabase Astatonn"}}}],"connections":{"HTML":{"main":[[{"node":"Respond to Webhook4","type":"main","index":0}]]},"Webhook":{"main":[[{"node":"HTML","type":"main","index":0}]]},"If":{"main":[[{"node":"Respond to Webhook2","type":"main","index":0}],[{"node":"Respond to Webhook1","type":"main","index":0}]]},"Create a row":{"main":[[{"node":"Respond to Webhook5","type":"main","index":0}]]},"Cria Chamado":{"main":[[{"node":"Date & Time","type":"main","index":0}]]},"Get a row":{"main":[[{"node":"Respond to Webhook6","type":"main","index":0}]]},"Consultar Chamado":{"main":[[{"node":"Get a row","type":"main","index":0}]]},"Login e Senha":{"main":[[{"node":"Get a row1","type":"main","index":0}]]},"Date & Time":{"main":[[{"node":"Date & Time1","type":"main","index":0}]]},"Date & Time1":{"main":[[{"node":"Create a row","type":"main","index":0}]]},"Get a row1":{"main":[[{"node":"If","type":"main","index":0}]]}},"settings":{"executionOrder":"v1"},"staticData":null,"meta":{"templateCredsSetupCompleted":true},"pinData":{},"versionId":"784ed1ae-6a9f-47d9-9fc9-357885de7ce4","triggerCount":4,"tags":[{"createdAt":"2025-04-18T04:29:01.436Z","updatedAt":"2025-04-18T04:29:01.436Z","id":"O8dsWJpFE2QmJmpS","name":"EM PRODUÇÂO"}]}

