{"createdAt":"2025-04-05T21:46:37.116Z","updatedAt":"2025-04-06T19:06:55.441Z","id":"ON2QTkf4wbPutO8u","name":"ENVIA AGENDAMENTO 1 HORA ANTES DO COMPROMISSO SAUDE","active":false,"isArchived":false,"nodes":[{"parameters":{"rule":{"interval":[{"field":"minutes"}]}},"type":"n8n-nodes-base.scheduleTrigger","typeVersion":1.2,"position":[-660,-220],"id":"fd7a8de8-5e98-401d-9bd3-3b284f7c95ba","name":"Schedule Trigger"},{"parameters":{"operation":"getAll","calendar":{"__rl":true,"value":"typebr20@gmail.com","mode":"list","cachedResultName":"typebr20@gmail.com"},"returnAll":true,"timeMin":"={{ $now.minus({ hours: 1 }) }}","timeMax":"={{ $now.plus({ hours: 4 }) }}","options":{}},"type":"n8n-nodes-base.googleCalendar","typeVersion":1.3,"position":[-420,-220],"id":"491b348e-893b-4626-b891-f03d0637a3e3","name":"Google Calendar","credentials":{"googleCalendarOAuth2Api":{"id":"624hL2WneNoWR6Al","name":"typebr20"}}},{"parameters":{"jsCode":"const now = new Date();\nconst messages = [];\n\n// Ajusta o tempo de referência para 1 hora após o momento atual\nconst targetTime = new Date(now.getTime() + 60 * 60 * 1000);\n\nfor (const item of items) {\n    try {\n        if (!item.json.start) continue; // Ignora eventos sem data\n\n        let eventTime;\n        \n        if (item.json.start.dateTime) {\n            eventTime = new Date(item.json.start.dateTime); // Evento com hora definida\n        } else if (item.json.start.date) {\n            eventTime = new Date(`${item.json.start.date}T12:00:00`); // Ajusta para eventos de dia inteiro\n        } else {\n            continue;\n        }\n\n        // Calcula a diferença em minutos entre o evento e o tempo alvo\n        const diffMinutes = Math.abs((eventTime - targetTime) / 60000);\n\n        if (diffMinutes <= 5) { // Verifica se está no intervalo de ±5 min\n            const hora = eventTime.toLocaleTimeString('pt-BR', { hour: '2-digit', minute: '2-digit' });\n            const data = eventTime.toLocaleDateString('pt-BR');\n            \n            let cliente = \"❓ Sem cliente\";\n            let telefone = \"📞 Sem telefone\";\n            \n            if (item.json.attendees?.length > 0) {\n                cliente = `👤 ${item.json.attendees[0].email || \"Sem cliente\"}`;\n\n                // Extração de telefone da descrição do evento\n                if (item.json.description) {\n                    const match = item.json.description.match(/telefone[:\\s]*(\\+?\\d[\\d\\s-]{8,})\\b/i);\n                    if (match) telefone = `📞 ${match[1]}`;\n                }\n            }\n            \n            messages.push({\n                json: {\n                    title: `📅 ${item.json.summary || \"Evento sem título\"}`,\n                    hora: `🕒 ${hora}`,\n                    date: `📆 ${data}`,\n                    cliente,\n                    telefone,\n                    mensagem: `🔔 *Lembrete de Evento!*\\n\\n📌 *${item.json.summary || 'Evento'}*\\n🕒 *Horário:* ${hora}\\n📆 *Data:* ${data}\\n👤 *Cliente:* ${cliente}\\n📞 *Contato:* ${telefone}\\n\\n⚡ O evento acontece daqui a *1 hora*!`\n                }\n            });\n        }\n    } catch (error) {\n        console.error(\"🚨 Erro ao processar evento:\", error);\n    }\n}\n\n// Retorna os eventos encontrados ou um JSON indicando que nenhum evento está próximo\nreturn messages.length > 0 ? messages : [{ json: { skip: true } }];\n"},"type":"n8n-nodes-base.code","typeVersion":2,"position":[-180,-220],"id":"9895d0ac-2194-412a-ae16-92475f93de57","name":"Code"},{"parameters":{"conditions":{"boolean":[{"value1":"={{$json.skip}}","value2":true}]}},"type":"n8n-nodes-base.if","typeVersion":1,"position":[120,-220],"id":"a0fdf181-c1a7-4ad2-8bf9-497c95ef3ce4","name":"If"},{"parameters":{"resource":"messages-api","instanceName":"victor","remoteJid":"5551998416987","messageText":"={{$json.mensagem}}","options_message":{}},"type":"n8n-nodes-evolution-api.evolutionApi","typeVersion":1,"position":[640,-600],"id":"00e29d6e-9cf3-4740-90de-485924bead5a","name":"Evolution API","credentials":{"evolutionApi":{"id":"Jsa3dJJatpZBbdg9","name":"Victor"}}},{"parameters":{"method":"POST","url":"https://evolutionapi.automatech.tech/message/sendText/victor","sendHeaders":true,"headerParameters":{"parameters":[{"name":"apikey","value":"A6CF21C96EE5-4FEE-BF6A-D52361FDBEE3"}]},"sendBody":true,"bodyParameters":{"parameters":[{"name":"number","value":"=555198416987-1553871639@g.us"},{"name":"text","value":"={{$json.mensagem}}              "}]},"options":{"allowUnauthorizedCerts":true,"redirect":{"redirect":{}}}},"id":"34fcae6f-743c-41fd-8bae-6b0876c22985","name":"HTTP Request2","type":"n8n-nodes-base.httpRequest","typeVersion":4.2,"position":[440,-80]}],"connections":{"Schedule Trigger":{"main":[[{"node":"Google Calendar","type":"main","index":0}]]},"Google Calendar":{"main":[[{"node":"Code","type":"main","index":0}]]},"Code":{"main":[[{"node":"If","type":"main","index":0}]]},"If":{"main":[[],[{"node":"HTTP Request2","type":"main","index":0}]]}},"settings":{"executionOrder":"v1"},"staticData":{"node:Schedule Trigger":{"recurrenceRules":[]}},"meta":{"templateCredsSetupCompleted":true},"pinData":{},"versionId":"5b59ea54-80ee-4beb-a4df-3b64a0a82da0","triggerCount":1,"tags":[]}

