{"createdAt":"2025-04-13T03:51:16.742Z","updatedAt":"2025-07-18T03:10:20.390Z","id":"i0T37SaCCODVeXJf","name":"MCP_SERVER_CASA","active":false,"isArchived":true,"nodes":[{"parameters":{"path":"4630370a-fb7e-4ead-a3d5-f7f19a5040e8"},"type":"@n8n/n8n-nodes-langchain.mcpTrigger","typeVersion":1,"position":[200,120],"id":"543d27ba-8657-4494-a00f-cca250ae535d","name":"MCP Server Trigger","webhookId":"4630370a-fb7e-4ead-a3d5-f7f19a5040e8"},{"parameters":{"calendar":{"__rl":true,"value":"family04342260373651376960@group.calendar.google.com","mode":"list","cachedResultName":"Família"},"start":"={{ /*n8n-auto-generated-fromAI-override*/ $fromAI('Start', ``, 'string') }}","end":"={{ /*n8n-auto-generated-fromAI-override*/ $fromAI('End', ``, 'string') }}","additionalFields":{"description":"={{ /*n8n-auto-generated-fromAI-override*/ $fromAI('Description', ``, 'string') }}","summary":"={{ /*n8n-auto-generated-fromAI-override*/ $fromAI('Summary', ``, 'string') }}"}},"type":"n8n-nodes-base.googleCalendarTool","typeVersion":1.3,"position":[60,360],"id":"1feb0e23-3ecf-4163-92fc-409d77592030","name":"Create Event","credentials":{"googleCalendarOAuth2Api":{"id":"y5jaRwDrRim31Hix","name":"rolimvictorhugo@gmail.com"}}},{"parameters":{"operation":"get","calendar":{"__rl":true,"value":"family04342260373651376960@group.calendar.google.com","mode":"list","cachedResultName":"Família"},"eventId":"={{ /*n8n-auto-generated-fromAI-override*/ $fromAI('Event_ID', ``, 'string') }}","options":{}},"type":"n8n-nodes-base.googleCalendarTool","typeVersion":1.3,"position":[200,360],"id":"64ef211b-3823-4174-8dc4-035dbe6fcdf1","name":"Get Event","credentials":{"googleCalendarOAuth2Api":{"id":"y5jaRwDrRim31Hix","name":"rolimvictorhugo@gmail.com"}}},{"parameters":{"operation":"delete","calendar":{"__rl":true,"value":"family04342260373651376960@group.calendar.google.com","mode":"list","cachedResultName":"Família"},"eventId":"={{ /*n8n-auto-generated-fromAI-override*/ $fromAI('Event_ID', ``, 'string') }}","options":{}},"type":"n8n-nodes-base.googleCalendarTool","typeVersion":1.3,"position":[360,360],"id":"1dcdb074-8d23-4553-8915-1cd5e829c6d9","name":"Delete event","credentials":{"googleCalendarOAuth2Api":{"id":"y5jaRwDrRim31Hix","name":"rolimvictorhugo@gmail.com"}}},{"parameters":{"operation":"getAll","calendar":{"__rl":true,"value":"family04342260373651376960@group.calendar.google.com","mode":"list","cachedResultName":"Família"},"returnAll":true,"timeMin":"={{ /*n8n-auto-generated-fromAI-override*/ $fromAI('After', ``, 'string') }}","timeMax":"={{ /*n8n-auto-generated-fromAI-override*/ $fromAI('Before', ``, 'string') }}","options":{}},"type":"n8n-nodes-base.googleCalendarTool","typeVersion":1.3,"position":[520,360],"id":"f9cd8723-939c-4631-93ca-11d926e8ea63","name":"Get Many Events","credentials":{"googleCalendarOAuth2Api":{"id":"y5jaRwDrRim31Hix","name":"rolimvictorhugo@gmail.com"}}},{"parameters":{"operation":"update","calendar":{"__rl":true,"value":"family04342260373651376960@group.calendar.google.com","mode":"list","cachedResultName":"Família"},"eventId":"={{ /*n8n-auto-generated-fromAI-override*/ $fromAI('Event_ID', ``, 'string') }}","updateFields":{"description":"={{ /*n8n-auto-generated-fromAI-override*/ $fromAI('Description', ``, 'string') }}","summary":"={{ /*n8n-auto-generated-fromAI-override*/ $fromAI('Summary', ``, 'string') }}"}},"type":"n8n-nodes-base.googleCalendarTool","typeVersion":1.3,"position":[680,360],"id":"35bbed53-3283-4c19-9c59-72db87ff3642","name":"Google Calendar","credentials":{"googleCalendarOAuth2Api":{"id":"y5jaRwDrRim31Hix","name":"rolimvictorhugo@gmail.com"}}},{"parameters":{"content":"                                   SERVIDOR MCP PARA CALENDARIO ","height":80,"width":800},"type":"n8n-nodes-base.stickyNote","position":[0,0],"typeVersion":1,"id":"de2c6741-ce18-49ff-8a3c-483c3ff1fae8","name":"Sticky Note"}],"connections":{"Create Event":{"ai_tool":[[{"node":"MCP Server Trigger","type":"ai_tool","index":0}]]},"Get Event":{"ai_tool":[[{"node":"MCP Server Trigger","type":"ai_tool","index":0}]]},"Delete event":{"ai_tool":[[{"node":"MCP Server Trigger","type":"ai_tool","index":0}]]},"Get Many Events":{"ai_tool":[[{"node":"MCP Server Trigger","type":"ai_tool","index":0}]]},"Google Calendar":{"ai_tool":[[{"node":"MCP Server Trigger","type":"ai_tool","index":0}]]}},"settings":{"executionOrder":"v1"},"staticData":null,"meta":null,"pinData":{},"versionId":"64b8d647-fae0-4df2-b915-fd1d9396ac83","triggerCount":1,"tags":[{"createdAt":"2025-04-18T04:29:01.436Z","updatedAt":"2025-04-18T04:29:01.436Z","id":"O8dsWJpFE2QmJmpS","name":"EM PRODUÇÂO"}]}

