{"createdAt":"2025-04-15T16:42:44.032Z","updatedAt":"2025-05-17T11:52:18.971Z","id":"eJM9rEjCxJ3bVlJU","name":"ENVIA NOTIFICAÇÂO 1 HORA ANTES PARA O USUARIO_PRONTO PARA VENDA (PORTIFOLIO)","active":false,"isArchived":false,"nodes":[{"parameters":{"url":"https://evolutionapi.automatech.tech/group/fetchAllGroups/Botsaude","sendQuery":true,"queryParameters":{"parameters":[{"name":"getParticipants","value":"false"}]},"sendHeaders":true,"headerParameters":{"parameters":[{"name":"apikey","value":"DD91D49433AF-416A-AD50-315D960D8207"}]},"options":{}},"type":"n8n-nodes-base.httpRequest","typeVersion":4.2,"position":[-160,-960],"id":"0abdd4be-cb6e-4c25-8845-303485663ea3","name":"HTTP Request"},{"parameters":{"jsCode":"const eventos = items.map(item => item.json);\nconst staticData = $getWorkflowStaticData(\"global\");\n\n// Garante lista de eventos enviados (persistente)\nif (!staticData.sentEventIds) staticData.sentEventIds = [];\n\nlet maisRecente = null;\nlet menorDiferenca = Infinity;\n\nfor (const evento of eventos) {\n  const dataInicio = new Date(evento.start.dateTime).getTime();\n  const agora = new Date().getTime();\n  const diffMin = (dataInicio - agora) / 60000;\n\n  if (diffMin <= 60 && diffMin > 0 && diffMin < menorDiferenca) {\n    menorDiferenca = diffMin;\n    maisRecente = evento;\n  }\n}\n\nif (!maisRecente) {\n  return []; // Sem evento em até 1h\n}\n\n// SE JÁ FOI ENVIADO, NÃO ENVIA MAIS\nif (staticData.sentEventIds.includes(maisRecente.id)) {\n  return [];\n}\n\n// SE NÃO FOI ENVIADO, marca como ENVIADO e ENVIA\nstaticData.sentEventIds.push(maisRecente.id); // marca como já enviado\n\n// OPCIONAL: Limpa IDs antigos para não gravar pra sempre\nconst agora = new Date().getTime();\nstaticData.sentEventIds = staticData.sentEventIds.filter(idEvento => {\n  const evento = eventos.find(ev => ev.id === idEvento);\n  if (!evento) return false;\n  const dataFim = new Date(evento.end.dateTime).getTime();\n  return dataFim > agora - 3 * 24 * 60 * 60 * 1000; // mantem só eventos dos últimos 3 dias\n});\n\n// Trata saída\nconst partes = maisRecente.summary.split(\"-\");\nreturn [\n  {\n    json: {\n      \"id\": maisRecente.id,\n      \"🎖️ Graduação\": partes[0] || \"Não informado\",\n      \"👤 Nome\": partes[1] || \"Não informado\",\n      \"🏢 Seção\": partes[2] || \"Não informado\",\n      \"📞 Telefone\": partes[3] || \"Não informado\",\n      \"📛 Evento\": maisRecente.summary || \"Sem título\",\n      \"🕐 Início\": formatarData(maisRecente.start.dateTime),\n      \"⏰ Fim\": formatarData(maisRecente.end.dateTime),\n      \"📝 Descrição\": maisRecente.description || \"Sem descrição\",\n      \"🔗 Link\": maisRecente.htmlLink || \"Sem link\"\n    }\n  }\n];\n\nfunction formatarData(dataStr) {\n  const data = new Date(dataStr);\n  return data.toLocaleString(\"pt-BR\", { timeZone: \"America/Sao_Paulo\" });\n}"},"type":"n8n-nodes-base.code","typeVersion":2,"position":[-120,-580],"id":"6db044a7-f551-47c2-b3fe-3f25d7865d0d","name":"TRATA O ENVIO","alwaysOutputData":true},{"parameters":{"method":"POST","url":"https://evolutionapi.automatech.tech/message/sendText/Botsaude","sendHeaders":true,"headerParameters":{"parameters":[{"name":"apikey","value":"DD91D49433AF-416A-AD50-315D960D8207"}]},"sendBody":true,"bodyParameters":{"parameters":[{"name":"number","value":"=55{{ $json[\"📞 Telefone\"] }}"},{"name":"text","value":"=📣 Aviso da Seção de Saúde do 3º Batalhão de Suprimento\n\n📅 Você tem uma consulta agendada para daqui 1 hora!\nConfira os detalhes abaixo:\n\n👤 Nome: {{ $json['👤 Nome'] }}\n🏢 Seção: {{ $json['🏢 Seção'] }}\n📞 Telefone: {{ $json['📞 Telefone'] }}\n🩺 Descrição: {{ $json['📝 Descrição'] }}\n📅 Início: {{ $json['🕐 Início'] }}\n🔗 Link do Evento: [Acessar evento]({{ $json['🔗 Link'] }})\n\n⚠️ Chegue com antecedência e, se não puder comparecer, avise a equipe médica."}]},"options":{"allowUnauthorizedCerts":true,"redirect":{"redirect":{}}}},"id":"7ca4bd88-928a-4a8d-8ba0-aae9dbedcfab","name":"EVIA PARA O GRUPO","type":"n8n-nodes-base.httpRequest","typeVersion":4.2,"position":[420,-660]},{"parameters":{"operation":"getAll","calendar":{"__rl":true,"value":"secsau.3bsupr@gmail.com","mode":"id"},"options":{}},"type":"n8n-nodes-base.googleCalendar","typeVersion":1.3,"position":[-360,-580],"id":"ec824939-fc92-41c8-839b-7f8f7abf5621","name":"Google Calendar","credentials":{"googleCalendarOAuth2Api":{"id":"bY9dPYnTrlBCv2GD","name":"CALENDARIO SAUDE"}}},{"parameters":{"rule":{"interval":[{"field":"minutes"}]}},"type":"n8n-nodes-base.scheduleTrigger","typeVersion":1.2,"position":[-760,-580],"id":"a3ef76bb-6c6e-4be6-8ba7-e9441b0dbdfc","name":"Schedule Trigger"},{"parameters":{"conditions":{"options":{"caseSensitive":true,"leftValue":"","typeValidation":"strict","version":2},"conditions":[{"id":"5f6cf352-71fe-4e75-8ad6-01ae51ab6133","leftValue":"={{ $json['👤 Nome'] }}","rightValue":"","operator":{"type":"string","operation":"exists","singleValue":true}}],"combinator":"and"},"options":{}},"type":"n8n-nodes-base.if","typeVersion":2.2,"position":[100,-580],"id":"bbf9514b-66e7-495a-8295-2638a0a259b5","name":"If"},{"parameters":{"operation":"addToDate","magnitude":"={{$now}}","options":{}},"type":"n8n-nodes-base.dateTime","typeVersion":2,"position":[-560,-580],"id":"41c2be0b-a26d-4628-8571-ea65971d8b09","name":"Date & Time"}],"connections":{"TRATA O ENVIO":{"main":[[{"node":"If","type":"main","index":0}]]},"EVIA PARA O GRUPO":{"main":[[]]},"Google Calendar":{"main":[[{"node":"TRATA O ENVIO","type":"main","index":0}]]},"Schedule Trigger":{"main":[[{"node":"Date & Time","type":"main","index":0}]]},"If":{"main":[[{"node":"EVIA PARA O GRUPO","type":"main","index":0}],[]]},"Date & Time":{"main":[[{"node":"Google Calendar","type":"main","index":0}]]}},"settings":{"executionOrder":"v1"},"staticData":{"node:Gmail Trigger":{"Gmail Trigger":{"lastTimeChecked":1744233122,"possibleDuplicates":["1961c655526e2f7a","1961c63830471496"]}},"node:COLETA DO GMAIL":{"COLETA DO GMAIL":{"lastTimeChecked":1744649522,"possibleDuplicates":["196353718724d223","196352699ac60b46"]}},"node:Schedule Trigger":{"recurrenceRules":[]},"global":{"lastSentEventId":"9bvlm13o1p4unknu5vfsu21gvk","sentEventIds":["jgscbh6uq40t09288apadenrr4"]}},"meta":{"templateCredsSetupCompleted":true},"pinData":{},"versionId":"299aadb4-4f94-462b-910d-a6add4ec93ce","triggerCount":1,"tags":[]}

