{"createdAt":"2025-04-22T21:08:23.435Z","updatedAt":"2025-05-01T03:32:28.409Z","id":"vXv2PF50Du3kFiyq","name":"MCP_SERVER_CAFETERIA","active":false,"isArchived":false,"nodes":[{"parameters":{"path":"b41ee9a0-e96e-455c-b09b-b81e0caf8387"},"type":"@n8n/n8n-nodes-langchain.mcpTrigger","typeVersion":1,"position":[200,120],"id":"ab114bd5-0443-470d-8807-6b9b87137f83","name":"MCP Server Trigger","webhookId":"b41ee9a0-e96e-455c-b09b-b81e0caf8387"},{"parameters":{"calendar":{"__rl":true,"value":"family04342260373651376960@group.calendar.google.com","mode":"list","cachedResultName":"Família"},"start":"={{ /*n8n-auto-generated-fromAI-override*/ $fromAI('Start', ``, 'string') }}","end":"={{ /*n8n-auto-generated-fromAI-override*/ $fromAI('End', ``, 'string') }}","additionalFields":{"description":"={{ /*n8n-auto-generated-fromAI-override*/ $fromAI('Description', ``, 'string') }}","summary":"={{ /*n8n-auto-generated-fromAI-override*/ $fromAI('Summary', ``, 'string') }}"}},"type":"n8n-nodes-base.googleCalendarTool","typeVersion":1.3,"position":[60,360],"id":"e55da11c-9a07-461e-8b70-988f1c202924","name":"Create Event","credentials":{"googleCalendarOAuth2Api":{"id":"y5jaRwDrRim31Hix","name":"rolimvictorhugo@gmail.com"}}},{"parameters":{"operation":"get","calendar":{"__rl":true,"value":"family04342260373651376960@group.calendar.google.com","mode":"list","cachedResultName":"Família"},"eventId":"={{ /*n8n-auto-generated-fromAI-override*/ $fromAI('Event_ID', ``, 'string') }}","options":{}},"type":"n8n-nodes-base.googleCalendarTool","typeVersion":1.3,"position":[200,360],"id":"2f2ae7e3-2010-43c0-8045-1474e76c0318","name":"Get Event","credentials":{"googleCalendarOAuth2Api":{"id":"y5jaRwDrRim31Hix","name":"rolimvictorhugo@gmail.com"}}},{"parameters":{"operation":"delete","calendar":{"__rl":true,"value":"family04342260373651376960@group.calendar.google.com","mode":"list","cachedResultName":"Família"},"eventId":"={{ /*n8n-auto-generated-fromAI-override*/ $fromAI('Event_ID', ``, 'string') }}","options":{}},"type":"n8n-nodes-base.googleCalendarTool","typeVersion":1.3,"position":[360,360],"id":"2fdc7ffb-30e4-412e-84c3-58f7e0436fc9","name":"Delete event","credentials":{"googleCalendarOAuth2Api":{"id":"y5jaRwDrRim31Hix","name":"rolimvictorhugo@gmail.com"}}},{"parameters":{"operation":"getAll","calendar":{"__rl":true,"value":"family04342260373651376960@group.calendar.google.com","mode":"list","cachedResultName":"Família"},"returnAll":true,"timeMin":"={{ /*n8n-auto-generated-fromAI-override*/ $fromAI('After', ``, 'string') }}","timeMax":"={{ /*n8n-auto-generated-fromAI-override*/ $fromAI('Before', ``, 'string') }}","options":{}},"type":"n8n-nodes-base.googleCalendarTool","typeVersion":1.3,"position":[520,360],"id":"119225fa-3c09-4abc-ab54-ee8ac19b87c6","name":"Get Many Events","credentials":{"googleCalendarOAuth2Api":{"id":"y5jaRwDrRim31Hix","name":"rolimvictorhugo@gmail.com"}}},{"parameters":{"operation":"update","calendar":{"__rl":true,"value":"family04342260373651376960@group.calendar.google.com","mode":"list","cachedResultName":"Família"},"eventId":"={{ /*n8n-auto-generated-fromAI-override*/ $fromAI('Event_ID', ``, 'string') }}","updateFields":{"description":"={{ /*n8n-auto-generated-fromAI-override*/ $fromAI('Description', ``, 'string') }}","summary":"={{ /*n8n-auto-generated-fromAI-override*/ $fromAI('Summary', ``, 'string') }}"}},"type":"n8n-nodes-base.googleCalendarTool","typeVersion":1.3,"position":[680,360],"id":"0a53f24a-37bd-480b-b0f2-3b5984300fe1","name":"Google Calendar","credentials":{"googleCalendarOAuth2Api":{"id":"y5jaRwDrRim31Hix","name":"rolimvictorhugo@gmail.com"}}},{"parameters":{"content":"                                   SERVIDOR MCP PARA CALENDARIO ","height":80,"width":800},"type":"n8n-nodes-base.stickyNote","position":[0,0],"typeVersion":1,"id":"f22a2f78-0fac-48b1-8b2a-232e00567548","name":"Sticky Note"}],"connections":{"Create Event":{"ai_tool":[[{"node":"MCP Server Trigger","type":"ai_tool","index":0}]]},"Get Event":{"ai_tool":[[{"node":"MCP Server Trigger","type":"ai_tool","index":0}]]},"Delete event":{"ai_tool":[[{"node":"MCP Server Trigger","type":"ai_tool","index":0}]]},"Get Many Events":{"ai_tool":[[{"node":"MCP Server Trigger","type":"ai_tool","index":0}]]},"Google Calendar":{"ai_tool":[[{"node":"MCP Server Trigger","type":"ai_tool","index":0}]]}},"settings":{"executionOrder":"v1"},"staticData":null,"meta":null,"pinData":{},"versionId":"905442c7-045a-427d-b372-362e72552d92","triggerCount":1,"tags":[]}

