{"createdAt":"2025-06-30T00:38:12.502Z","updatedAt":"2025-06-30T00:38:12.502Z","id":"RMqJ3rj85vnvk8Nj","name":"My workflow 41","active":false,"isArchived":false,"nodes":[{"parameters":{},"name":"On clicking 'execute'","type":"n8n-nodes-base.manualTrigger","position":[-220,-20],"typeVersion":1,"id":"f12a7274-e10b-4908-9a3e-c23da71ea06b"},{"parameters":{"authentication":"oAuth2","text":"Hello from n8n!","translateTo":"de"},"name":"Translate a language","type":"n8n-nodes-base.googleTranslate","position":[-20,-20],"typeVersion":1,"id":"cda856c7-49e8-4fec-9b6f-35271d8d7626","credentials":{"googleTranslateOAuth2Api":{"id":"Zx9hxyDQOLv5GYTe","name":"Google Translate account"}}}],"connections":{"On clicking 'execute'":{"main":[[{"node":"Translate a language","type":"main","index":0}]]}},"settings":{"executionOrder":"v1"},"staticData":null,"meta":null,"pinData":{},"versionId":"97673850-3bb6-4df1-9458-e753fcd1f047","triggerCount":0,"tags":[]}

