{"createdAt":"2025-06-13T00:32:05.388Z","updatedAt":"2025-06-13T01:51:39.138Z","id":"9hYXzzPtx4z3BKxr","name":"My workflow 26","active":false,"isArchived":false,"nodes":[{"parameters":{"httpMethod":"POST","path":"5592a24f-24dd-47e7-b7c2-c8968fb126eb","options":{}},"type":"n8n-nodes-base.webhook","typeVersion":2,"position":[-480,-120],"id":"9dab14e1-59ac-4bf0-aeca-0bf9067022f5","name":"Webhook","webhookId":"5592a24f-24dd-47e7-b7c2-c8968fb126eb"},{"parameters":{"method":"POST","url":"https://aluno1.evolutionapi.automatech.tech/","authentication":"predefinedCredentialType","nodeCredentialType":"evolutionApi","sendBody":true,"bodyParameters":{"parameters":[{"name":"=Resposta","value":"={{ $json.output }}"}]},"options":{}},"type":"n8n-nodes-base.httpRequest","typeVersion":4.2,"position":[240,-120],"id":"ef4ff736-3ba6-45a3-af25-d10baa75aaf6","name":"HTTP Request","credentials":{"evolutionApi":{"id":"DOPA34YsKbyombqf","name":"Evolution account"}}},{"parameters":{"promptType":"define","text":"={{ $json.body.data.message.conversation }}","hasOutputParser":true,"options":{}},"type":"@n8n/n8n-nodes-langchain.agent","typeVersion":1.9,"position":[-200,-240],"id":"e51b9460-7ad8-45a7-8347-5f874f976800","name":"AI Agent"},{"parameters":{"modelName":"models/learnlm-2.0-flash-experimental","options":{}},"type":"@n8n/n8n-nodes-langchain.lmChatGoogleGemini","typeVersion":1,"position":[-240,0],"id":"7d19eca7-3816-46b4-84a9-dca8d494f089","name":"Google Gemini Chat Model","credentials":{"googlePalmApi":{"id":"H00fz3DjPdESx3k4","name":"Google Gemini(PaLM) Api account 2"}}},{"parameters":{},"type":"@n8n/n8n-nodes-langchain.toolCalculator","typeVersion":1,"position":[60,40],"id":"035b2162-8271-4520-b5c2-330b9f1da78a","name":"Calculator"},{"parameters":{"sessionIdType":"customKey","sessionKey":"={{ $('Webhook').item.json.body.data.key.remoteJid }}","contextWindowLength":100},"type":"@n8n/n8n-nodes-langchain.memoryBufferWindow","typeVersion":1.3,"position":[-80,80],"id":"ec634506-e7b1-4548-8147-a89479d08dca","name":"Simple Memory"}],"connections":{"Webhook":{"main":[[{"node":"AI Agent","type":"main","index":0}]]},"AI Agent":{"main":[[{"node":"HTTP Request","type":"main","index":0}]]},"Google Gemini Chat Model":{"ai_languageModel":[[{"node":"AI Agent","type":"ai_languageModel","index":0}]]},"Calculator":{"ai_tool":[[{"node":"AI Agent","type":"ai_tool","index":0}]]},"Simple Memory":{"ai_memory":[[{"node":"AI Agent","type":"ai_memory","index":0}]]}},"settings":{"executionOrder":"v1"},"staticData":null,"meta":{"templateCredsSetupCompleted":true},"pinData":{},"versionId":"b3d4b97c-5340-4a75-9b3c-abbe27ceb6bb","triggerCount":1,"tags":[]}

