{"createdAt":"2025-06-21T23:37:09.844Z","updatedAt":"2025-06-21T23:42:42.617Z","id":"XCykPghw2EeEXXs6","name":"My Sub-Workflow 1","active":false,"isArchived":true,"nodes":[{"id":"c055762a-8fe7-4141-a639-df2372f30060","typeVersion":1.1,"name":"When Executed by Another Workflow","type":"n8n-nodes-base.executeWorkflowTrigger","position":[260,340],"parameters":{}},{"id":"b5942df6-0160-4ef7-965d-57583acdc8aa","name":"Replace me with your logic","type":"n8n-nodes-base.noOp","position":[520,340],"parameters":{}}],"connections":{"When Executed by Another Workflow":{"main":[[{"node":"Replace me with your logic","type":"main","index":0}]]}},"settings":{"executionOrder":"v1"},"staticData":null,"meta":null,"pinData":{},"versionId":"1c59ab43-a34e-48f1-b370-1372f070e158","triggerCount":0,"tags":[]}

