{"createdAt":"2025-06-23T00:17:23.856Z","updatedAt":"2025-06-23T00:17:23.856Z","id":"mTWD8DP9owPO9Z8x","name":"My workflow 35","active":false,"isArchived":false,"nodes":[{"parameters":{"path":"instagram-webhook","options":{}},"name":"Webhook Instagram","type":"n8n-nodes-base.webhook","typeVersion":1,"position":[-1000,100],"id":"ff0661f5-4e78-4cdf-8d3b-d61e4fa12c11","webhookId":"d3fc7af0-46da-44cb-9004-689ea01499de"},{"parameters":{"conditions":{"string":[{"value1":"={{$json[\"body\"][\"message\"]}}","value2":"interesse"}]}},"name":"Verificar Palavra-chave","type":"n8n-nodes-base.if","typeVersion":1,"position":[-800,100],"id":"e4bb64ce-6264-4d9e-a071-a1603bf0a50f"},{"parameters":{"authentication":"headerAuth","requestMethod":"POST","url":"https://api.openai.com/v1/chat/completions","options":{}},"name":"Classificar com IA","type":"n8n-nodes-base.httpRequest","typeVersion":1,"position":[-600,100],"id":"f1da6c7f-4054-48de-829e-35d5eaf01467"},{"parameters":{"conditions":{"string":[{"value1":"={{$json[\"choices\"][0][\"message\"][\"content\"]}}","value2":"Interessado"}]}},"name":"Decisão IA","type":"n8n-nodes-base.if","typeVersion":1,"position":[-400,100],"id":"e826aa9f-3840-4401-be6c-05661effca61"},{"parameters":{"requestMethod":"POST","url":"https://graph.facebook.com/v18.0/YOUR_IG_BUSINESS_ID/messages","jsonParameters":true,"options":{},"bodyParametersJson":"{\"recipient\": {\"id\": \"{{$json[\\\"sender_id\\\"]}}\"}, \"message\": {\"text\": \"Ol\\u00e1! Vi que voc\\u00ea est\\u00e1 interessado. Por favor, envie seu nome, telefone e e-mail para que possamos te atender melhor.\"}}"},"name":"Responder Interessado","type":"n8n-nodes-base.httpRequest","typeVersion":1,"position":[-200,0],"id":"b46f59cd-0728-41cc-869d-b72f56224e5d"},{"parameters":{"requestMethod":"POST","url":"https://graph.facebook.com/v18.0/YOUR_IG_BUSINESS_ID/messages","jsonParameters":true,"options":{},"bodyParametersJson":"{\"recipient\": {\"id\": \"{{$json[\\\"sender_id\\\"]}}\"}, \"message\": {\"text\": \"Aqui est\\u00e1 mais sobre nossos servi\\u00e7os! Se quiser, podemos agendar uma conversa \\ud83d\\udcc5.\"}}"},"name":"Responder Curioso","type":"n8n-nodes-base.httpRequest","typeVersion":1,"position":[-200,100],"id":"2f6546b7-8ef3-4ad7-8076-f3b174112f63"},{"parameters":{"requestMethod":"POST","url":"https://graph.facebook.com/v18.0/YOUR_IG_BUSINESS_ID/messages","jsonParameters":true,"options":{},"bodyParametersJson":"{\"recipient\": {\"id\": \"{{$json[\\\"sender_id\\\"]}}\"}, \"message\": {\"text\": \"Obrigado pela mensagem! Estamos \\u00e0 disposi\\u00e7\\u00e3o se precisar no futuro.\"}}"},"name":"Responder Desqualificado","type":"n8n-nodes-base.httpRequest","typeVersion":1,"position":[-200,200],"id":"9c94483d-7169-4a04-8252-146f72aae51f"}],"connections":{},"settings":{"executionOrder":"v1"},"staticData":null,"meta":null,"pinData":{},"versionId":"8e7066a5-8e8b-4f79-a932-9d96cf6a7ad5","triggerCount":0,"tags":[]}

