{"createdAt":"2025-05-20T00:41:17.872Z","updatedAt":"2025-05-24T01:20:48.074Z","id":"jmqXoSOuGFGTOXRT","name":"Criando credenciais","active":false,"isArchived":false,"nodes":[{"parameters":{"options":{}},"type":"@n8n/n8n-nodes-langchain.chatTrigger","typeVersion":1.1,"position":[-640,-240],"id":"489450c4-2e9b-4b1e-9426-9319d094d7cf","name":"When chat message received","webhookId":"27cc3318-7648-4dca-a99c-b44ee620c352"},{"parameters":{"operation":"append","documentId":{"__rl":true,"value":"1d5ALZ_RWmrh7Ep4ajZpwY71toTtaFWZOGVmOof_RvHY","mode":"list","cachedResultName":"n8n-teste","cachedResultUrl":"https://docs.google.com/spreadsheets/d/1d5ALZ_RWmrh7Ep4ajZpwY71toTtaFWZOGVmOof_RvHY/edit?usp=drivesdk"},"sheetName":{"__rl":true,"value":797513622,"mode":"list","cachedResultName":"Página1","cachedResultUrl":"https://docs.google.com/spreadsheets/d/1d5ALZ_RWmrh7Ep4ajZpwY71toTtaFWZOGVmOof_RvHY/edit#gid=797513622"},"columns":{"mappingMode":"defineBelow","value":{},"matchingColumns":["id"],"schema":[{"id":"id","displayName":"id","required":false,"defaultMatch":true,"display":true,"type":"string","canBeUsedToMatch":true,"removed":false},{"id":"nome","displayName":"nome","required":false,"defaultMatch":false,"display":true,"type":"string","canBeUsedToMatch":true},{"id":"empresa","displayName":"empresa","required":false,"defaultMatch":false,"display":true,"type":"string","canBeUsedToMatch":true},{"id":"telefone","displayName":"telefone","required":false,"defaultMatch":false,"display":true,"type":"string","canBeUsedToMatch":true},{"id":"e-mail","displayName":"e-mail","required":false,"defaultMatch":false,"display":true,"type":"string","canBeUsedToMatch":true}],"attemptToConvertTypes":false,"convertFieldsToString":false},"options":{}},"type":"n8n-nodes-base.googleSheets","typeVersion":4.5,"position":[260,-180],"id":"3a7bc03e-60c6-443b-a396-c5b23d51a614","name":"Google Sheets","credentials":{"googleSheetsOAuth2Api":{"id":"kImJQMR6mcmiYEc3","name":"Google Sheets"}}},{"parameters":{"resource":"audio","input":"={{ $json.chatInput }}","options":{}},"type":"@n8n/n8n-nodes-langchain.openAi","typeVersion":1.8,"position":[440,0],"id":"6d65c9ef-69a2-43e3-a0a7-b5637795642c","name":"OpenAI","credentials":{"openAiApi":{"id":"NLR6vcf0yXGwQcn5","name":"OpenAi Nocode"}}},{"parameters":{"tableId":"usuarios","fieldsUi":{"fieldValues":[{"fieldId":"nome","fieldValue":"Campos"},{"fieldId":"whatsapp","fieldValue":"5551999735892"}]}},"type":"n8n-nodes-base.supabase","typeVersion":1,"position":[480,-180],"id":"5b11c1f5-758d-4abe-bfeb-ec7e5ca7eeb3","name":"Supabase","credentials":{"supabaseApi":{"id":"4rBjDOdTrvsATQZx","name":"Curso_NoCode"}}},{"parameters":{"resource":"folder","driveId":{"__rl":true,"value":"My Drive","mode":"list","cachedResultName":"My Drive","cachedResultUrl":"https://drive.google.com/drive/my-drive"},"folderId":{"__rl":true,"mode":"list","value":"root","cachedResultName":"/ (Root folder)"},"options":{}},"type":"n8n-nodes-base.googleDrive","typeVersion":3,"position":[260,20],"id":"81bede95-a3b7-43b7-9853-7fb0ad877b8c","name":"Google Drive","credentials":{"googleDriveOAuth2Api":{"id":"c5zvjzOAAjA0lBH7","name":"Google Drive"}}},{"parameters":{"sendTo":"cmerandolina@gmail.com","subject":"Teste","message":"Como vai merandolika","options":{}},"type":"n8n-nodes-base.gmail","typeVersion":2.1,"position":[260,-360],"id":"249224f8-e8cf-4d71-86ab-3c9f7960d677","name":"Gmail","webhookId":"a25cd771-8cf4-4fea-8d67-4f0f7317e1e8","credentials":{"gmailOAuth2":{"id":"JmlNSluCq4Ho3o73","name":"Gmail"}}},{"parameters":{"httpMethod":"POST","path":"Z-API","options":{}},"type":"n8n-nodes-base.webhook","typeVersion":2,"position":[480,-360],"id":"9d43c895-f13e-48da-8d7c-4068d1e2daca","name":"Webhook","webhookId":"20d4a500-c9f5-4b0b-957c-43c1ece50197"},{"parameters":{"content":"CREDENCIAIS CONFIGURADAS","height":800,"width":600},"type":"n8n-nodes-base.stickyNote","position":[140,-440],"typeVersion":1,"id":"07937e5a-fa71-4b27-a9f3-4cb5599681b1","name":"Sticky Note1"},{"parameters":{"method":"POST","url":"https://api.z-api.io/instances/3E1A6146CFBCF0D68A102ED5B439CBB7/token/FE5AFAB3C2FC81B90C61A7CD/send-text","authentication":"genericCredentialType","genericAuthType":"httpHeaderAuth","sendBody":true,"bodyParameters":{"parameters":[{"name":"phone","value":"5551999735892"},{"name":"message","value":"Boa noite. Formação Nocode"}]},"options":{}},"type":"n8n-nodes-base.httpRequest","typeVersion":4.2,"position":[440,220],"id":"7fb8cd1b-5a2f-49ad-872a-55011f94daa3","name":"HTTP Request","credentials":{"httpHeaderAuth":{"id":"badlfMaeC7Arl91A","name":"Z-API_NoCode"}}}],"connections":{"When chat message received":{"main":[[]]},"Google Sheets":{"main":[[]]}},"settings":{"executionOrder":"v1"},"staticData":null,"meta":{"templateCredsSetupCompleted":true},"pinData":{},"versionId":"cddd71bd-b5fe-45bd-b0e8-1c88d42b5661","triggerCount":0,"tags":[]}

