{"createdAt":"2025-05-19T00:31:57.316Z","updatedAt":"2025-06-05T03:03:22.245Z","id":"mG5mQttoh7rXPcrz","name":"Pagamento_Pix","active":false,"isArchived":false,"nodes":[{"parameters":{"documentId":{"__rl":true,"value":"1TROXFCxgg5ehtDnryeaE2_nRv7OfUz172UN2gAImk_w","mode":"list","cachedResultName":"Clientes_Retirada","cachedResultUrl":"https://docs.google.com/spreadsheets/d/1TROXFCxgg5ehtDnryeaE2_nRv7OfUz172UN2gAImk_w/edit?usp=drivesdk"},"sheetName":{"__rl":true,"value":"gid=0","mode":"list","cachedResultName":"Página1","cachedResultUrl":"https://docs.google.com/spreadsheets/d/1TROXFCxgg5ehtDnryeaE2_nRv7OfUz172UN2gAImk_w/edit#gid=0"},"options":{}},"type":"n8n-nodes-base.googleSheets","typeVersion":4.5,"position":[0,0],"id":"01519ee1-3e6d-4c58-9126-740a480e5c12","name":"Google Sheets","credentials":{"googleSheetsOAuth2Api":{"id":"sFtSa2h1fvmHuTqX","name":"rolimvictorhugo@gmail.com"}}},{"parameters":{"jsCode":"// Ordena os itens pelo número da linha, se existir\nitems.sort((a, b) => (a.json.row_number || 0) - (b.json.row_number || 0));\n\n// Retorna o último item (maior row_number)\nreturn [items[items.length - 1]];\n"},"type":"n8n-nodes-base.code","typeVersion":2,"position":[940,0],"id":"09118f32-6d9b-4bbd-8289-3e7fa6b2a211","name":"Code1"},{"parameters":{"jsCode":"// Objeto de entrada\nconst item = $input.item.json;\n\n// Garantir que os campos numéricos sejam tratados corretamente\nconst precoPago = parseFloat(item[\"Preço\"]);\nconst precoUnitario = parseFloat(item[\"Preço Unitário\"]);\nconst quantidadeEstoque = parseInt(item[\"Quantidade\"]);\n\n// Calcular quantidade vendida\nconst quantidadeVendida = precoPago / precoUnitario;\n\n// Atualizar quantidade restante no estoque\nconst novaQuantidade = quantidadeEstoque - quantidadeVendida;\n\n// Retornar dados atualizados\nreturn {\n  json: {\n    row_number: item[\"row_number\"],\n    Produto: item[\"Produto\"],\n    Quantidade: novaQuantidade,\n    \"Preço Unitário\": item[\"Preço Unitário\"],\n    \"Data de Entrada\": item[\"Data de Entrada\"],\n    \"Última Atualização\": new Date().toISOString(),\n    QuantidadeVendida: quantidadeVendida\n  }\n};\n"},"type":"n8n-nodes-base.code","typeVersion":2,"position":[0,220],"id":"7f7c8ac2-35e0-4e90-8697-832e450471d2","name":"Code2","executeOnce":false},{"parameters":{"assignments":{"assignments":[{"id":"6a8a3cb3-88b5-4a42-9cc4-c4655f3056ba","name":"Preço","value":"={{ $('Code3').item.json[\"Preço\"] }}","type":"string"}]},"includeOtherFields":true,"options":{}},"type":"n8n-nodes-base.set","typeVersion":3.4,"position":[1160,0],"id":"5d05cfc5-8924-4643-a237-5517963c4ed2","name":"Edit Fields1"},{"parameters":{"operation":"appendOrUpdate","documentId":{"__rl":true,"value":"19_iDJIRNjqtTWtaiiEIQRkX9JMA1CSChkP-A9zzOHws","mode":"list","cachedResultName":"Estoque_Floricultura","cachedResultUrl":"https://docs.google.com/spreadsheets/d/19_iDJIRNjqtTWtaiiEIQRkX9JMA1CSChkP-A9zzOHws/edit?usp=drivesdk"},"sheetName":{"__rl":true,"value":"gid=0","mode":"list","cachedResultName":"Página1","cachedResultUrl":"https://docs.google.com/spreadsheets/d/19_iDJIRNjqtTWtaiiEIQRkX9JMA1CSChkP-A9zzOHws/edit#gid=0"},"columns":{"mappingMode":"defineBelow","value":{"ID":"={{ $json.row_number }}","Quantidade":"={{ $json.Quantidade }}"},"matchingColumns":["ID"],"schema":[{"id":"ID","displayName":"ID","required":false,"defaultMatch":false,"display":true,"type":"string","canBeUsedToMatch":true,"removed":false},{"id":"Produto","displayName":"Produto","required":false,"defaultMatch":false,"display":true,"type":"string","canBeUsedToMatch":true,"removed":true},{"id":"Quantidade","displayName":"Quantidade","required":false,"defaultMatch":false,"display":true,"type":"string","canBeUsedToMatch":true},{"id":"Preço Unitário","displayName":"Preço Unitário","required":false,"defaultMatch":false,"display":true,"type":"string","canBeUsedToMatch":true,"removed":true},{"id":"Data de Entrada","displayName":"Data de Entrada","required":false,"defaultMatch":false,"display":true,"type":"string","canBeUsedToMatch":true,"removed":true},{"id":"Última Atualização","displayName":"Última Atualização","required":false,"defaultMatch":false,"display":true,"type":"string","canBeUsedToMatch":true,"removed":true}],"attemptToConvertTypes":false,"convertFieldsToString":false},"options":{}},"type":"n8n-nodes-base.googleSheets","typeVersion":4.5,"position":[240,220],"id":"09490671-42d6-449f-b77c-10012aa2de81","name":"Google Sheets2","credentials":{"googleSheetsOAuth2Api":{"id":"sFtSa2h1fvmHuTqX","name":"rolimvictorhugo@gmail.com"}}},{"parameters":{"documentId":{"__rl":true,"value":"19_iDJIRNjqtTWtaiiEIQRkX9JMA1CSChkP-A9zzOHws","mode":"list","cachedResultName":"Estoque_Floricultura","cachedResultUrl":"https://docs.google.com/spreadsheets/d/19_iDJIRNjqtTWtaiiEIQRkX9JMA1CSChkP-A9zzOHws/edit?usp=drivesdk"},"sheetName":{"__rl":true,"value":"gid=0","mode":"list","cachedResultName":"Página1","cachedResultUrl":"https://docs.google.com/spreadsheets/d/19_iDJIRNjqtTWtaiiEIQRkX9JMA1CSChkP-A9zzOHws/edit#gid=0"},"filtersUI":{"values":[{"lookupColumn":"Produto","lookupValue":"={{ $json.Produto }}"}]},"options":{}},"type":"n8n-nodes-base.googleSheets","typeVersion":4.5,"position":[720,0],"id":"9dcad697-bf43-4e75-8d8c-16beba6e6cfb","name":"Google Sheets1","credentials":{"googleSheetsOAuth2Api":{"id":"sFtSa2h1fvmHuTqX","name":"rolimvictorhugo@gmail.com"}}},{"parameters":{"jsCode":"// Ordena os itens pelo número da linha, se existir\nitems.sort((a, b) => (a.json.row_number || 0) - (b.json.row_number || 0));\n\n// Retorna o último item (maior row_number)\nreturn [items[items.length - 1]];\n"},"type":"n8n-nodes-base.code","typeVersion":2,"position":[240,0],"id":"1422c8e1-b6ba-4d70-9906-c73fc09b7b25","name":"Code3"},{"parameters":{"jsCode":"return items.map(item => {\n  let telefone = item.json.Telefone;\n\n  if (telefone && typeof telefone === 'string') {\n    // Remove @ em diante\n    telefone = telefone.split('@')[0];\n    // Remove o prefixo 55 se estiver no início\n    if (telefone.startsWith('55')) {\n      telefone = telefone.slice(2);\n    }\n    item.json.Telefone = telefone;\n  }\n\n  return item;\n});\n"},"type":"n8n-nodes-base.code","typeVersion":2,"position":[480,0],"id":"84787c0d-1f9d-49df-9c10-30bfbcc88005","name":"Code4"},{"parameters":{"resource":"messages-api","instanceName":"GLPI","remoteJid":"5551998416987","messageText":"=🔔 Pagamento via PIX Recebido! TIPO: RETIRADA NA LOJA\n\nO cliente {{ $('Code3').item.json[\"Nome \"] }} acaba de realizar um pagamento através de PIX referente ao produto {{ $('Code3').item.json.Produto }}.\n\n\n🧍 Cliente: {{ $('Google Sheets').item.json[\"Nome \"] }}\n📦 Produto: {{ $('Google Sheets').item.json.Produto }}\n📅 Data da Retirada: {{ $('Code3').item.json[\"Data da Retirada\"] }}\n⏰ Horário da Retirada: {{ $('Code3').item.json[\"Horario da Retirada \"] }}\n📞 Telefone para contato: {{ $('Code4').item.json.Telefone }}\n📦 Quantidade Vendida: {{ $('Code2').item.json.QuantidadeVendida }}\n🔍 Por favor, verifique se o pagamento foi realmente recebido.\n\n\n\n⚠️ Caso haja qualquer divergência ou problema, entre em contato com o cliente imediatamente.\n✅ Se estiver tudo certo, separe o pedido com carinho e atenção!\n","options_message":{}},"type":"n8n-nodes-evolution-api.evolutionApi","typeVersion":1,"position":[460,220],"id":"aaddda29-cab9-4b1e-8bf3-4e9b6bf14fe9","name":"Evolution API3","credentials":{"evolutionApi":{"id":"08ttur0tAMHqYQhL","name":"GLPI"}}},{"parameters":{"resource":"messages-api","instanceName":"GLPI","remoteJid":"=55{{ $('Code4').item.json.Telefone }}","messageText":"=🌸 Olá {{ $('Google Sheets').item.json[\"Nome \"] }}, tudo bem?\n\nRecebemos com sucesso seu pagamento via PIX, referente a {{ $('Code2').item.json.QuantidadeVendida }} unidade(s) de “{{ $('Google Sheets').item.json.Produto }}”!\n\n🚚 Seu pedido está confirmado para entrega em:\n🗓️ Data: {{ $('Code3').item.json[\"Data da Retirada\"] }}\n⏰ Horário estimado: {{ $('Code3').item.json[\"Horario da Retirada \"] }}\n📍 Endereço de entrega: {{ $('Google Sheets').item.json.Endereço }}\n\nEm caso de dúvidas ou alterações, entraremos em contato pelo telefone {{ $('Code4').item.json.Telefone }}.\n\n💐 Muito obrigada pela preferência! Seu pedido está sendo preparado com todo carinho para chegar até você com a melhor qualidade!\n\n","options_message":{}},"type":"n8n-nodes-evolution-api.evolutionApi","typeVersion":1,"position":[720,220],"id":"2c554637-b94d-40c7-bd5f-35be694d57e0","name":"Evolution API4","credentials":{"evolutionApi":{"id":"08ttur0tAMHqYQhL","name":"GLPI"}}},{"parameters":{"documentId":{"__rl":true,"value":"1TROXFCxgg5ehtDnryeaE2_nRv7OfUz172UN2gAImk_w","mode":"list","cachedResultName":"Clientes_Retirada","cachedResultUrl":"https://docs.google.com/spreadsheets/d/1TROXFCxgg5ehtDnryeaE2_nRv7OfUz172UN2gAImk_w/edit?usp=drivesdk"},"sheetName":{"__rl":true,"value":"gid=0","mode":"list","cachedResultName":"Página1","cachedResultUrl":"https://docs.google.com/spreadsheets/d/1TROXFCxgg5ehtDnryeaE2_nRv7OfUz172UN2gAImk_w/edit#gid=0"},"options":{}},"type":"n8n-nodes-base.googleSheets","typeVersion":4.5,"position":[0,460],"id":"869e0947-f022-433c-8316-277acf2fad99","name":"Google Sheets4","credentials":{"googleSheetsOAuth2Api":{"id":"sFtSa2h1fvmHuTqX","name":"rolimvictorhugo@gmail.com"}}},{"parameters":{"jsCode":"// Ordena os itens pelo número da linha, se existir\nitems.sort((a, b) => (a.json.row_number || 0) - (b.json.row_number || 0));\n\n// Retorna o último item (maior row_number)\nreturn [items[items.length - 1]];\n"},"type":"n8n-nodes-base.code","typeVersion":2,"position":[940,460],"id":"38e0d4d4-6b02-46f8-9b44-ef2f3c286cbf","name":"Code6"},{"parameters":{"jsCode":"// Objeto de entrada\nconst item = $input.item.json;\n\n// Garantir que os campos numéricos sejam tratados corretamente\nconst precoPago = parseFloat(item[\"Preço\"]);\nconst precoUnitario = parseFloat(item[\"Preço Unitário\"]);\nconst quantidadeEstoque = parseInt(item[\"Quantidade\"]);\n\n// Calcular quantidade vendida\nconst quantidadeVendida = precoPago / precoUnitario;\n\n// Atualizar quantidade restante no estoque\nconst novaQuantidade = quantidadeEstoque - quantidadeVendida;\n\n// Retornar dados atualizados\nreturn {\n  json: {\n    row_number: item[\"row_number\"],\n    Produto: item[\"Produto\"],\n    Quantidade: novaQuantidade,\n    \"Preço Unitário\": item[\"Preço Unitário\"],\n    \"Data de Entrada\": item[\"Data de Entrada\"],\n    \"Última Atualização\": new Date().toISOString(),\n    QuantidadeVendida: quantidadeVendida\n  }\n};\n"},"type":"n8n-nodes-base.code","typeVersion":2,"position":[0,680],"id":"2e79e080-981c-4bf2-8e04-2cce2a8931e9","name":"Code7","executeOnce":false},{"parameters":{"assignments":{"assignments":[{"id":"6a8a3cb3-88b5-4a42-9cc4-c4655f3056ba","name":"Preço","value":"={{ $('Code8').item.json[\"Preço\"] }}","type":"string"}]},"includeOtherFields":true,"options":{}},"type":"n8n-nodes-base.set","typeVersion":3.4,"position":[1160,460],"id":"8f1fe202-cd8c-4312-b153-9025a410161b","name":"Edit Fields2"},{"parameters":{"operation":"appendOrUpdate","documentId":{"__rl":true,"value":"19_iDJIRNjqtTWtaiiEIQRkX9JMA1CSChkP-A9zzOHws","mode":"list","cachedResultName":"Estoque_Floricultura","cachedResultUrl":"https://docs.google.com/spreadsheets/d/19_iDJIRNjqtTWtaiiEIQRkX9JMA1CSChkP-A9zzOHws/edit?usp=drivesdk"},"sheetName":{"__rl":true,"value":"gid=0","mode":"list","cachedResultName":"Página1","cachedResultUrl":"https://docs.google.com/spreadsheets/d/19_iDJIRNjqtTWtaiiEIQRkX9JMA1CSChkP-A9zzOHws/edit#gid=0"},"columns":{"mappingMode":"defineBelow","value":{"ID":"={{ $json.row_number }}","Quantidade":"={{ $json.Quantidade }}"},"matchingColumns":["ID"],"schema":[{"id":"ID","displayName":"ID","required":false,"defaultMatch":false,"display":true,"type":"string","canBeUsedToMatch":true,"removed":false},{"id":"Produto","displayName":"Produto","required":false,"defaultMatch":false,"display":true,"type":"string","canBeUsedToMatch":true,"removed":true},{"id":"Quantidade","displayName":"Quantidade","required":false,"defaultMatch":false,"display":true,"type":"string","canBeUsedToMatch":true},{"id":"Preço Unitário","displayName":"Preço Unitário","required":false,"defaultMatch":false,"display":true,"type":"string","canBeUsedToMatch":true,"removed":true},{"id":"Data de Entrada","displayName":"Data de Entrada","required":false,"defaultMatch":false,"display":true,"type":"string","canBeUsedToMatch":true,"removed":true},{"id":"Última Atualização","displayName":"Última Atualização","required":false,"defaultMatch":false,"display":true,"type":"string","canBeUsedToMatch":true,"removed":true}],"attemptToConvertTypes":false,"convertFieldsToString":false},"options":{}},"type":"n8n-nodes-base.googleSheets","typeVersion":4.5,"position":[240,680],"id":"747a6230-0ee7-4df3-aa80-8a1dac9c3bdd","name":"Google Sheets5","credentials":{"googleSheetsOAuth2Api":{"id":"sFtSa2h1fvmHuTqX","name":"rolimvictorhugo@gmail.com"}}},{"parameters":{"documentId":{"__rl":true,"value":"19_iDJIRNjqtTWtaiiEIQRkX9JMA1CSChkP-A9zzOHws","mode":"list","cachedResultName":"Estoque_Floricultura","cachedResultUrl":"https://docs.google.com/spreadsheets/d/19_iDJIRNjqtTWtaiiEIQRkX9JMA1CSChkP-A9zzOHws/edit?usp=drivesdk"},"sheetName":{"__rl":true,"value":"gid=0","mode":"list","cachedResultName":"Página1","cachedResultUrl":"https://docs.google.com/spreadsheets/d/19_iDJIRNjqtTWtaiiEIQRkX9JMA1CSChkP-A9zzOHws/edit#gid=0"},"filtersUI":{"values":[{"lookupColumn":"Produto","lookupValue":"={{ $('Google Sheets4').item.json.Produto }}"}]},"options":{}},"type":"n8n-nodes-base.googleSheets","typeVersion":4.5,"position":[720,460],"id":"a350d9fc-f75d-4155-a84e-b699ffbfd6a5","name":"Google Sheets6","credentials":{"googleSheetsOAuth2Api":{"id":"sFtSa2h1fvmHuTqX","name":"rolimvictorhugo@gmail.com"}}},{"parameters":{"jsCode":"// Ordena os itens pelo número da linha, se existir\nitems.sort((a, b) => (a.json.row_number || 0) - (b.json.row_number || 0));\n\n// Retorna o último item (maior row_number)\nreturn [items[items.length - 1]];\n"},"type":"n8n-nodes-base.code","typeVersion":2,"position":[240,460],"id":"c0baf2d3-c7b0-4ea1-9ecc-024cb4af8aeb","name":"Code8"},{"parameters":{"jsCode":"return items.map(item => {\n  let telefone = item.json.Telefone;\n\n  if (telefone && typeof telefone === 'string') {\n    // Remove @ em diante\n    telefone = telefone.split('@')[0];\n    // Remove o prefixo 55 se estiver no início\n    if (telefone.startsWith('55')) {\n      telefone = telefone.slice(2);\n    }\n    item.json.Telefone = telefone;\n  }\n\n  return item;\n});\n"},"type":"n8n-nodes-base.code","typeVersion":2,"position":[480,460],"id":"060f2d30-c360-40ce-881a-c5a6245e3027","name":"Code9"},{"parameters":{"resource":"messages-api","instanceName":"GLPI","remoteJid":"5551998416987","messageText":"=🔔 Pagamento via PIX Recebido! – TIPO: TELEENTREGA\n\nO cliente {{ $('Code8').item.json[\"Nome \"] }} acaba de realizar o pagamento via PIX referente ao produto {{ $('Code8').item.json.Produto }}.\n\n📦 Detalhes do Pedido – Teleentrega\n\n🧍 Cliente: {{ $('Google Sheets4').item.json[\"Nome \"] }}\n📦 Produto: {{ $('Google Sheets4').item.json.Produto }}\n📅 Data da Entrega: {{ $('Code8').item.json[\"Data da Retirada\"] }}\n⏰ Horário da Entrega: {{ $('Code8').item.json[\"Horario da Retirada \"] }}\n📍 Endereço para Entrega: {{ $('Code8').item.json.Endereço }}\n📞 Telefone para Contato: {{ $('Code9').item.json.Telefone }}\n📦 Quantidade Vendida: {{ $('Code7').item.json.QuantidadeVendida }}\n\n🔍 Verifique se o pagamento foi realmente recebido.\n⚠️ Caso haja qualquer divergência ou problema, entre em contato com o cliente imediatamente.\n✅ Se estiver tudo certo, separe o pedido com carinho e atenção e prepare-se para a entrega no horário combinado.\n\n","options_message":{}},"type":"n8n-nodes-evolution-api.evolutionApi","typeVersion":1,"position":[460,680],"id":"69750d5e-2d5e-4851-b105-c44555b83752","name":"Evolution API5","credentials":{"evolutionApi":{"id":"08ttur0tAMHqYQhL","name":"GLPI"}}},{"parameters":{"resource":"messages-api","instanceName":"GLPI","remoteJid":"=55{{ $('Code9').item.json.Telefone }}","messageText":"=🌸 Olá {{ $('Google Sheets4').item.json[\"Nome \"] }}, tudo bem?\n\nRecebemos com sucesso seu pagamento via PIX referente a **{{ $('Code7').item.json.QuantidadeVendida }} unidade(s) de “{{ $('Google Sheets4').item.json.Produto }}”**!  \n\n**Seu pedido está confirmado para retirada em:**  \n🗓️ Data: {{ $('Code8').item.json[\"Data da Retirada\"] }}  \n⏰ Horário: {{ $('Code8').item.json[\"Horario da Retirada \"] }}  \n\nEm caso de dúvidas ou alterações, entraremos em contato pelo telefone **{{ $('Code9').item.json.Telefone }}**.  \n\nMuito obrigada pela preferência! Estamos preparando seu pedido com todo carinho 💐  \n","options_message":{}},"type":"n8n-nodes-evolution-api.evolutionApi","typeVersion":1,"position":[720,680],"id":"275c4687-fa47-4d6a-9d00-9b2a8d0a90ea","name":"Evolution API6","credentials":{"evolutionApi":{"id":"08ttur0tAMHqYQhL","name":"GLPI"}}},{"parameters":{"content":"CONFIRMAÇÂO DO PAGAMENTO VIA PIX TELEENTREGA","height":460,"width":1440,"color":2},"type":"n8n-nodes-base.stickyNote","typeVersion":1,"position":[-100,400],"id":"c929f362-1e85-494f-b7a6-f2549f01365c","name":"Sticky Note6"},{"parameters":{"workflowInputs":{"values":[{"name":"price"},{"name":"title"},{"name":"nome"},{"name":"Telefone"},{"name":"Produto"},{"name":"Endereço"},{"name":"Data da Retirada"},{"name":"Horario da Retirada"},{"name":"TIPO"}]}},"type":"n8n-nodes-base.executeWorkflowTrigger","typeVersion":1.1,"position":[-800,280],"id":"26abd509-878a-46c8-b5c8-77eed0d042d4","name":"When Executed by Another Workflow"},{"parameters":{"conditions":{"options":{"caseSensitive":true,"leftValue":"","typeValidation":"strict","version":2},"conditions":[{"id":"9275eea7-7605-45fc-b1a1-14b78087af55","leftValue":"Retirada","rightValue":"={{ $json.TIPO }}","operator":{"type":"string","operation":"equals","name":"filter.operator.equals"}},{"id":"12c74aac-8ff1-4536-a219-272a52a26b90","leftValue":"Teleentrega","rightValue":"={{ $json.TIPO }}","operator":{"type":"string","operation":"equals","name":"filter.operator.equals"}}],"combinator":"or"},"options":{}},"type":"n8n-nodes-base.if","typeVersion":2.2,"position":[-520,280],"id":"68d82395-95ec-4af8-85bb-5a7845e5ea35","name":"If"}],"connections":{"Google Sheets":{"main":[[{"node":"Code3","type":"main","index":0}]]},"Code1":{"main":[[{"node":"Edit Fields1","type":"main","index":0}]]},"Code2":{"main":[[{"node":"Google Sheets2","type":"main","index":0}]]},"Edit Fields1":{"main":[[{"node":"Code2","type":"main","index":0}]]},"Google Sheets2":{"main":[[{"node":"Evolution API3","type":"main","index":0}]]},"Google Sheets1":{"main":[[{"node":"Code1","type":"main","index":0}]]},"Code3":{"main":[[{"node":"Code4","type":"main","index":0}]]},"Code4":{"main":[[{"node":"Google Sheets1","type":"main","index":0}]]},"Evolution API3":{"main":[[{"node":"Evolution API4","type":"main","index":0}]]},"Google Sheets4":{"main":[[{"node":"Code8","type":"main","index":0}]]},"Code6":{"main":[[{"node":"Edit Fields2","type":"main","index":0}]]},"Code7":{"main":[[{"node":"Google Sheets5","type":"main","index":0}]]},"Edit Fields2":{"main":[[{"node":"Code7","type":"main","index":0}]]},"Google Sheets5":{"main":[[{"node":"Evolution API5","type":"main","index":0}]]},"Google Sheets6":{"main":[[{"node":"Code6","type":"main","index":0}]]},"Code8":{"main":[[{"node":"Code9","type":"main","index":0}]]},"Code9":{"main":[[{"node":"Google Sheets6","type":"main","index":0}]]},"Evolution API5":{"main":[[{"node":"Evolution API6","type":"main","index":0}]]},"When Executed by Another Workflow":{"main":[[{"node":"If","type":"main","index":0}]]},"If":{"main":[[{"node":"Google Sheets","type":"main","index":0}],[{"node":"Google Sheets4","type":"main","index":0}]]}},"settings":{"executionOrder":"v1"},"staticData":null,"meta":null,"pinData":{},"versionId":"fc647efe-3a9c-4e82-b8f6-cd7e8cf059ca","triggerCount":0,"tags":[]}

