{"createdAt":"2025-04-14T16:58:27.781Z","updatedAt":"2025-06-10T17:46:58.394Z","id":"hsx8H29qsLsagfJA","name":"ENVIA NOTIFICAÇÂO 1 HORA ANTES PARA O PACIENTE 3º BSUP","active":false,"isArchived":false,"nodes":[{"parameters":{"url":"https://evolutionapi.automatech.tech/group/fetchAllGroups/Botsaude","sendQuery":true,"queryParameters":{"parameters":[{"name":"getParticipants","value":"false"}]},"sendHeaders":true,"headerParameters":{"parameters":[{"name":"apikey","value":"DD91D49433AF-416A-AD50-315D960D8207"}]},"options":{}},"type":"n8n-nodes-base.httpRequest","typeVersion":4.2,"position":[-160,-960],"id":"b0754847-703a-433d-b7f2-c5cf80f32060","name":"HTTP Request"},{"parameters":{"jsCode":"const eventos = items.map(item => item.json);\nconst staticData = $getWorkflowStaticData(\"global\");\n\n// Garante lista de eventos enviados (persistente)\nif (!staticData.sentEventIds) staticData.sentEventIds = [];\n\nlet maisRecente = null;\nlet menorDiferenca = Infinity;\n\nfor (const evento of eventos) {\n  const dataInicio = new Date(evento.start.dateTime).getTime();\n  const agora = new Date().getTime();\n  const diffMin = (dataInicio - agora) / 60000;\n\n  if (diffMin <= 60 && diffMin > 0 && diffMin < menorDiferenca) {\n    menorDiferenca = diffMin;\n    maisRecente = evento;\n  }\n}\n\nif (!maisRecente) {\n  return []; // Sem evento em até 1h\n}\n\n// SE JÁ FOI ENVIADO, NÃO ENVIA MAIS\nif (staticData.sentEventIds.includes(maisRecente.id)) {\n  return [];\n}\n\n// SE NÃO FOI ENVIADO, marca como ENVIADO e ENVIA\nstaticData.sentEventIds.push(maisRecente.id); // marca como já enviado\n\n// OPCIONAL: Limpa IDs antigos para não gravar pra sempre\nconst agora = new Date().getTime();\nstaticData.sentEventIds = staticData.sentEventIds.filter(idEvento => {\n  const evento = eventos.find(ev => ev.id === idEvento);\n  if (!evento) return false;\n  const dataFim = new Date(evento.end.dateTime).getTime();\n  return dataFim > agora - 3 * 24 * 60 * 60 * 1000; // mantem só eventos dos últimos 3 dias\n});\n\n// Trata saída\nconst partes = maisRecente.summary.split(\"-\");\nreturn [\n  {\n    json: {\n      \"id\": maisRecente.id,\n      \"🎖️ Graduação\": partes[0] || \"Não informado\",\n      \"👤 Nome\": partes[1] || \"Não informado\",\n      \"🏢 Seção\": partes[2] || \"Não informado\",\n      \"📞 Telefone\": partes[3] || \"Não informado\",\n      \"📛 Evento\": maisRecente.summary || \"Sem título\",\n      \"🕐 Início\": formatarData(maisRecente.start.dateTime),\n      \"⏰ Fim\": formatarData(maisRecente.end.dateTime),\n      \"📝 Descrição\": maisRecente.description || \"Sem descrição\",\n      \"🔗 Link\": maisRecente.htmlLink || \"Sem link\"\n    }\n  }\n];\n\nfunction formatarData(dataStr) {\n  const data = new Date(dataStr);\n  return data.toLocaleString(\"pt-BR\", { timeZone: \"America/Sao_Paulo\" });\n}"},"type":"n8n-nodes-base.code","typeVersion":2,"position":[-120,-580],"id":"51ddb0b2-5ce7-4b19-ab06-4db5710cd753","name":"TRATA O ENVIO","alwaysOutputData":true},{"parameters":{"method":"POST","url":"https://evolutionapi.automatech.tech/message/sendText/Botsaude","sendHeaders":true,"headerParameters":{"parameters":[{"name":"apikey","value":"DD91D49433AF-416A-AD50-315D960D8207"}]},"sendBody":true,"bodyParameters":{"parameters":[{"name":"number","value":"=55{{ $json[\"📞 Telefone\"] }}"},{"name":"text","value":"=📣 Aviso da Seção de Saúde do 3º Batalhão de Suprimento\n\n📅 Você tem uma consulta agendada para daqui 1 hora!\nConfira os detalhes abaixo:\n\n👤 Nome: {{ $json['👤 Nome'] }}\n🏢 Seção: {{ $json['🏢 Seção'] }}\n📞 Telefone: {{ $json['📞 Telefone'] }}\n🩺 Descrição: {{ $json['📝 Descrição'] }}\n📅 Início: {{ $json['🕐 Início'] }}\n🔗 Link do Evento: [Acessar evento]({{ $json['🔗 Link'] }})\n\n⚠️ Chegue com antecedência e, se não puder comparecer, avise a equipe médica."}]},"options":{"allowUnauthorizedCerts":true,"redirect":{"redirect":{}}}},"id":"1c744b73-fa6e-47df-9782-69adddcfc217","name":"EVIA PARA O GRUPO","type":"n8n-nodes-base.httpRequest","typeVersion":4.2,"position":[420,-660]},{"parameters":{"operation":"getAll","calendar":{"__rl":true,"value":"secsau.3bsupr@gmail.com","mode":"id"},"options":{}},"type":"n8n-nodes-base.googleCalendar","typeVersion":1.3,"position":[-360,-580],"id":"4e718cd2-2ef7-4beb-b365-c0586666045f","name":"Google Calendar","credentials":{"googleCalendarOAuth2Api":{"id":"bY9dPYnTrlBCv2GD","name":"CALENDARIO SAUDE"}}},{"parameters":{"rule":{"interval":[{"field":"minutes"}]}},"type":"n8n-nodes-base.scheduleTrigger","typeVersion":1.2,"position":[-760,-580],"id":"2f8d24d1-325f-4626-b012-e217e2e19d56","name":"Schedule Trigger"},{"parameters":{"conditions":{"options":{"caseSensitive":true,"leftValue":"","typeValidation":"strict","version":2},"conditions":[{"id":"5f6cf352-71fe-4e75-8ad6-01ae51ab6133","leftValue":"={{ $json['👤 Nome'] }}","rightValue":"","operator":{"type":"string","operation":"exists","singleValue":true}}],"combinator":"and"},"options":{}},"type":"n8n-nodes-base.if","typeVersion":2.2,"position":[100,-580],"id":"a4aac1b7-0a4f-49fb-ab37-9c8fb0e2294e","name":"If"},{"parameters":{"operation":"addToDate","magnitude":"={{$now}}","options":{}},"type":"n8n-nodes-base.dateTime","typeVersion":2,"position":[-560,-580],"id":"35a925a1-4856-4424-afde-48f0ded27a4d","name":"Date & Time"}],"connections":{"TRATA O ENVIO":{"main":[[{"node":"If","type":"main","index":0}]]},"EVIA PARA O GRUPO":{"main":[[]]},"Google Calendar":{"main":[[{"node":"TRATA O ENVIO","type":"main","index":0}]]},"Schedule Trigger":{"main":[[{"node":"Date & Time","type":"main","index":0}]]},"If":{"main":[[{"node":"EVIA PARA O GRUPO","type":"main","index":0}],[]]},"Date & Time":{"main":[[{"node":"Google Calendar","type":"main","index":0}]]}},"settings":{"executionOrder":"v1"},"staticData":{"node:Gmail Trigger":{"Gmail Trigger":{"lastTimeChecked":1744233122,"possibleDuplicates":["1961c655526e2f7a","1961c63830471496"]}},"node:COLETA DO GMAIL":{"COLETA DO GMAIL":{"lastTimeChecked":1744649522,"possibleDuplicates":["196353718724d223","196352699ac60b46"]}},"node:Schedule Trigger":{"recurrenceRules":[]},"global":{"lastSentEventId":"9bvlm13o1p4unknu5vfsu21gvk","sentEventIds":["crsikh2gqed4k7ou7r7dudfvo8","lbchudrriet8f5lmcn6qob2u7c","0mq2dcvol7f512vpe2bmom6llg"]}},"meta":{"templateCredsSetupCompleted":true},"pinData":{},"versionId":"12d00881-0be4-4f55-8987-3857cd0d398e","triggerCount":1,"tags":[{"createdAt":"2025-04-18T04:29:01.436Z","updatedAt":"2025-04-18T04:29:01.436Z","id":"O8dsWJpFE2QmJmpS","name":"EM PRODUÇÂO"}]}

