{"createdAt":"2025-06-30T01:58:16.508Z","updatedAt":"2025-07-16T02:31:40.223Z","id":"JeLw1gbb42szqllD","name":"My workflow 42","active":false,"isArchived":true,"nodes":[{"parameters":{},"type":"n8n-nodes-base.manualTrigger","typeVersion":1,"position":[-280,-40],"id":"8b6850e9-877f-4189-ab0e-6806dbe3d16a","name":"When clicking ‘Execute workflow’"},{"parameters":{"resource":"Actors","operation":"Run actor synchronously with input and get dataset items","actorId":{"__rl":true,"value":"shu8hvrXbJbY3Eb9W","mode":"list","cachedResultName":"instagram-scraper","cachedResultUrl":"https://console.apify.com/actors/undefined/input"},"build":"","webhooks":"","desc":false,"attachment":false,"skipHeaderRow":false,"useCustomBody":true,"customBody":"{\n  \"hashtag\": \"flamengo\",\n  \"resultsLimit\": 20\n}\n","requestOptions":{}},"type":"n8n-nodes-apify.apify","typeVersion":1,"position":[520,60],"id":"f35e5312-0ef7-4a87-aec4-1490291ca66a","name":"Run actor synchronously with input and get dataset items1","credentials":{"apifyApi":{"id":"BYPN1DDGy1AnHVQB","name":"Apify victor"}}},{"parameters":{"resource":"Actors","operation":"Run actor synchronously with input and get dataset items","actorId":"instagram-scraper","webhooks":"","desc":false,"attachment":false,"skipHeaderRow":false,"useCustomBody":true,"customBody":"{\n  \"hashtag\": \"floricultura\",\n  \"resultsLimit\": 10\n}","requestOptions":{}},"type":"n8n-nodes-apify.apify","typeVersion":1,"position":[20,-40],"id":"3f147eb7-ab34-4985-bea4-bd28b3e3e7dc","name":"Run Instagram Scraper","credentials":{"apifyApi":{"id":"BYPN1DDGy1AnHVQB","name":"Apify victor"}}}],"connections":{"When clicking ‘Execute workflow’":{"main":[[{"node":"Run Instagram Scraper","type":"main","index":0}]]}},"settings":{"executionOrder":"v1"},"staticData":null,"meta":{"templateCredsSetupCompleted":true},"pinData":{},"versionId":"20a15af6-28cf-4efe-a330-a55dfc826462","triggerCount":0,"tags":[]}

