{"createdAt":"2025-06-21T23:39:09.831Z","updatedAt":"2025-06-21T23:42:39.513Z","id":"YhvpfuagNK3Woe1E","name":"My Sub-Workflow 2","active":false,"isArchived":true,"nodes":[{"id":"c055762a-8fe7-4141-a639-df2372f30060","typeVersion":1.1,"name":"When Executed by Another Workflow","type":"n8n-nodes-base.executeWorkflowTrigger","position":[260,340],"parameters":{}},{"id":"b5942df6-0160-4ef7-965d-57583acdc8aa","name":"Replace me with your logic","type":"n8n-nodes-base.noOp","position":[520,340],"parameters":{}}],"connections":{"When Executed by Another Workflow":{"main":[[{"node":"Replace me with your logic","type":"main","index":0}]]}},"settings":{"executionOrder":"v1"},"staticData":null,"meta":null,"pinData":{},"versionId":"fad71ac3-0098-40da-8455-ad2f2063afd4","triggerCount":0,"tags":[]}

