{"createdAt":"2025-04-05T19:35:38.484Z","updatedAt":"2025-05-28T02:44:07.934Z","id":"CZHBpByWQES5qaDg","name":"ZABBIX TELEGRAM WATTS","active":false,"isArchived":false,"nodes":[{"parameters":{"updates":["message"],"additionalFields":{}},"type":"n8n-nodes-base.telegramTrigger","typeVersion":1.1,"position":[-1540,-320],"id":"6c724641-26a5-4594-ae50-e00903801f94","name":"Telegram Trigger","webhookId":"75291542-78ac-4375-98cb-48076533a108","credentials":{"telegramApi":{"id":"SjCpIyhpUzBzY7Jk","name":"zabbix_notificações"}}},{"parameters":{"method":"POST","url":"https://evolutionapi.automatech.tech/message/sendText/victor","sendHeaders":true,"headerParameters":{"parameters":[{"name":"apikey","value":"A6CF21C96EE5-4FEE-BF6A-D52361FDBEE3"}]},"sendBody":true,"bodyParameters":{"parameters":[{"name":"number","value":"=120363417487254825@g.us"},{"name":"text","value":"={{ $json.text }}"}]},"options":{"allowUnauthorizedCerts":true,"redirect":{"redirect":{}}}},"id":"a75f62a9-d1be-4d38-9229-6e2ca38cdd8d","name":"HTTP Request2","type":"n8n-nodes-base.httpRequest","typeVersion":4.2,"position":[-800,-320]},{"parameters":{"jsCode":"const inputText = $json[\"message\"]?.[\"text\"] || \"\";\n\nif (!inputText) {\n  throw new Error(\"Texto de entrada está vazio ou não foi encontrado.\");\n}\n\nconsole.log(\"Texto recebido:\", inputText); // Debug\n\n// Expressão regular revisada para capturar incidentes e resoluções corretamente\nconst regex = /(?:(Resolved in)\\s*(.*?):\\s*(.*?)\\n.*?at\\s*(.*?)\\s*on\\s*(.*?)\\n|Problem started at\\s*(.*?)\\s*on\\s*(.*?)\\n)Problem name:\\s*(.*?)\\nHost:\\s*(.*?)\\nSeverity:\\s*(.*?)\\nOriginal problem ID:\\s*(\\d+)/;\n\nconst match = inputText.match(regex);\n\nif (!match) {\n  throw new Error(\"Texto não está no formato esperado.\");\n}\n\n// Função para evitar erro ao chamar `.trim()` em valores `undefined`\nconst safeTrim = (value) => (typeof value === \"string\" ? value.trim() : \"N/A\");\n\n// Verifica se é um alerta ou resolução\nconst isResolved = Boolean(match[1]);\n\n// Ajuste para pegar corretamente o tempo de resolução\nconst resolutionTime = isResolved ? `⏳ *Tempo de resolução:* ${safeTrim(match[2])}` : \"\";\nconst resolvedAt = isResolved\n  ? `📅 *Resolvido em:* ${safeTrim(match[5])} às ${safeTrim(match[4])}`\n  : `📅 *Detectado em:* ${safeTrim(match[7])} às ${safeTrim(match[6])}`;\nconst problemName = `⚠️ *Problema:* ${safeTrim(match[8])}`;\nconst host = `🖥️ *Host:* ${safeTrim(match[9])}`;\nconst severity = `🔥 *Gravidade:* ${safeTrim(match[10])}`;\nconst problemId = `🆔 *ID do Problema:* ${safeTrim(match[11])}`;\nconst statusText = isResolved ? \"✅ *Problema Resolvido*\" : \"🚨 *Novo Alerta de Incidente*\";\n\n// Construção da mensagem formatada\nconst formattedText = `\n${statusText}\n\n${resolutionTime}\n${problemName}\n${resolvedAt}\n${host}\n${severity}\n${problemId}\n`.trim();\n\nreturn [\n  {\n    json: {\n      text: formattedText // Retorna uma string formatada corretamente\n    }\n  }\n];\n"},"type":"n8n-nodes-base.code","typeVersion":2,"position":[-1180,-320],"id":"1d081274-e6ac-4ac9-a455-39e050af67cb","name":"Code"}],"connections":{"Telegram Trigger":{"main":[[{"node":"Code","type":"main","index":0}]]},"Code":{"main":[[{"node":"HTTP Request2","type":"main","index":0}]]}},"settings":{"executionOrder":"v1"},"staticData":null,"meta":{"templateCredsSetupCompleted":true},"pinData":{},"versionId":"eb2e5cad-d0c5-4b9f-9f4e-747878a05608","triggerCount":1,"tags":[{"createdAt":"2025-04-18T04:29:01.436Z","updatedAt":"2025-04-18T04:29:01.436Z","id":"O8dsWJpFE2QmJmpS","name":"EM PRODUÇÂO"}]}

