{"createdAt":"2025-05-17T18:58:24.460Z","updatedAt":"2025-07-18T03:04:36.590Z","id":"tEhI57wHDyIBz7uq","name":"Pagamento_PIX","active":false,"isArchived":true,"nodes":[{"parameters":{"method":"POST","url":"https://api.mercadopago.com/v1/payments","sendHeaders":true,"specifyHeaders":"json","jsonHeaders":"={\n  \"Authorization\": \"Bearer [REDACTED]\",\n  \"Content-Type\": \"application/json\",\n  \"X-Idempotency-Key\": {{ $('Code').item.json.idempotency }}\n}","sendBody":true,"specifyBody":"json","jsonBody":"={\n  \"transaction_amount\": {{ Number($('Pagamento_PIX').item.json.price) }},\n  \"description\": \"{{ $('Pagamento_PIX').item.json.Produto }} - Floricultura São José\",\n  \"payment_method_id\": \"pix\",\n  \"payer\": {\n    \"first_name\": \"{{ $('Pagamento_PIX').item.json.nome.split(' ')[0] }}\",\n    \"last_name\": \"{{ $('Pagamento_PIX').item.json.nome.split(' ').slice(1).join(' ') }}\",\n    \"email\": \"rolimvictorhugo@gmail.com\"\n  }\n}\n","options":{}},"type":"n8n-nodes-base.httpRequest","typeVersion":4.2,"position":[-620,140],"id":"590ff334-0b8d-4e99-9d7b-b459a345117d","name":"HTTP Request"},{"parameters":{"jsCode":"const now = new Date();\nconst key = now.toISOString().replace(/[-:TZ.]/g, '').slice(0, 17);\nreturn [{ json: { idempotency: key } }];\n"},"type":"n8n-nodes-base.code","typeVersion":2,"position":[-500,-80],"id":"7c3acb00-84e7-40da-bda6-9b5935a8d562","name":"Code"},{"parameters":{"assignments":{"assignments":[{"id":"3f92b485-6411-4a0d-b28f-0444a7cda5c0","name":"=mensagem","value":"=🌸 Olá! Segue o link para pagamento da sua compra. Escolha como quer pagar: PIX 💸, cartão de débito 💳, crédito 💳 ou boleto 🧾.\n{{ $json.init_point }}","type":"string"}]},"options":{}},"type":"n8n-nodes-base.set","typeVersion":3.4,"position":[240,-80],"id":"b2e13954-af80-4df2-a036-d976401f880d","name":"Edit Fields","alwaysOutputData":true},{"parameters":{"jsCode":"// Exemplo de código para extrair chave PIX e montar mensagem\nconst payment = $json[\"point_of_interaction\"]?.transaction_data;\n\nconst chavePix = payment?.qr_code; // chave PIX que o Mercado Pago fornece\nconst valor = $json[\"transaction_amount\"];\nconst produto = $json[\"description\"];\n\nreturn [{\n  json: {\n    mensagem: `Olá! Para pagar seu pedido, use a chave PIX: ${chavePix}\\nProduto: ${produto}\\nValor total: R$ ${valor.toFixed(2)}`\n  }\n}];\n"},"type":"n8n-nodes-base.code","typeVersion":2,"position":[100,-320],"id":"80a41cc4-0338-4422-9af8-2c68dfdd51bf","name":"Code1"},{"parameters":{"tableId":"CLIENTES","fieldsUi":{"fieldValues":[{"fieldId":"nome","fieldValue":"={{ $('Pagamento_PIX').item.json.nome }}"},{"fieldId":"telefone","fieldValue":"={{ $('Pagamento_PIX').item.json.Telefone }}"},{"fieldId":"endereço","fieldValue":"={{ $('Pagamento_PIX').item.json[\"Endereço\"] }}"},{"fieldId":"preco","fieldValue":"={{ $('Pagamento_PIX').item.json.price }}"},{"fieldId":"produto","fieldValue":"={{ $('Pagamento_PIX').item.json.Produto }}"},{"fieldId":"Data da Retirada","fieldValue":"={{ $('Pagamento_PIX').item.json[\"Data da Retirada\"] }}"},{"fieldId":"horario","fieldValue":"={{ $('Pagamento_PIX').item.json[\"Horario da Retirada\"] }}"},{"fieldId":"TIPO","fieldValue":"={{ $('Pagamento_PIX').item.json.TIPO }}"},{"fieldId":"Quantidade","fieldValue":"={{ $('Pagamento_PIX').item.json.Quantidade }}"}]}},"type":"n8n-nodes-base.supabase","typeVersion":1,"position":[-260,-80],"id":"3996ff6c-459a-42eb-85ef-34666e2e7e08","name":"Supabase","credentials":{"supabaseApi":{"id":"G9KBchsZQ2g5jOab","name":"Supabase Cloud"}}},{"parameters":{"method":"POST","url":"https://api.mercadopago.com/checkout/preferences","sendHeaders":true,"headerParameters":{"parameters":[{"name":"Authorization","value":"Bearer [REDACTED]"}]},"sendBody":true,"specifyBody":"json","jsonBody":"={\n  \"items\": [\n    {\n      \"title\": \"{{ $('Pagamento_PIX').item.json.Produto }}\",\n      \"quantity\": {{ $('Pagamento_PIX').item.json.Quantidade }},\n      \"unit_price\": 1\n    }\n  ],\n  \"payer\": {\n    \"name\": \"{{ $('Pagamento_PIX').item.json.nome }}\",\n    \"email\": \"{{ $('Pagamento_PIX').item.json.email || `cliente_${$('Pagamento_PIX').item.json.telefone.replace(/\\\\D/g, '')}@cliente.com` }}\"\n  },\n  \"back_urls\": {\n    \"success\": \"https://sua-loja.com/sucesso\",\n    \"failure\": \"https://sua-loja.com/erro\",\n    \"pending\": \"https://sua-loja.com/pendente\"\n  },\n  \"auto_return\": \"approved\",\n  \"external_reference\": \"{{ $('Pagamento_PIX').item.json.TIPO }}\",\n  \"metadata\": {\n    \"tipo\": \"{{ $('Pagamento_PIX').item.json.TIPO }}\",\n    \"endereco\": \"{{ $('Pagamento_PIX').item.json['Endereço'] }}\",\n    \"data\": \"{{ $('Pagamento_PIX').item.json['Data da Retirada'] }}\",\n    \"horario\": \"{{ $('Pagamento_PIX').item.json['Horario da Retirada'] }}\",\n    \"Telefone\": \"{{ $json.telefone }}\"\n  }\n}\n","options":{}},"id":"f6534cd1-5948-462a-9bd4-421260919124","name":"Create link cartão","type":"n8n-nodes-base.httpRequest","position":[-20,-80],"typeVersion":4.1,"alwaysOutputData":true}],"connections":{"Code":{"main":[[{"node":"Supabase","type":"main","index":0}]]},"HTTP Request":{"main":[[]]},"Code1":{"main":[[]]},"Supabase":{"main":[[{"node":"Create link cartão","type":"main","index":0}]]},"Create link cartão":{"main":[[{"node":"Edit Fields","type":"main","index":0}]]}},"settings":{"executionOrder":"v1"},"staticData":null,"meta":{"templateCredsSetupCompleted":true},"pinData":{},"versionId":"afc6d4b3-fdea-4a0a-ab6d-ed76bcc3eee3","triggerCount":1,"tags":[]}

