{"createdAt":"2025-02-15T00:37:42.408Z","updatedAt":"2025-04-13T07:11:10.827Z","id":"oCmYokzOYpqsoUc3","name":"AUTOMAÇÂO DE BOAS VINDAS AO GRUPO","active":false,"isArchived":false,"nodes":[{"parameters":{"conditions":{"options":{"caseSensitive":true,"leftValue":"","typeValidation":"strict","version":2},"conditions":[{"id":"5718f177-3226-47c0-b8d0-5592c8173da2","leftValue":"={{ $json.body.data.id }}","rightValue":"120363351867262615@g.us","operator":{"type":"string","operation":"equals","name":"filter.operator.equals"}}],"combinator":"or"},"options":{}},"id":"188af8e2-67ee-448a-890b-f68503c0f1fe","name":"Filter","type":"n8n-nodes-base.filter","typeVersion":2.2,"position":[40,260]},{"parameters":{"method":"POST","url":"https://evolution-api.solazius.cloud/message/sendText/Anderson","sendHeaders":true,"headerParameters":{"parameters":[{"name":"apikey","value":"37FD31720E92-4CAA-8D27-2AEE4AB191EC"}]},"sendBody":true,"bodyParameters":{"parameters":[{"name":"number","value":"={{ $json.body.data.participants[0] }}"},{"name":"text","value":"=Opa, passando pra dar as boas-vindas à comunidade! Se precisar de algo ou tiver qualquer dúvida, é só chamar aqui. Tamo junto! 🚀"}]},"options":{"allowUnauthorizedCerts":true,"redirect":{"redirect":{}}}},"id":"eb9ba4e3-4a5c-4d14-94e5-9ed93f9cbe8f","name":"HTTP Request","type":"n8n-nodes-base.httpRequest","typeVersion":4.2,"position":[720,260]},{"parameters":{"httpMethod":"POST","path":"6a12863c-f598-4d7b-925c-6666a647ee50","options":{}},"id":"8498799d-8a83-40bc-aa9e-5d82f1235e9e","name":"Webhook","type":"n8n-nodes-base.webhook","typeVersion":2,"position":[-160,260],"webhookId":"cffa2ff1-9605-4aa7-8252-ffb36b05c96b"},{"parameters":{"conditions":{"options":{"caseSensitive":true,"leftValue":"","typeValidation":"strict","version":2},"conditions":[{"id":"e5d12799-c439-44b7-bb5d-cf3163b00baa","leftValue":"={{ $json.body.data.action }}","rightValue":"add","operator":{"type":"string","operation":"equals","name":"filter.operator.equals"}}],"combinator":"and"},"options":{}},"type":"n8n-nodes-base.if","typeVersion":2.2,"position":[260,260],"id":"814b0c0d-54b7-44e2-9a06-aae9f62310ad","name":"If"},{"parameters":{"amount":1,"unit":"minutes"},"type":"n8n-nodes-base.wait","typeVersion":1.1,"position":[520,260],"id":"d4e30ac7-705e-4358-b25d-47c9275aa950","name":"Wait","webhookId":"f9929608-0400-482b-9833-fb893a470967"},{"parameters":{"content":"## AUTOMAÇÃO DE BOAS VINDAS AO GRUPO\n\n### Link do vídeo: https://www.youtube.com/watch?v=WO2MJoQqLvo\n### Instagram: https://www.instagram.com/oandersonadelino/\n\nby Anderson Adelino","width":700,"color":5},"type":"n8n-nodes-base.stickyNote","position":[0,0],"typeVersion":1,"id":"922fb4c5-a45a-4442-8fe1-29d9c0150e51","name":"Sticky Note"}],"connections":{"Filter":{"main":[[{"node":"If","type":"main","index":0}]]},"Webhook":{"main":[[{"node":"Filter","type":"main","index":0}]]},"If":{"main":[[{"node":"Wait","type":"main","index":0}]]},"Wait":{"main":[[{"node":"HTTP Request","type":"main","index":0}]]}},"settings":{"executionOrder":"v1"},"staticData":null,"meta":null,"pinData":{},"versionId":"3f259a06-a01c-4784-8441-a762964c2119","triggerCount":0,"tags":[]}

