{"createdAt":"2025-04-25T14:41:03.358Z","updatedAt":"2025-05-17T13:18:49.271Z","id":"MLV6FA7apnYTzkZi","name":"MCP_SUPABASE","active":false,"isArchived":false,"nodes":[{"parameters":{"path":"imagens"},"type":"@n8n/n8n-nodes-langchain.mcpTrigger","typeVersion":1,"position":[20,-180],"id":"1d3554e1-59be-4a73-a53b-47cb5e6d82dc","name":"MCP Server Trigger","webhookId":"291d7677-905e-4cf1-bc6b-85819f85b098"},{"parameters":{"tableId":"IMAGENS","fieldsUi":{"fieldValues":[{"fieldId":"link","fieldValue":"={{ /*n8n-auto-generated-fromAI-override*/ $fromAI('Field_Value', ``, 'string') }}"},{"fieldId":"produto","fieldValue":"={{ /*n8n-auto-generated-fromAI-override*/ $fromAI('Field_Value', ``, 'string') }}"},{"fieldId":"preço","fieldValue":"={{ /*n8n-auto-generated-fromAI-override*/ $fromAI('Field_Value', ``, 'string') }}"}]}},"type":"n8n-nodes-base.supabaseTool","typeVersion":1,"position":[-100,60],"id":"c6ab2297-fe04-46df-83d5-8a089e714055","name":"Supabase","credentials":{"supabaseApi":{"id":"G9KBchsZQ2g5jOab","name":"DADOS"}}},{"parameters":{"operation":"delete","tableId":"IMAGENS"},"type":"n8n-nodes-base.supabaseTool","typeVersion":1,"position":[20,80],"id":"deab1012-af3a-433f-882b-bd07e54ea33a","name":"Supabase1","credentials":{"supabaseApi":{"id":"G9KBchsZQ2g5jOab","name":"DADOS"}}},{"parameters":{"operation":"get","tableId":"IMAGENS"},"type":"n8n-nodes-base.supabaseTool","typeVersion":1,"position":[140,80],"id":"d696c312-d73c-4ec0-9610-922c3ece53f1","name":"Supabase2","credentials":{"supabaseApi":{"id":"G9KBchsZQ2g5jOab","name":"DADOS"}}},{"parameters":{"operation":"getAll","tableId":"IMAGENS","returnAll":true,"matchType":"allFilters"},"type":"n8n-nodes-base.supabaseTool","typeVersion":1,"position":[260,80],"id":"4b59f568-0799-4455-9e54-31547ff0a7d3","name":"Supabase3","credentials":{"supabaseApi":{"id":"G9KBchsZQ2g5jOab","name":"DADOS"}}},{"parameters":{"operation":"update","tableId":"IMAGENS","fieldsUi":{"fieldValues":[{"fieldId":"link","fieldValue":"={{ /*n8n-auto-generated-fromAI-override*/ $fromAI('Field_Value', ``, 'string') }}"},{"fieldId":"produto","fieldValue":"={{ /*n8n-auto-generated-fromAI-override*/ $fromAI('Field_Value', ``, 'string') }}"},{"fieldId":"preço","fieldValue":"={{ /*n8n-auto-generated-fromAI-override*/ $fromAI('Field_Value', ``, 'string') }}"}]}},"type":"n8n-nodes-base.supabaseTool","typeVersion":1,"position":[400,80],"id":"d522f565-917f-49a5-9f97-e2cbf3bb4a6c","name":"Supabase4","credentials":{"supabaseApi":{"id":"G9KBchsZQ2g5jOab","name":"DADOS"}}}],"connections":{"Supabase":{"ai_tool":[[{"node":"MCP Server Trigger","type":"ai_tool","index":0}]]},"Supabase1":{"ai_tool":[[{"node":"MCP Server Trigger","type":"ai_tool","index":0}]]},"Supabase2":{"ai_tool":[[{"node":"MCP Server Trigger","type":"ai_tool","index":0}]]},"Supabase3":{"ai_tool":[[{"node":"MCP Server Trigger","type":"ai_tool","index":0}]]},"Supabase4":{"ai_tool":[[{"node":"MCP Server Trigger","type":"ai_tool","index":0}]]}},"settings":{"executionOrder":"v1"},"staticData":null,"meta":{"templateCredsSetupCompleted":true},"pinData":{},"versionId":"e0cd97da-a96a-48a0-9980-aa5c482b2328","triggerCount":1,"tags":[]}

