{"createdAt":"2025-08-09T13:06:58.710Z","updatedAt":"2025-08-09T13:06:58.710Z","id":"aPpBHRuQoLbHmkqF","name":"My workflow 58","active":false,"isArchived":false,"nodes":[{"parameters":{},"type":"n8n-nodes-base.manualTrigger","typeVersion":1,"position":[-144,0],"id":"1da7749e-dab2-44e0-8f3d-41da3a63baf2","name":"When clicking ‘Execute workflow’"}],"connections":{},"settings":{"executionOrder":"v1"},"staticData":null,"meta":null,"pinData":{},"versionId":"95a19e0b-2828-4316-9441-31de125714ca","triggerCount":0,"tags":[]}

