{"createdAt":"2025-06-03T01:24:36.286Z","updatedAt":"2025-06-03T01:24:36.286Z","id":"fXREkAaIwoOwt9oa","name":"Enviar-DM","active":false,"isArchived":false,"nodes":[{"parameters":{"workflowInputs":{"values":[{"name":"idComentarioResp"},{"name":"textoRespDM"}]}},"type":"n8n-nodes-base.executeWorkflowTrigger","typeVersion":1.1,"position":[0,0],"id":"8251a7fc-d5a8-4cb8-9fa2-6eaa6ef46aba","name":"When Executed by Another Workflow"},{"parameters":{"method":"POST","url":"=https://graph.instagram.com/17841464078704852/messages","sendHeaders":true,"headerParameters":{"parameters":[{"name":"Authorization","value":"=Bearer [REDACTED]"}]},"sendBody":true,"specifyBody":"json","jsonBody":"={\n  \"recipient\": {\n    \"comment_id\": \"{{ $json.idComentarioResp }}\"\n  },\n  \"message\": {\n    \"text\": \"{{ $json.textoRespDM }}\"\n  }\n} ","options":{"response":{"response":{"fullResponse":true}}}},"id":"133908c9-a10c-408a-84ee-15d412167341","name":"Envia Msg no DM","type":"n8n-nodes-base.httpRequest","typeVersion":4.2,"position":[260,0]}],"connections":{"When Executed by Another Workflow":{"main":[[{"node":"Envia Msg no DM","type":"main","index":0}]]}},"settings":{"executionOrder":"v1"},"staticData":null,"meta":null,"pinData":{},"versionId":"c6474db2-e3c1-4ac7-b574-4f5ceb3defdd","triggerCount":0,"tags":[]}

