{"createdAt":"2025-06-03T01:17:59.459Z","updatedAt":"2025-06-03T01:17:59.459Z","id":"wfy721pQldYkqJYY","name":"Buscar-Comentarios","active":false,"isArchived":false,"nodes":[{"parameters":{"workflowInputs":{"values":[{"name":"idComentario"}]}},"id":"9b9e80a4-3536-4312-9e76-cb380727d65b","typeVersion":1.1,"name":"When Executed by Another Workflow","type":"n8n-nodes-base.executeWorkflowTrigger","position":[0,0]},{"parameters":{"url":"=https://graph.facebook.com/v20.0/{{ $json.idComentario }}?fields=comments%7Btext%2Cid%7D&access_token=SUBSTITUA-ESSE-TEXTO-PELO-SEU-TOKEN","options":{"response":{"response":{"fullResponse":true}}}},"id":"c25f682c-b219-42ba-ab52-d394a3525aec","name":"Criar container","type":"n8n-nodes-base.httpRequest","typeVersion":4.2,"position":[240,0]}],"connections":{"When Executed by Another Workflow":{"main":[[{"node":"Criar container","type":"main","index":0}]]}},"settings":{"executionOrder":"v1"},"staticData":null,"meta":null,"pinData":{},"versionId":"b85adefb-4f9c-4f09-9ac6-a8613b4a8ea6","triggerCount":0,"tags":[]}

