{"createdAt":"2025-04-05T20:20:40.304Z","updatedAt":"2025-04-14T04:40:54.176Z","id":"EtLl0R5ZdHoZ42g7","name":"COLETA ID GRUPOS","active":false,"isArchived":false,"nodes":[{"parameters":{"url":"https://evolutionapi.automatech.tech/group/fetchAllGroups/victor","sendQuery":true,"queryParameters":{"parameters":[{"name":"getParticipants","value":"false"}]},"sendHeaders":true,"headerParameters":{"parameters":[{"name":"apikey","value":"A6CF21C96EE5-4FEE-BF6A-D52361FDBEE3"}]},"options":{}},"type":"n8n-nodes-base.httpRequest","typeVersion":4.2,"position":[-260,-160],"id":"fdc3eed1-590f-4698-ac50-e53782cee377","name":"HTTP Request"}],"connections":{},"settings":{"executionOrder":"v1"},"staticData":null,"meta":null,"pinData":{},"versionId":"54d9d6f8-33d6-4d0f-8c7f-d13d25d84043","triggerCount":0,"tags":[]}

