{"createdAt":"2025-07-18T04:31:24.559Z","updatedAt":"2025-07-18T04:31:33.884Z","id":"M0sRx88T0jpK9o61","name":"PIX GERADO","active":false,"isArchived":false,"nodes":[{"parameters":{"httpMethod":"POST","path":"0e19cc92-8305-4b10-b34d-049e9604fa70","options":{}},"type":"n8n-nodes-base.webhook","typeVersion":2,"position":[-288,80],"id":"c07dac81-3e23-4e07-b568-9913a2f85e2f","name":"Webhook","webhookId":"0e19cc92-8305-4b10-b34d-049e9604fa70"},{"parameters":{"assignments":{"assignments":[{"id":"1b14744d-fd42-4c2b-b218-97ccf2b03b09","name":"nome","value":"={{ $json.body.Customer.first_name }}","type":"string"},{"id":"4839ca46-6329-4aa5-8832-91c82827fa0e","name":"telefone","value":"={{ $json.body.Customer.mobile }}","type":"string"},{"id":"313411d8-0fa6-44f8-a1cd-dc5d6eaab356","name":"chave_pix","value":"={{ $json.body.pix_code }}","type":"string"}]},"options":{}},"type":"n8n-nodes-base.set","typeVersion":3.4,"position":[-32,80],"id":"58058461-35ef-4738-9a91-be094ea721f4","name":"SET_VARIAVEIS"},{"parameters":{"resource":"messages-api","instanceName":"evolua-ia","remoteJid":"={{ $json.telefone }}","messageText":"=🚀 Oi {{ $json.nome }}, seu pedido foi gerado com sucesso e o PIX já está prontinho pra pagamento ✅","options_message":{}},"type":"n8n-nodes-evolution-api.evolutionApi","typeVersion":1,"position":[224,80],"id":"f387c6f7-4c92-4c7b-a41b-8c139679b51e","name":"Enviar texto","credentials":{"evolutionApi":{"id":"Jsa3dJJatpZBbdg9","name":"Victor"}}},{"parameters":{},"type":"n8n-nodes-base.wait","typeVersion":1.1,"position":[480,80],"id":"c57afe93-fdc9-4386-bf8d-2323bf317f53","name":"Wait","webhookId":"a6a39f27-5323-420c-9c20-2579dd8c0a04"},{"parameters":{"resource":"messages-api","instanceName":"evolua-ia","remoteJid":"={{ $('SET_VARIAVEIS').item.json.telefone }}","messageText":"=💡 Agora falta MUITO POUCO pra você colocar sua prospecção pra rodar no automático e começar a vender todos os dias.","options_message":{}},"type":"n8n-nodes-evolution-api.evolutionApi","typeVersion":1,"position":[720,80],"id":"4a587f7b-4bd0-4958-8afb-c360b435ff04","name":"Enviar texto1"},{"parameters":{},"type":"n8n-nodes-base.wait","typeVersion":1.1,"position":[944,80],"id":"79754712-551f-4b69-942b-39b2d4bb88b7","name":"Wait1","webhookId":"ec897aa8-824a-4fec-8fea-eed8f5f38462"},{"parameters":{"resource":"messages-api","instanceName":"evolua-ia","remoteJid":"={{ $('SET_VARIAVEIS').item.json.telefone }}","messageText":"=📦 Assim que o pagamento for confirmado, você já recebe:\n\n✅ Acesso imediato ao material\n✅ Template pronto\n✅ Meus bônus exclusivos\n✅ E a chance de começar HOJE sua operação","options_message":{}},"type":"n8n-nodes-evolution-api.evolutionApi","typeVersion":1,"position":[1152,80],"id":"6462ce73-2935-432c-9bdd-567e5c37d504","name":"Enviar texto2"},{"parameters":{"content":"# PIX GERADO","height":440,"width":1820,"color":4},"type":"n8n-nodes-base.stickyNote","typeVersion":1,"position":[-448,-112],"id":"b094a563-0a58-4059-9b55-6ef50d7c6a0e","name":"Sticky Note"}],"connections":{"Webhook":{"main":[[{"node":"SET_VARIAVEIS","type":"main","index":0}]]},"SET_VARIAVEIS":{"main":[[{"node":"Enviar texto","type":"main","index":0}]]},"Enviar texto":{"main":[[{"node":"Wait","type":"main","index":0}]]},"Wait":{"main":[[{"node":"Enviar texto1","type":"main","index":0}]]},"Enviar texto1":{"main":[[{"node":"Wait1","type":"main","index":0}]]},"Wait1":{"main":[[{"node":"Enviar texto2","type":"main","index":0}]]}},"settings":{"executionOrder":"v1"},"staticData":null,"meta":null,"pinData":{"Webhook":[{"json":{"headers":{"host": "[REDACTED]","user-agent":"axios/1.8.4","content-length":"1754","accept":"application/json, text/plain, */*","accept-encoding":"gzip, compress, deflate, br","content-type":"application/json","traceparent":"00-719be28ef0e4dbc286e71ed74880248a-66d1f4399346615e-01","x-forwarded-for":"34.95.238.190","x-forwarded-host":"webhook.iaevolua.com","x-forwarded-port":"443","x-forwarded-proto":"https","x-forwarded-server":"b5e1a08eeef5","x-real-ip":"34.95.238.190"},"params":{},"query":{"REDACTED_KEY": "[REDACTED]"},"body":{"order_id":"1e33bf7e-adb7-42c7-bed5-32df9b72e7d9","order_ref":"yh2cJGt","order_status":"waiting_payment","product_type":"club","payment_method":"pix","store_id":"Pxmg6dnKIte5q4o","REDACTED_KEY": "[REDACTED]","boleto_barcode":null,"boleto_expiry_date":null,"pix_code":"00020101021226770014BR.GOV.BCB.PIX2555api.itau/pix/qr/v2/7bb1a8a9-64e4-475d-8abf-ca02a7f3e2c55204000053039865802BR5906KIWIFY6015BALNEARIO CAMBO62070503***6304C4D7","pix_expiration":"30/06/2025 09:48","sale_type":"producer","created_at":"2025-06-29 09:48","updated_at":"2025-06-29 09:48","approved_date":null,"refunded_at":null,"webhook_event_type":"pix_created","Product":{"product_id":"997daed0-52e3-11f0-89ca-41985b7ed88b","product_name":"Prospecção Automática + Bônus","product_offer_id":"82a3915d-2d21-4cf6-85f3-a5efa3890571","product_offer_name":"Vendedor SDR Cria lista + Prospecção"},"Customer":{"full_name":"Helio Antonio de Campos","first_name":"Helio","email":"andrew.xbdss@gmail.com","mobile":"+5531992151131","CPF":"76463230634","ip":"2804:33cc:1434:6100:81f5:2970:9830:a39"},"Commissions":{"charge_amount":3700,"product_base_price":3700,"product_base_price_currency":"BRL","kiwify_fee":582,"kiwify_fee_currency":"BRL","commissioned_stores":[{"id":"d2ef6f03-2900-435c-b996-1e0b97e53989","type":"producer","custom_name":"ANDREW HENRIQUE CAMPOS 12805423658","email":"atendimento@softwareplay.com.br","value":"3118"}],"currency":"BRL","my_commission":3118,"funds_status":"waiting","estimated_deposit_date":null,"deposit_date":null},"TrackingParameters":{"src":null,"sck":null,"utm_source":null,"utm_medium":null,"utm_campaign":null,"utm_content":null,"utm_term":null,"s1":null,"s2":null,"s3":null},"checkout_link":"iNjHhP8","access_url":null},"webhookUrl":"https://webhook.iaevolua.com/webhook/0e19cc92-8305-4b10-b34d-049e9604fa70","executionMode":"production"}}]},"versionId":"86780336-25cc-474a-abaa-d165a7e1206b","triggerCount":0,"tags":[]}

