{"createdAt":"2025-04-23T15:12:58.334Z","updatedAt":"2025-05-17T13:18:32.971Z","id":"d4BZkixsOtX4IfCx","name":"MCP_SERVER_GOOGLE_DRIVE_FLORICULTURA","active":false,"isArchived":false,"nodes":[{"parameters":{"path":"2cbe2152-2380-44af-ba5b-f02b285f938d"},"type":"@n8n/n8n-nodes-langchain.mcpTrigger","typeVersion":1,"position":[240,120],"id":"fad303d9-2869-4711-901f-ab1c52df6c66","name":"MCP Server Trigger","webhookId":"2cbe2152-2380-44af-ba5b-f02b285f938d"},{"parameters":{"content":"                                   SERVIDOR MCP PARA CALENDARIO ","height":80,"width":800},"type":"n8n-nodes-base.stickyNote","position":[0,0],"typeVersion":1,"id":"6e3a26e3-ff7c-4457-8f37-a32c6c984103","name":"Sticky Note"},{"parameters":{"operation":"download","fileId":{"__rl":true,"value":"={{ /*n8n-auto-generated-fromAI-override*/ $fromAI('File', ``, 'string') }}","mode":"id"},"options":{}},"type":"n8n-nodes-base.googleDriveTool","typeVersion":3,"position":[80,320],"id":"b244728a-f17f-4f2d-82a3-a4dd8a8e43c1","name":"download","credentials":{"googleDriveOAuth2Api":{"id":"eXShTOGRfdorsKb8","name":"Google Drive account"}}},{"parameters":{"operation":"download","fileId":{"__rl":true,"value":"={{ /*n8n-auto-generated-fromAI-override*/ $fromAI('File', ``, 'string') }}","mode":"id"},"options":{}},"type":"n8n-nodes-base.googleDriveTool","typeVersion":3,"position":[240,320],"id":"71fb5f38-1af6-40e3-afd1-c808e73090f2","name":"download1","credentials":{"googleDriveOAuth2Api":{"id":"eXShTOGRfdorsKb8","name":"Google Drive account"}}},{"parameters":{"operation":"download","fileId":{"__rl":true,"REDACTED_KEY": "[REDACTED]","mode":"list","cachedResultName":"Buque de Flores Secas e Stitch.jpg","cachedResultUrl":"https://drive.google.com/file/d/1kuOo7u9n1D62vu47lXSDZQBs5QWBACNB/view?usp=drivesdk"},"options":{}},"type":"n8n-nodes-base.googleDriveTool","typeVersion":3,"position":[420,340],"id":"c62aae38-6713-4d26-bb9f-87c97562fb9b","name":"download2","credentials":{"googleDriveOAuth2Api":{"id":"eXShTOGRfdorsKb8","name":"Google Drive account"}}},{"parameters":{"operation":"download","fileId":{"__rl":true,"mode":"id","value":"={{ /*n8n-auto-generated-fromAI-override*/ $fromAI('File', ``, 'string') }}"},"options":{}},"type":"n8n-nodes-base.googleDriveTool","typeVersion":3,"position":[580,340],"id":"8ca6cb7d-62c0-4a4c-a4f0-8e04b1e08ea7","name":"download3","credentials":{"googleDriveOAuth2Api":{"id":"eXShTOGRfdorsKb8","name":"Google Drive account"}}},{"parameters":{"operation":"download","fileId":{"__rl":true,"value":"={{ /*n8n-auto-generated-fromAI-override*/ $fromAI('File', ``, 'string') }}","mode":"id"},"options":{}},"type":"n8n-nodes-base.googleDriveTool","typeVersion":3,"position":[740,340],"id":"3fca81f6-f3b7-494f-84aa-d9784456a4f2","name":"download4","credentials":{"googleDriveOAuth2Api":{"id":"eXShTOGRfdorsKb8","name":"Google Drive account"}}},{"parameters":{"operation":"download","fileId":{"__rl":true,"value":"={{ /*n8n-auto-generated-fromAI-override*/ $fromAI('File', ``, 'string') }}","mode":"id"},"options":{}},"type":"n8n-nodes-base.googleDriveTool","typeVersion":3,"position":[860,280],"id":"6f9da3d1-3bea-4482-b84c-a6eec5ecda41","name":"download5","credentials":{"googleDriveOAuth2Api":{"id":"eXShTOGRfdorsKb8","name":"Google Drive account"}}}],"connections":{"download":{"ai_tool":[[{"node":"MCP Server Trigger","type":"ai_tool","index":0}]]},"download1":{"ai_tool":[[{"node":"MCP Server Trigger","type":"ai_tool","index":0}]]},"download2":{"ai_tool":[[{"node":"MCP Server Trigger","type":"ai_tool","index":0}]]},"download3":{"ai_tool":[[{"node":"MCP Server Trigger","type":"ai_tool","index":0}]]},"download4":{"ai_tool":[[{"node":"MCP Server Trigger","type":"ai_tool","index":0}]]},"download5":{"ai_tool":[[{"node":"MCP Server Trigger","type":"ai_tool","index":0}]]}},"settings":{"executionOrder":"v1"},"staticData":null,"meta":{"templateCredsSetupCompleted":true},"pinData":{},"versionId":"13b23238-78e3-42f9-bb8e-122a4fb9cda6","triggerCount":1,"tags":[{"createdAt":"2025-04-18T04:29:01.436Z","updatedAt":"2025-04-18T04:29:01.436Z","id":"O8dsWJpFE2QmJmpS","name":"EM PRODUÇÂO"}]}

