{"createdAt":"2025-06-20T14:05:46.534Z","updatedAt":"2025-07-18T06:09:05.261Z","id":"UrMTB75OS0SoRMtt","name":"PROCURA CLIENTES GOOGLE","active":false,"isArchived":false,"nodes":[{"parameters":{"content":"# 📧 EXTRAI EMAIL DO HTML DA PÁGINA  E ATUALIZA NA TABELA DO SUPABASE  ONDE JÁ HÁ OS DADOS SALVOS\n\nEste processo faz a leitura do HTML de uma página, extrai os e-mails presentes e atualiza a linha correspondente na tabela do **Supabase**, sem duplicar os dados já salvos.\n\n✅ Certifique-se de que:\n- O HTML foi carregado corretamente\n- A extração de e-mails está funcionando\n- O `id_unico` está sendo usado para identificar a linha correta no Supabase\n","height":780,"width":3380,"color":7},"type":"n8n-nodes-base.stickyNote","position":[-3824,5264],"typeVersion":1,"id":"2547481d-ac24-42b1-8e4d-6a12a61c93f6","name":"Sticky Note1"},{"parameters":{"operation":"getAll","tableId":"Extracao_Clientes_Elementus","limit":1,"filters":{"conditions":[{"keyName":"Telefone","condition":"eq"}]}},"type":"n8n-nodes-base.supabase","typeVersion":1,"position":[-288,5472],"id":"b39c0edc-ecd6-45e0-be6b-e669723a26aa","name":"Get many rows","alwaysOutputData":true,"credentials":{"supabaseApi":{"id":"G9KBchsZQ2g5jOab","name":"Supabase Astatonn"}}},{"parameters":{"operation":"getAll","tableId":"Extracao_Clientes_duplicate","returnAll":true,"filterType":"none"},"type":"n8n-nodes-base.supabase","typeVersion":1,"position":[-3520,5744],"id":"cb856339-d971-4fa2-aa4d-7ab1493a8807","name":"Get many rows2","alwaysOutputData":true,"credentials":{"supabaseApi":{"id":"G9KBchsZQ2g5jOab","name":"Supabase Astatonn"}}},{"parameters":{"conditions":{"options":{"caseSensitive":true,"leftValue":"","typeValidation":"strict","version":2},"conditions":[{"id":"6f6f7aca-1b14-4e47-b1bd-7015ecb7a610","leftValue":"={{ $json.Email }}","rightValue":"null","operator":{"type":"string","operation":"notExists","singleValue":true}},{"id":"023561af-3f3d-4990-98af-60db8be5ab84","leftValue":"={{ $json.Telefone }}","rightValue":"","operator":{"type":"string","operation":"exists","singleValue":true}}],"combinator":"and"},"options":{}},"type":"n8n-nodes-base.if","typeVersion":2.2,"position":[-3232,5744],"id":"ba81a0cc-e499-4ba6-834c-a428e1b99ab0","name":"If2"},{"parameters":{"maxItems":100},"type":"n8n-nodes-base.limit","typeVersion":1,"position":[-2880,5728],"id":"fffdbadd-c499-468f-93f1-106e4178b8ea","name":"Limit1"},{"parameters":{"operation":"getAll","tableId":"Extracao_Clientes_Elementus","returnAll":true,"filterType":"none"},"type":"n8n-nodes-base.supabase","typeVersion":1,"position":[-2976,6464],"id":"c8766d46-901f-4c3c-ade5-b323c2b815aa","name":"Get many rows3","alwaysOutputData":true,"credentials":{"supabaseApi":{"id":"G9KBchsZQ2g5jOab","name":"Supabase Astatonn"}}},{"parameters":{"operation":"append","documentId":{"__rl":true,"value":"1Cp266-lhI6w4XDlZFeNLDq9OBxKUvtTIugixYqDxa_M","mode":"list","cachedResultName":"Clientes_Astatonn","cachedResultUrl":"https://docs.google.com/spreadsheets/d/1Cp266-lhI6w4XDlZFeNLDq9OBxKUvtTIugixYqDxa_M/edit?usp=drivesdk"},"sheetName":{"__rl":true,"value":"gid=0","mode":"list","cachedResultName":"Página1","cachedResultUrl":"https://docs.google.com/spreadsheets/d/1Zp7041ulGYwPzuxMduRVZ5Z3hFWBkPj-VRamASJN8wE/edit#gid=0"},"columns":{"mappingMode":"defineBelow","value":{"Nome ":"={{ $json.nome }}","Telefone":"={{ $json.telefone }}","Endereço":"={{ $json[\"Endereço\"] }}","Website":"={{ $json.Website }}","Email":"={{ $json.email }}"},"matchingColumns":[],"schema":[{"id":"Nome ","displayName":"Nome ","required":false,"defaultMatch":false,"display":true,"type":"string","canBeUsedToMatch":true},{"id":"Telefone","displayName":"Telefone","required":false,"defaultMatch":false,"display":true,"type":"string","canBeUsedToMatch":true},{"id":"Endereço","displayName":"Endereço","required":false,"defaultMatch":false,"display":true,"type":"string","canBeUsedToMatch":true},{"id":"Website","displayName":"Website","required":false,"defaultMatch":false,"display":true,"type":"string","canBeUsedToMatch":true},{"id":"Email","displayName":"Email","required":false,"defaultMatch":false,"display":true,"type":"string","canBeUsedToMatch":true},{"id":"Rating","displayName":"Rating","required":false,"defaultMatch":false,"display":true,"type":"string","canBeUsedToMatch":true,"removed":false},{"id":"Reviews","displayName":"Reviews","required":false,"defaultMatch":false,"display":true,"type":"string","canBeUsedToMatch":true,"removed":false},{"id":"Especialidades","displayName":"Especialidades","required":false,"defaultMatch":false,"display":true,"type":"string","canBeUsedToMatch":true,"removed":false}],"attemptToConvertTypes":false,"convertFieldsToString":false},"options":{}},"type":"n8n-nodes-base.googleSheets","typeVersion":4.6,"position":[-560,5680],"id":"cf37d87a-df60-40d6-b5f1-1ae39d8f5e63","name":"Append row in sheet","credentials":{"googleSheetsOAuth2Api":{"id":"sFtSa2h1fvmHuTqX","name":"rolimvictorhugo@gmail.com"}}},{"parameters":{"conditions":{"options":{"caseSensitive":true,"leftValue":"","typeValidation":"strict","version":2},"conditions":[{"id":"5d07445c-3c39-439f-9e16-415b2b4ec690","leftValue":"={{ $json.Email }}","rightValue":"=","operator":{"type":"string","operation":"exists","singleValue":true}}],"combinator":"or"},"options":{}},"type":"n8n-nodes-base.if","typeVersion":2.2,"position":[-2576,6464],"id":"f40d974a-ded8-41af-a4ee-ac46f7e3bd4d","name":"If"},{"parameters":{"content":"# 📌 COPIA AS INFORMAÇÕES DO SUPABASE PARA O GOOGLE SHEET\n\nEste fluxo copia os dados obtidos do **Supabase** e insere automaticamente no **Google Sheets**, garantindo integração contínua entre o banco de dados e a planilha.\n\n## ✅ Verifique:\n\n- Conexão com o Supabase\n- Chave e ID da planilha correta\n- Mapeamento dos campos entre Supabase e Google Sheets\n","height":800,"width":3280,"color":5},"type":"n8n-nodes-base.stickyNote","position":[-3824,6064],"typeVersion":1,"id":"130a429a-265b-432d-87f1-2572341bc4d4","name":"Sticky Note3"},{"parameters":{"content":"# 🚀 USE ESTE START TRIGGER  \n# PARA INICIAR OS FLUXOS\n\nEste nó serve como ponto de partida do fluxo.  \nConecte os próximos nós a partir daqui para garantir a execução correta.\n\n✅ Dica:  \nConfigure o tipo de gatilho conforme o cenário (Webhook, Schedule, Manual, etc).\n","height":560,"width":3260},"type":"n8n-nodes-base.stickyNote","position":[-3824,4640],"typeVersion":1,"id":"b9d48ff3-2101-46e3-88cd-18c32f08089d","name":"Sticky Note4"},{"parameters":{"jsCode":"const cidades = [\n  \"Porto Alegre\", \"Caxias do Sul\", \"Canoas\", \"Pelotas\", \"Santa Maria\", \"Gravataí\", \"Viamão\",\n  \"Novo Hamburgo\", \"São Leopoldo\", \"Rio Grande\", \"Alvorada\", \"Passo Fundo\", \"Sapucaia do Sul\",\n  \"Uruguaiana\", \"Santa Cruz do Sul\", \"Bagé\", \"Bento Gonçalves\", \"Erechim\", \"Guaíba\", \"Cachoeirinha\",\n  \"Esteio\", \"Santana do Livramento\", \"Ijuí\", \"Alegrete\", \"Farroupilha\", \"Venâncio Aires\", \"Lajeado\",\n  \"Cachoeira do Sul\", \"Santa Rosa\", \"Campo Bom\", \"Vacaria\", \"Dom Pedrito\", \"São Gabriel\", \"Taquara\",\n  \"Esteio\", \"Carlos Barbosa\", \"Encantado\", \"Frederico Westphalen\", \"Tramandaí\", \"Torres\",\n  \"Capão da Canoa\", \"Lagoa Vermelha\", \"Ivoti\", \"Três de Maio\", \"Panambi\", \"Santo Ângelo\", \"Camaquã\",\n  \"Marau\", \"Teutônia\", \"Parobé\", \"Veranópolis\", \"Estância Velha\", \"São Borja\", \"Rosário do Sul\",\n  \"Montenegro\", \"Crissiumal\", \"Carazinho\", \"Arroio do Meio\", \"Canguçu\", \"Canela\", \"São Sebastião do Caí\",\n  \"Nova Petrópolis\", \"Portão\", \"Nova Prata\", \"Palmeira das Missões\", \"Osório\", \"Ibirubá\", \"Horizontina\",\n  \"São Lourenço do Sul\", \"Três Coroas\", \"Agudo\", \"Itaqui\", \"Soledade\", \"Santiago\", \"Flores da Cunha\",\n  \"Garibaldi\", \"Gramado\", \"Itaara\", \"São Francisco de Paula\", \"Xangri-lá\", \"Barra do Ribeiro\"\n];\n\nreturn cidades.map(cidade => {\n  return {\n    json: {\n      Busca1: `Floricultura em ${cidade}`\n    }\n  };\n});\n"},"type":"n8n-nodes-base.code","typeVersion":2,"position":[-2656,4368],"id":"5bda7f86-6138-4d83-8daa-358ff8e3bdb4","name":"Code1"},{"parameters":{"jsCode":"// Entrada: lista de contatos no formato [{ json: {...} }]\nconst contatos = items.map(item => item.json);\n\n// Set para rastrear combinações únicas\nconst contatosVistos = new Set();\nconst contatosUnicos = [];\n\nfor (const contato of contatos) {\n  // Normaliza os campos\n  const nome = (contato.Nome || \"\").trim().toLowerCase();\n  const email = (contato.Email || \"\").trim().toLowerCase();\n  const telefone = (contato.Telefone || \"\").replace(/\\D/g, \"\"); // só números\n\n  // Chave única para comparação\n  const chave = `${nome}|${email}|${telefone}`;\n\n  if (!contatosVistos.has(chave)) {\n    contatosVistos.add(chave);\n    contatosUnicos.push({ json: contato });\n  }\n}\n\nreturn contatosUnicos;\n"},"type":"n8n-nodes-base.code","typeVersion":2,"position":[-5280,8512],"id":"f2cf1bf7-2d96-40ec-8e04-3c28d7467d4d","name":"Code3"},{"parameters":{"tableId":"Extracao_Clientes_Elementus","fieldsUi":{"fieldValues":[{"fieldId":"Nome","fieldValue":"={{ $json.Nome }}"},{"fieldId":"Telefone","fieldValue":"={{ $json.Telefone }}"},{"fieldId":"Website","fieldValue":"={{ $json.Website }}"},{"fieldId":"Endereco","fieldValue":"={{ $json.Endereco }}"}]}},"type":"n8n-nodes-base.supabase","typeVersion":1,"position":[-1616,4880],"id":"e7fcf3d4-f82d-48dc-a98c-306e75b68214","name":"Create a row","credentials":{"supabaseApi":{"id":"G9KBchsZQ2g5jOab","name":"Supabase Astatonn"}}},{"parameters":{"url":"https://serpapi.com/search","sendQuery":true,"queryParameters":{"parameters":[{"name":"engine","value":"google_maps"},{"name":"q","value":"={{ $json.Busca }}"},{"name":"api_key","value":"={{ $json.Api_Key_SerpAPI }}"}]},"options":{}},"id":"c7810dc8-f429-4ed3-8003-db9e6cc15fbb","name":"Busca na SerpAPI22","type":"n8n-nodes-base.httpRequest","typeVersion":4.2,"position":[-1920,4352]},{"parameters":{"functionCode":"let resultados = [];\n\nfor (const item of items) {\n  if (item.json.local_results && Array.isArray(item.json.local_results)) {\n    const locais = item.json.local_results.map(result => {\n      // Ajuste do telefone\n      let telefone = result.phone || '';\n      telefone = telefone.replace(/^\\+55\\s?-?/, '');\n\n      // Criação do objeto padronizado\n      return {\n        json: {\n          Nome: result.title || null,\n          Telefone: telefone || null,\n          Endereco: result.address || null,\n          Website: result.website || null,\n          Categoria: result.type || null\n        }\n      };\n    });\n\n    resultados = resultados.concat(locais);\n  }\n}\n\nreturn resultados;\n"},"type":"n8n-nodes-base.function","typeVersion":1,"position":[-1984,4880],"name":"Extrair Leads26","id":"b20b319e-f72d-4bd1-b725-fd4c6ba2d52c"},{"parameters":{"assignments":{"assignments":[{"id":"d98405ce-9f98-498a-8e59-25626547f4a0","name":"Busca","value":"={{ $json.Busca1 }}","type":"string"},{"id":"dffe3218-7f15-4f2b-a4a3-14a54227c71b","name":"Api_Key_SerpAPI","REDACTED_KEY": "[REDACTED]","type":"string"},{"id":"c55477ec-89e4-4104-bed2-c979aea96fb0","name":"URL_EvolutionAPI","value":"http://evolutionapi.automatech.tech","type":"string"},{"id":"590c0178-b5a5-4355-9b44-37b57ba8672a","name":"Nome_Instancia_EvolutionAPI","value":"GLPI","type":"string"},{"id":"f68f1419-c32e-42c4-a7ff-275cc14a3a47","name":"Api_Key_EvolutionAPI","value":"4D5455C280AA-41B5-81E6-27D38CB30E9F","type":"string"}]},"options":{}},"type":"n8n-nodes-base.set","typeVersion":3.4,"position":[-2336,4368],"id":"16eb40ff-cb83-46fc-b396-b7ecfa5f1b56","name":"Caxias do Sul1"},{"parameters":{},"type":"n8n-nodes-base.manualTrigger","typeVersion":1,"position":[-4880,6224],"id":"fc9c7d93-ed22-4600-b373-99f8f25b561f","name":"When clicking ‘Execute workflow’"},{"parameters":{"batchSize":1,"options":{}},"type":"n8n-nodes-base.splitInBatches","typeVersion":1,"position":[-2960,4368],"name":"Split Coordenadas","id":"ee3e3d7e-f597-45e5-9777-91b3c122ed22"},{"parameters":{"content":"# 🚀 USE ESTE START TRIGGER  \n# PARA INICIAR OS FLUXOS\n\nEste nó serve como ponto de partida do fluxo.  \nConecte os próximos nós a partir daqui para garantir a execução correta.\n\n✅ Dica:  \nConfigure o tipo de gatilho conforme o cenário (Webhook, Schedule, Manual, etc).\n","height":560,"width":920},"type":"n8n-nodes-base.stickyNote","position":[-6064,5424],"typeVersion":1,"id":"42272c67-5da5-490e-bd49-710ad308bbf4","name":"Sticky Note"},{"parameters":{"conditions":{"options":{"caseSensitive":true,"leftValue":"","typeValidation":"strict","version":2},"conditions":[{"id":"cc8aa149-dbd6-426e-9c07-1d9b0fb710d8","leftValue":"={{ $json.Telefone }}","rightValue":"null","operator":{"type":"string","operation":"exists","singleValue":true}}],"combinator":"and"},"options":{}},"type":"n8n-nodes-base.if","typeVersion":2.2,"position":[-2672,5728],"id":"8eb49075-8385-4f03-a717-23b8cb4c18f8","name":"If3"},{"parameters":{"url":"https://api.scraperapi.com","responseFormat":"string","options":{},"queryParametersUi":{"parameter":[{"name":"api_key","REDACTED_KEY": "[REDACTED]"},{"name":"url","value":"={{ $json.Website }}"},{"name":"render","value":"true"}]}},"id":"b7da51e0-61dc-497e-a779-d8f2ac3969bc","name":"HTTP Request ScraperAPI","type":"n8n-nodes-base.httpRequest","typeVersion":2,"position":[-4400,8464]},{"parameters":{"functionCode":"const html = $json.body;\n\nif (!html || typeof html !== 'string') {\n  return [{\n    json: {\n      emails_encontrados: ['sem_html'],\n      total: 0,\n      erro: 'HTML ausente ou inválido',\n      status: 'falhou'\n    }\n  }];\n}\n\nconst emailRegex = /[a-zA-Z0-9._%+-]+@[a-zA-Z0-9.-]+\\.[a-zA-Z]{2,}/g;\n\nconst matches = html.match(emailRegex) || [];\n// Remove duplicados e limpa pontuação final como . , ; :\nconst emailsUnicos = [...new Set(matches.map(e => e.trim().replace(/[.,;:]+$/, '')))].filter(e => e);\n\nreturn [{\n  json: {\n    emails_encontrados: emailsUnicos.length ? emailsUnicos : ['nenhum_email'],\n    total: emailsUnicos.length,\n    status: 'ok'\n  }\n}];\n\n"},"id":"8ae49d4f-49f6-48d7-b349-f080e6c24f54","name":"Extrair Emails","type":"n8n-nodes-base.function","typeVersion":1,"position":[-4160,8464]},{"parameters":{"functionCode":"// Coordenadas com @ e ,14z — compatíveis com SerpAPI (Grande Porto Alegre)\nconst coordenadas = [\n  '@-30.0277,-51.2287,14z', // Centro POA\n  '@-30.0428,-51.2095,14z', // Menino Deus\n  '@-30.0156,-51.1851,14z', // Petrópolis\n  '@-30.0644,-51.1242,14z', // Lomba do Pinheiro\n  '@-30.0773,-51.2091,14z', // Partenon\n  '@-30.0500,-51.1700,14z', // Teresópolis\n  '@-30.0350,-51.2400,14z', // Navegantes\n  '@-29.9200,-51.1800,14z', // Centro Canoas\n  '@-29.9150,-51.1700,14z', // São Luis - Canoas\n  '@-29.9045,-51.1500,14z', // Mathias Velho - Canoas\n  '@-29.9600,-51.0800,14z', // Viamão\n  '@-29.9400,-51.1300,14z', // Alvorada\n  '@-29.9400,-51.0200,14z', // Gravataí\n  '@-29.9300,-51.0800,14z', // Cachoeirinha\n  '@-29.8600,-51.1800,14z', // Guaíba\n  '@-29.8500,-51.1500,14z', // Eldorado do Sul\n  '@-29.8000,-51.1400,14z', // Sapucaia do Sul\n  '@-29.8200,-51.1600,14z', // Esteio\n  '@-29.7260,-51.1500,14z', // São Leopoldo\n  '@-29.7500,-51.1300,14z'  // Novo Hamburgo\n];\n\n// Offsets para buscar mais resultados por coordenada\nconst offsets = [0, 20, 40, 60, 80, 100, 120, 140, 160, 180];\n\nconst combinacoes = [];\n\nfor (const ll of coordenadas) {\n  for (const start of offsets) {\n    combinacoes.push({ json: { ll, start } });\n  }\n}\n\nreturn combinacoes;\n"},"type":"n8n-nodes-base.function","typeVersion":1,"position":[-3296,4928],"name":"Gerar Coordenadas1","id":"5dba09ef-9853-4ee7-bd27-431d62c60739"},{"parameters":{"url":"https://serpapi.com/search.json","options":{},"queryParametersUi":{"parameter":[{"name":"engine","value":"google_maps"},{"name":"type","value":"search"},{"name":"q","value":"Arquitetos"},{"name":"ll","value":"={{ $json.ll }}"},{"name":"api_key","REDACTED_KEY": "[REDACTED]"},{"name":"start","value":"={{ $json.start }}"}]}},"type":"n8n-nodes-base.httpRequest","typeVersion":2,"position":[-2304,4880],"name":"Chamar SerpAPI2","id":"54473a5a-be15-4bef-815b-f968268bec24","executeOnce":true},{"parameters":{"keepOnlySet":true,"values":{"string":[{"name":"dominio","value":"={{ $json.Website }}"}]},"options":{}},"name":"Dominios","type":"n8n-nodes-base.set","typeVersion":1,"position":[-2576,5552],"id":"136a1d61-e7de-4909-abe8-bbd4c6114893"},{"parameters":{"url":"https://api.hunter.io/v2/domain-search","options":{}},"name":"Buscar Emails Hunter","type":"n8n-nodes-base.httpRequest","typeVersion":1,"position":[-5024,8480],"id":"d20d3179-0c46-49bd-9fcf-04dadb8a5222"},{"parameters":{"functionCode":"return items.map(item => {\n  const emails = item.json.data.emails.filter(e => e.confidence >= 85);\n  return emails.map(email => ({\n    json: {\n      dominio: item.json.data.domain,\n      email: email.value,\n      tipo: email.type,\n      confianca: email.confidence,\n      nome: email.first_name || '',\n      cargo: email.position || ''\n    }\n  }));\n}).flat();"},"name":"Filtrar Emails","type":"n8n-nodes-base.function","typeVersion":1,"position":[-4816,8480],"id":"b69ff2fa-7e6a-4d60-9aae-59d995edb14b"},{"parameters":{"operation":"append","sheetId":"SUA_PLANILHA_ID","range":"A1","options":{"valueInputMode":"RAW"}},"name":"Salvar no Google Sheets","type":"n8n-nodes-base.googleSheets","typeVersion":1,"position":[-4624,8480],"id":"f3b4086f-092f-4cae-8f82-9fe0973fcfac"},{"parameters":{"method":"POST","url":"https://api.apollo.io/api/v1/contacts/search/","sendQuery":true,"queryParameters":{"parameters":[{"name":"Authorization","value":"Bearer [REDACTED]"},{"name":"Content-Type","value":"application/json"}]},"options":{}},"name":"Buscar Leads Apollo","type":"n8n-nodes-base.httpRequest","position":[-80,5584],"id":"9d607bd2-07ac-4917-b583-21a0a0896aa4","typeVersion":4.2},{"parameters":{"functionCode":"const leads = $json.people || [];\nreturn leads.map(lead => {\n  return {\n    json: {\n      nome: lead.name,\n      email: lead.email,\n      empresa: lead.organization.name,\n      cargo: lead.title,\n      localizacao: lead.location\n    }\n  };\n});"},"name":"Organizar Dados","type":"n8n-nodes-base.function","position":[-1936,5552],"id":"01d029d8-f681-406d-a016-96e88495a0f6","typeVersion":1},{"parameters":{"batchSize":1,"options":{}},"type":"n8n-nodes-base.splitInBatches","typeVersion":1,"position":[-2880,5552],"name":"Split Coordenadas2","id":"f69311f6-48c0-49ef-a9f8-20163f344d44"},{"parameters":{"url":"https://api.apollo.io/api/v1/contacts/search/","jsonParameters":true,"options":{},"headerParametersJson":"{ \"Content-Type\": \"application/json\", \"Authorization\": \"Bearer [REDACTED]\" }"},"name":"Buscar Leads Apollo1","type":"n8n-nodes-base.httpRequest","typeVersion":2,"position":[-2256,5552],"id":"08b8f406-32cc-464d-81ce-1d6782cd10fb"},{"parameters":{"amount":2},"type":"n8n-nodes-base.wait","typeVersion":1.1,"position":[-2640,4880],"id":"ccc3c4e9-29cb-42cd-87df-1d44047b9260","name":"Wait1","webhookId":"e3df1b10-3234-434c-9cd5-60ccf69dcb58"},{"parameters":{"options":{}},"type":"n8n-nodes-base.splitInBatches","typeVersion":3,"position":[-2960,4864],"id":"4e0779a3-b2c0-4103-835b-0e13fc1e4381","name":"Loop Over Items"},{"parameters":{},"type":"n8n-nodes-base.noOp","name":"Replace Me","typeVersion":1,"position":[-1248,4288],"id":"fc5167e3-0448-4950-b26c-26bf386ad4aa"},{"parameters":{"batchSize":1,"options":{}},"type":"n8n-nodes-base.splitInBatches","typeVersion":1,"position":[-2368,5712],"name":"Split Coordenadas3","id":"5da44da2-70e1-4179-9337-f32fbb375a79"},{"parameters":{"url":"={{ $json.Website }}","responseFormat":"string","options":{"followRedirect":true,"timeout":10000},"headerParametersUi":{"parameter":[{"name":"User-Agent","value":"Mozilla/5.0 (Windows NT 10.0; Win64; x64) AppleWebKit/537.36 (KHTML, like Gecko) Chrome/115.0.0.0 Safari/537.36"},{"name":"Accept","value":"text/html,application/xhtml+xml,application/xml;q=0.9,image/webp,*/*;q=0.8"}]}},"name":"Acessar Site","type":"n8n-nodes-base.httpRequest","typeVersion":2,"position":[-4176,6048],"id":"8f19d98c-6efe-4a59-82e1-e981040d29b2","continueOnFail":true},{"parameters":{"jsCode":"const originalData = $json;\n\n// ✅ Tenta encontrar o HTML em diferentes campos\nlet html = $json.body || $json.html || $json.content || $json.data || $json.response || '';\n\nif (!html || typeof html !== 'string' || html.trim() === '') {\n  return [{\n    json: {\n      ...originalData,\n      emails_encontrados: ['sem_html'],\n      total: 0,\n      erro: 'HTML vazio ou inválido',\n      status: 'processado',\n      diagnostico: {\n        campos_recebidos: Object.keys($json),\n        exemplo: JSON.stringify($json).slice(0, 500),\n      }\n    }\n  }];\n}\n\n// Decodifica entidades HTML (ex: &#64;)\nhtml = html\n  .replace(/&#x([0-9A-Fa-f]+);/g, (_, hex) => String.fromCharCode(parseInt(hex, 16)))\n  .replace(/&#(\\d+);/g, (_, dec) => String.fromCharCode(parseInt(dec, 10)));\n\ntry {\n  // Remove scripts e styles\n  const plainText = html\n    .replace(/<script[^>]*>[\\s\\S]*?<\\/script>/gi, '')\n    .replace(/<style[^>]*>[\\s\\S]*?<\\/style>/gi, '')\n    .replace(/<\\/?[^>]+(>|$)/g, ' ')\n    .replace(/\\s+/g, ' ')\n    .trim();\n\n  // Regex de e-mail universal\n  const emailRegex = /[a-zA-Z0-9._%+-]+@[a-zA-Z0-9.-]+\\.[a-zA-Z]{2,}/g;\n  const matches = plainText.match(emailRegex) || [];\n\n  const emailsUnicos = [...new Set(matches.map(e => e.trim().replace(/[.,;:]+$/, '')))];\n\n  return [{\n    json: {\n      ...originalData,\n      emails_encontrados: emailsUnicos.length ? emailsUnicos : ['nenhum_email'],\n      total: emailsUnicos.length,\n      status: 'processado',\n    }\n  }];\n} catch (err) {\n  return [{\n    json: {\n      ...originalData,\n      emails_encontrados: ['erro_processamento'],\n      total: 0,\n      erro: err.message,\n      status: 'processado',\n    }\n  }];\n}\n"},"name":"Extrair Email do HTML","type":"n8n-nodes-base.code","typeVersion":1,"position":[-1888,5712],"id":"87a275f8-bc7f-4af2-9188-601a0e9cac7c","continueOnFail":true},{"parameters":{"assignments":{"assignments":[{"id":"e0de0e6f-c39e-4a16-afc0-e2a8a86a5105","name":"emails_encontrados","value":"={{ $json.emails_encontrados }}","type":"string"}]},"options":{}},"type":"n8n-nodes-base.set","typeVersion":3.4,"position":[-1632,5712],"id":"b03e0a6d-9898-4b3d-baea-188716365021","name":"Edit Fields"},{"parameters":{"jsCode":"return items.map(item => {\n  const raw = item.json.emails_encontrados;\n\n  // Converte a string para array de e-mails usando JSON.parse\n  let emails = [];\n  try {\n    emails = JSON.parse(raw);\n  } catch (e) {\n    // Em caso de erro, retorna o valor original como fallback\n    emails = [];\n  }\n\n  return {\n    json: {\n      ...item.json,\n      // Se quiser string com emails separados por vírgula:\n      emails_encontrados: emails.join(', ')\n      // Ou mantenha como array puro:\n      // emails_encontrados: emails\n    }\n  };\n});\n"},"type":"n8n-nodes-base.code","typeVersion":2,"position":[-1408,5712],"id":"ef3fd3c5-23fd-4861-9e40-c7cd27340fda","name":"Code"},{"parameters":{"conditions":{"options":{"caseSensitive":true,"leftValue":"","typeValidation":"strict","version":2},"conditions":[{"id":"acd04e83-fe84-41e4-b5ce-35bf1a7d5d42","leftValue":"={{ $json.emails_encontrados }}","rightValue":"","operator":{"type":"string","operation":"exists","singleValue":true}}],"combinator":"and"},"options":{}},"type":"n8n-nodes-base.if","typeVersion":2.2,"position":[-1088,5712],"id":"ab7f8b8e-b1ad-4fc2-90ed-09c6d78444e9","name":"If4"},{"parameters":{"operation":"getAll","tableId":"Extracao_Clientes_Elementus","limit":1},"type":"n8n-nodes-base.supabase","typeVersion":1,"position":[-48,5728],"id":"bddaddde-f808-4b23-a4a1-52f38b3f9fc5","name":"Get many rows4","alwaysOutputData":true,"credentials":{"supabaseApi":{"id":"G9KBchsZQ2g5jOab","name":"Supabase Astatonn"}},"onError":"continueRegularOutput"},{"parameters":{"operation":"update","tableId":"Extracao_Clientes_Elementus","filters":{"conditions":[{"keyName":"Telefone","condition":"eq","keyValue":"={{ $json.telefone }}"}]},"fieldsUi":{"fieldValues":[{"fieldId":"Email","fieldValue":"={{ $json.email }}"}]}},"type":"n8n-nodes-base.supabase","typeVersion":1,"position":[704,5952],"id":"ce38c6fb-2f9a-41a4-97c6-c4db72e500a3","name":"Update a row1","retryOnFail":true,"executeOnce":false,"credentials":{"supabaseApi":{"id":"G9KBchsZQ2g5jOab","name":"Supabase Astatonn"}},"onError":"continueRegularOutput"},{"parameters":{"amount":2},"type":"n8n-nodes-base.wait","typeVersion":1.1,"position":[-400,5808],"id":"4de3d0c8-96ae-486a-b682-2c5a739880a8","name":"Wait2","webhookId":"f72e16a1-61b7-4d4f-aad3-165b3e306c17"},{"parameters":{"conditions":{"options":{"caseSensitive":true,"leftValue":"","typeValidation":"strict","version":2},"conditions":[{"id":"8b3a2347-5481-4e15-a71e-ad85f66c1697","leftValue":"={{ $json.Email }}","rightValue":"nenhum_email","operator":{"type":"string","operation":"notEquals"}}],"combinator":"and"},"options":{}},"type":"n8n-nodes-base.if","typeVersion":2.2,"position":[-2208,6448],"id":"37a57b09-0731-4433-a9c7-5503210e28d6","name":"If1"},{"parameters":{"conditions":{"options":{"caseSensitive":true,"leftValue":"","typeValidation":"strict","version":2},"conditions":[{"id":"aff26c9f-b7cd-4952-8f16-6eb5eace93df","leftValue":"={{ $json.Email }}","rightValue":"sem_html","operator":{"type":"string","operation":"notEquals"}}],"combinator":"and"},"options":{}},"type":"n8n-nodes-base.if","typeVersion":2.2,"position":[-1840,6432],"id":"b7bbf8fc-3f71-4e62-8d9f-38fb5c7fa3cc","name":"If5"},{"parameters":{"conditions":{"options":{"caseSensitive":true,"leftValue":"","typeValidation":"strict","version":2},"conditions":[{"id":"f7955388-518a-47f7-b250-7e563eb8097c","leftValue":"","rightValue":"","operator":{"type":"string","operation":"equals","name":"filter.operator.equals"}}],"combinator":"or"},"options":{}},"type":"n8n-nodes-base.if","typeVersion":2.2,"position":[-3936,8464],"id":"145ee0d6-5f5b-4f22-8ce4-02c17e17f9f4","name":"If6"},{"parameters":{"conditions":{"options":{"caseSensitive":true,"leftValue":"","typeValidation":"strict","version":2},"conditions":[{"id":"33c04122-7c25-4e8e-a39a-7534186c0972","leftValue":"={{ $json.Telefone }}","rightValue":"={{ $json.Telefone }}","operator":{"type":"string","operation":"notEquals"}}],"combinator":"and"},"options":{}},"type":"n8n-nodes-base.if","typeVersion":2.2,"position":[-4144,8112],"id":"94ed4f8e-9c21-4428-a30c-365dbb9fe747","name":"If7"},{"parameters":{"mergeByFields":{"values":[{"field1":"Telefone","field2":"Telefone"}]},"options":{}},"type":"n8n-nodes-base.compareDatasets","typeVersion":2.3,"position":[-3664,8528],"id":"85d76ddd-5325-408a-b5c6-aba88a45d535","name":"Compare Datasets"},{"parameters":{"url":"=https://r.jina.ai/{{ $json.Website }}","options":{}},"id":"ad4a2b07-a16e-4fe6-9507-aa0b0ed06183","name":"Jina AI - Scraper","type":"n8n-nodes-base.httpRequest","typeVersion":4.2,"position":[-2160,5712]},{"parameters":{"assignments":{"assignments":[{"id":"d83660e1-683c-410a-8059-1eae65816f85","name":"email","value":"={{ $json.emails_encontrados }}","type":"string"},{"id":"964c1407-7987-4812-acdc-0d7e09c38ed9","name":"telefone","value":"={{ $('Split Coordenadas3').item.json.Telefone }}","type":"string"},{"id":"b7d47f4a-55ba-4581-b96c-7d4d50ccbbde","name":"Endereço","value":"={{ $('Split Coordenadas3').item.json.Endereco }}","type":"string"},{"id":"b34d0b12-f742-4e9d-8fa7-70a04a0145a9","name":"Website","value":"={{ $('Split Coordenadas3').item.json.Website }}","type":"string"},{"id":"246a71d6-094b-40f7-95c7-78266eeb0706","name":"nome","value":"={{ $('Split Coordenadas3').item.json.Nome }}","type":"string"}]},"options":{}},"type":"n8n-nodes-base.set","typeVersion":3.4,"position":[-832,5680],"id":"50eea9a2-a843-4e31-8adb-d8a7d8606938","name":"Edit Fields1"},{"parameters":{"httpMethod":"POST","path":"b0c6a501-c1a4-4edc-b011-4091e27297bf","options":{}},"type":"n8n-nodes-base.webhook","typeVersion":2,"position":[-4080,5744],"id":"a6631ff9-cc0d-408d-80d1-44d2795aeba7","name":"Webhook","webhookId":"b0c6a501-c1a4-4edc-b011-4091e27297bf"},{"parameters":{"jsCode":"// items[0].json.body é o array do Webhook\nconst empresas = items[0].json.body || [];\n\nreturn empresas.map(emp => {\n  // 1) remove tudo que não for dígito\n  const apenasDigitos = emp.telefone.replace(/\\D/g, '');\n  // 2) garante que comece com 55\n  const comPais = apenasDigitos.startsWith('55')\n    ? apenasDigitos\n    : `55${apenasDigitos}`;\n  // 3) monta o JID do WhatsApp\n  const whatsappJid = `${comPais}@s.whatsapp.net`;\n\n  return {\n    json: {\n      nome_empresa:   emp.nome_empresa,\n      telefone:       whatsappJid,      // já no formato pedido\n      endereco:       emp.endereco,\n      website:        emp.website,\n      rating:         emp.rating,\n      reviews:        emp.reviews,\n      especialidades: emp.especialidades,\n    }\n  };\n});\n"},"type":"n8n-nodes-base.code","typeVersion":2,"position":[-3824,5744],"id":"10bda42b-1647-45dc-8dc3-f6b5ae301121","name":"Code2"},{"parameters":{"operation":"append","documentId":{"__rl":true,"value":"1Cp266-lhI6w4XDlZFeNLDq9OBxKUvtTIugixYqDxa_M","mode":"list","cachedResultName":"Clientes_Astatonn","cachedResultUrl":"https://docs.google.com/spreadsheets/d/1Cp266-lhI6w4XDlZFeNLDq9OBxKUvtTIugixYqDxa_M/edit?usp=drivesdk"},"sheetName":{"__rl":true,"value":"gid=0","mode":"list","cachedResultName":"Página1","cachedResultUrl":"https://docs.google.com/spreadsheets/d/1Zp7041ulGYwPzuxMduRVZ5Z3hFWBkPj-VRamASJN8wE/edit#gid=0"},"columns":{"mappingMode":"defineBelow","value":{"Nome ":"={{ $json.nome }}","Telefone":"={{ $json.telefone }}","Endereço":"={{ $json[\"Endereço\"] }}","Website":"={{ $json.Website }}","Email":"={{ $json.email }}","Rating":"={{ $json.rating }}","Reviews":"={{ $json.reviews }}","Especialidades":"={{ $json.Especialidade }}"},"matchingColumns":[],"schema":[{"id":"Nome ","displayName":"Nome ","required":false,"defaultMatch":false,"display":true,"type":"string","canBeUsedToMatch":true},{"id":"Telefone","displayName":"Telefone","required":false,"defaultMatch":false,"display":true,"type":"string","canBeUsedToMatch":true},{"id":"Endereço","displayName":"Endereço","required":false,"defaultMatch":false,"display":true,"type":"string","canBeUsedToMatch":true},{"id":"Website","displayName":"Website","required":false,"defaultMatch":false,"display":true,"type":"string","canBeUsedToMatch":true},{"id":"Email","displayName":"Email","required":false,"defaultMatch":false,"display":true,"type":"string","canBeUsedToMatch":true},{"id":"Rating","displayName":"Rating","required":false,"defaultMatch":false,"display":true,"type":"string","canBeUsedToMatch":true,"removed":false},{"id":"Reviews","displayName":"Reviews","required":false,"defaultMatch":false,"display":true,"type":"string","canBeUsedToMatch":true,"removed":false},{"id":"Especialidades","displayName":"Especialidades","required":false,"defaultMatch":false,"display":true,"type":"string","canBeUsedToMatch":true,"removed":false}],"attemptToConvertTypes":false,"convertFieldsToString":false},"options":{}},"type":"n8n-nodes-base.googleSheets","typeVersion":4.6,"position":[-448,7216],"id":"d530e560-120f-4e56-8c32-5af448c6fad2","name":"Append row in sheet1","credentials":{"googleSheetsOAuth2Api":{"id":"sFtSa2h1fvmHuTqX","name":"rolimvictorhugo@gmail.com"}}},{"parameters":{"batchSize":1,"options":{}},"type":"n8n-nodes-base.splitInBatches","typeVersion":1,"position":[-3072,7232],"name":"Split Coordenadas4","id":"32a7fe19-1f3c-4eed-a2f1-c8302059ccc3"},{"parameters":{"jsCode":"const originalData = $json;\n\n// ✅ Tenta encontrar o HTML em diferentes campos\nlet html = $json.body || $json.html || $json.content || $json.data || $json.response || '';\n\nif (!html || typeof html !== 'string' || html.trim() === '') {\n  return [{\n    json: {\n      ...originalData,\n      emails_encontrados: ['sem_html'],\n      total: 0,\n      erro: 'HTML vazio ou inválido',\n      status: 'processado',\n      diagnostico: {\n        campos_recebidos: Object.keys($json),\n        exemplo: JSON.stringify($json).slice(0, 500),\n      }\n    }\n  }];\n}\n\n// Decodifica entidades HTML (ex: &#64;)\nhtml = html\n  .replace(/&#x([0-9A-Fa-f]+);/g, (_, hex) => String.fromCharCode(parseInt(hex, 16)))\n  .replace(/&#(\\d+);/g, (_, dec) => String.fromCharCode(parseInt(dec, 10)));\n\ntry {\n  // Remove scripts e styles\n  const plainText = html\n    .replace(/<script[^>]*>[\\s\\S]*?<\\/script>/gi, '')\n    .replace(/<style[^>]*>[\\s\\S]*?<\\/style>/gi, '')\n    .replace(/<\\/?[^>]+(>|$)/g, ' ')\n    .replace(/\\s+/g, ' ')\n    .trim();\n\n  // Regex de e-mail universal\n  const emailRegex = /[a-zA-Z0-9._%+-]+@[a-zA-Z0-9.-]+\\.[a-zA-Z]{2,}/g;\n  const matches = plainText.match(emailRegex) || [];\n\n  const emailsUnicos = [...new Set(matches.map(e => e.trim().replace(/[.,;:]+$/, '')))];\n\n  return [{\n    json: {\n      ...originalData,\n      emails_encontrados: emailsUnicos.length ? emailsUnicos : ['nenhum_email'],\n      total: emailsUnicos.length,\n      status: 'processado',\n    }\n  }];\n} catch (err) {\n  return [{\n    json: {\n      ...originalData,\n      emails_encontrados: ['erro_processamento'],\n      total: 0,\n      erro: err.message,\n      status: 'processado',\n    }\n  }];\n}\n"},"name":"Extrair Email do HTML1","type":"n8n-nodes-base.code","typeVersion":1,"position":[-1680,7232],"id":"d0676881-ab77-4cb6-b302-04a2c2150ace","continueOnFail":true},{"parameters":{"assignments":{"assignments":[{"id":"e0de0e6f-c39e-4a16-afc0-e2a8a86a5105","name":"emails_encontrados","value":"={{ $json.emails_encontrados }}","type":"string"}]},"options":{}},"type":"n8n-nodes-base.set","typeVersion":3.4,"position":[-1440,7232],"id":"f774e150-868e-4f54-bd51-fee8153b7f7e","name":"Edit Fields2"},{"parameters":{"jsCode":"return items.map(item => {\n  const raw = item.json.emails_encontrados;\n\n  // Converte a string para array de e-mails usando JSON.parse\n  let emails = [];\n  try {\n    emails = JSON.parse(raw);\n  } catch (e) {\n    // Em caso de erro, retorna o valor original como fallback\n    emails = [];\n  }\n\n  return {\n    json: {\n      ...item.json,\n      // Se quiser string com emails separados por vírgula:\n      emails_encontrados: emails.join(', ')\n      // Ou mantenha como array puro:\n      // emails_encontrados: emails\n    }\n  };\n});\n"},"type":"n8n-nodes-base.code","typeVersion":2,"position":[-1200,7232],"id":"6811527f-12ee-4992-992e-738bff0a8548","name":"Code4"},{"parameters":{"conditions":{"options":{"caseSensitive":true,"leftValue":"","typeValidation":"strict","version":2},"conditions":[{"id":"acd04e83-fe84-41e4-b5ce-35bf1a7d5d42","leftValue":"={{ $json.emails_encontrados }}","rightValue":"","operator":{"type":"string","operation":"exists","singleValue":true}},{"id":"c8f08c8f-bd20-477c-ac09-cedd88b67ed4","leftValue":"={{ $json.emails_encontrados }}","rightValue":"nenhum_email","operator":{"type":"string","operation":"notEquals"}}],"combinator":"and"},"options":{}},"type":"n8n-nodes-base.if","typeVersion":2.2,"position":[-976,7232],"id":"cd54665f-c50e-4adf-8507-7832aac66eac","name":"If8"},{"parameters":{"amount":2},"type":"n8n-nodes-base.wait","typeVersion":1.1,"position":[-160,7216],"id":"288965e5-1b48-4684-91cb-dc5e00f6bf9f","name":"Wait","webhookId":"f72e16a1-61b7-4d4f-aad3-165b3e306c17"},{"parameters":{"url":"=https://r.jina.ai/{{ $json.website }}","options":{}},"id":"f7f8db90-7726-4b8b-a056-b367b4e0afd0","name":"Jina AI - Scraper1","type":"n8n-nodes-base.httpRequest","typeVersion":4.2,"position":[-1904,7232]},{"parameters":{"assignments":{"assignments":[{"id":"d83660e1-683c-410a-8059-1eae65816f85","name":"email","value":"={{ $json.emails_encontrados }}","type":"string"},{"id":"964c1407-7987-4812-acdc-0d7e09c38ed9","name":"telefone","value":"={{ $('Split Coordenadas4').item.json.telefone }}","type":"string"},{"id":"b7d47f4a-55ba-4581-b96c-7d4d50ccbbde","name":"Endereço","value":"={{ $('Split Coordenadas4').item.json.endereco }}","type":"string"},{"id":"b34d0b12-f742-4e9d-8fa7-70a04a0145a9","name":"Website","value":"={{ $('Split Coordenadas4').item.json.website }}","type":"string"},{"id":"246a71d6-094b-40f7-95c7-78266eeb0706","name":"nome","value":"={{ $('Split Coordenadas4').item.json.nome_empresa }}","type":"string"},{"id":"9dcd560f-439a-49ff-9388-61358689537d","name":"rating","value":"={{ $('Split Coordenadas4').item.json.rating }}","type":"string"},{"id":"4d90e1d1-7ece-4d66-8013-c6aab40dd8fa","name":"reviews","value":"={{ $('Split Coordenadas4').item.json.reviews }}","type":"string"},{"id":"0ae0d08c-f6bd-43e5-bad7-9630b41b314b","name":"Especialidade","value":"={{ $('Split Coordenadas4').item.json.especialidades }}","type":"string"}]},"options":{}},"type":"n8n-nodes-base.set","typeVersion":3.4,"position":[-688,7216],"id":"daa76ad7-0e32-4d5d-9607-3a3bf2576533","name":"Edit Fields3"},{"parameters":{"documentId":{"__rl":true,"value":"1Cp266-lhI6w4XDlZFeNLDq9OBxKUvtTIugixYqDxa_M","mode":"list","cachedResultName":"Clientes_Astatonn","cachedResultUrl":"https://docs.google.com/spreadsheets/d/1Cp266-lhI6w4XDlZFeNLDq9OBxKUvtTIugixYqDxa_M/edit?usp=drivesdk"},"sheetName":{"__rl":true,"value":"gid=0","mode":"list","cachedResultName":"Página1","cachedResultUrl":"https://docs.google.com/spreadsheets/d/1Cp266-lhI6w4XDlZFeNLDq9OBxKUvtTIugixYqDxa_M/edit#gid=0"},"options":{}},"type":"n8n-nodes-base.googleSheets","typeVersion":4.6,"position":[-2816,7232],"id":"1d0a9ed4-66e8-44ab-b8cf-2f4a84bd92e8","name":"Get row(s) in sheet","retryOnFail":true,"credentials":{"googleSheetsOAuth2Api":{"id":"sFtSa2h1fvmHuTqX","name":"rolimvictorhugo@gmail.com"}},"onError":"continueRegularOutput"},{"parameters":{"conditions":{"options":{"caseSensitive":true,"leftValue":"","typeValidation":"strict","version":2},"conditions":[{"id":"ebf6bda9-1137-43e2-9626-7c09f17b7795","leftValue":"={{ $json.Email }}","rightValue":"","operator":{"type":"string","operation":"equals","name":"filter.operator.equals"}}],"combinator":"and"},"options":{}},"type":"n8n-nodes-base.if","typeVersion":2.2,"position":[-2512,7232],"id":"2af36d8b-feb8-466e-ba38-f445e79d292e","name":"If9"},{"parameters":{"operation":"append","documentId":{"__rl":true,"value":"1Cp266-lhI6w4XDlZFeNLDq9OBxKUvtTIugixYqDxa_M","mode":"list","cachedResultName":"Clientes_Astatonn","cachedResultUrl":"https://docs.google.com/spreadsheets/d/1Cp266-lhI6w4XDlZFeNLDq9OBxKUvtTIugixYqDxa_M/edit?usp=drivesdk"},"sheetName":{"__rl":true,"value":"gid=0","mode":"list","cachedResultName":"Página1","cachedResultUrl":"https://docs.google.com/spreadsheets/d/1Zp7041ulGYwPzuxMduRVZ5Z3hFWBkPj-VRamASJN8wE/edit#gid=0"},"columns":{"mappingMode":"defineBelow","value":{"Nome ":"={{ $json.nome_empresa }}","Telefone":"={{ $json.telefone }}","Endereço":"={{ $json.endereco }}","Website":"={{ $json.website }}","Rating":"={{ $json.rating }}","Reviews":"={{ $json.reviews }}","Especialidades":"={{ $json.especialidades }}"},"matchingColumns":[],"schema":[{"id":"Nome ","displayName":"Nome ","required":false,"defaultMatch":false,"display":true,"type":"string","canBeUsedToMatch":true},{"id":"Telefone","displayName":"Telefone","required":false,"defaultMatch":false,"display":true,"type":"string","canBeUsedToMatch":true},{"id":"Endereço","displayName":"Endereço","required":false,"defaultMatch":false,"display":true,"type":"string","canBeUsedToMatch":true},{"id":"Website","displayName":"Website","required":false,"defaultMatch":false,"display":true,"type":"string","canBeUsedToMatch":true},{"id":"Email","displayName":"Email","required":false,"defaultMatch":false,"display":true,"type":"string","canBeUsedToMatch":true,"removed":true},{"id":"Rating","displayName":"Rating","required":false,"defaultMatch":false,"display":true,"type":"string","canBeUsedToMatch":true,"removed":false},{"id":"Reviews","displayName":"Reviews","required":false,"defaultMatch":false,"display":true,"type":"string","canBeUsedToMatch":true,"removed":false},{"id":"Especialidades","displayName":"Especialidades","required":false,"defaultMatch":false,"display":true,"type":"string","canBeUsedToMatch":true,"removed":false}],"attemptToConvertTypes":false,"convertFieldsToString":false},"options":{}},"type":"n8n-nodes-base.googleSheets","typeVersion":4.6,"position":[-3504,7216],"id":"881d13fb-c54f-44f9-8e87-ac5d98f78715","name":"Append row in sheet2","credentials":{"googleSheetsOAuth2Api":{"id":"sFtSa2h1fvmHuTqX","name":"rolimvictorhugo@gmail.com"}}},{"parameters":{"conditions":{"options":{"caseSensitive":true,"leftValue":"","typeValidation":"strict","version":2},"conditions":[{"id":"6dd5c523-14c7-4aa3-9d98-b5de09b22f01","leftValue":"","rightValue":"","operator":{"type":"string","operation":"equals","name":"filter.operator.equals"}}],"combinator":"and"},"options":{}},"type":"n8n-nodes-base.if","typeVersion":2.2,"position":[-3824,7232],"id":"08a66644-1388-40b7-989f-ad1ee19aab92","name":"If10"},{"parameters":{"documentId":{"__rl":true,"value":"1Cp266-lhI6w4XDlZFeNLDq9OBxKUvtTIugixYqDxa_M","mode":"list","cachedResultName":"Clientes_Astatonn","cachedResultUrl":"https://docs.google.com/spreadsheets/d/1Cp266-lhI6w4XDlZFeNLDq9OBxKUvtTIugixYqDxa_M/edit?usp=drivesdk"},"sheetName":{"__rl":true,"value":"gid=0","mode":"list","cachedResultName":"Página1","cachedResultUrl":"https://docs.google.com/spreadsheets/d/1Cp266-lhI6w4XDlZFeNLDq9OBxKUvtTIugixYqDxa_M/edit#gid=0"},"options":{}},"type":"n8n-nodes-base.googleSheets","typeVersion":4.6,"position":[-4080,7232],"id":"e72c9829-3be2-4323-8092-c54be40e92fe","name":"Get row(s) in sheet1","retryOnFail":true,"credentials":{"googleSheetsOAuth2Api":{"id":"sFtSa2h1fvmHuTqX","name":"rolimvictorhugo@gmail.com"}},"onError":"continueRegularOutput"},{"parameters":{"tableId":"Extracao_Clientes_duplicate","fieldsUi":{"fieldValues":[{"fieldId":"Nome","fieldValue":"={{ $json.nome_empresa }}"},{"fieldId":"Telefone","fieldValue":"={{ $json.telefone }}"},{"fieldId":"Endereco","fieldValue":"={{ $json.endereco }}"},{"fieldId":"Website","fieldValue":"={{ $json.website }}"},{"fieldId":"Rating","fieldValue":"={{ $json.rating }}"},{"fieldId":"Reviews","fieldValue":"={{ $json.reviews }}"},{"fieldId":"Especialidades","fieldValue":"={{ $json.especialidades }}"}]}},"type":"n8n-nodes-base.supabase","typeVersion":1,"position":[-4592,6240],"id":"bc8ff91d-8d91-4635-9c04-9fd3c2ec2473","name":"Create a row1","credentials":{"supabaseApi":{"id":"G9KBchsZQ2g5jOab","name":"Supabase Astatonn"}}}],"connections":{"Get many rows":{"main":[[]]},"Get many rows2":{"main":[[{"node":"If2","type":"main","index":0}]]},"If2":{"main":[[{"node":"Limit1","type":"main","index":0}],[]]},"Limit1":{"main":[[{"node":"If3","type":"main","index":0}]]},"Get many rows3":{"main":[[{"node":"If","type":"main","index":0}]]},"If":{"main":[[{"node":"If1","type":"main","index":0}]]},"Append row in sheet":{"main":[[{"node":"Wait2","type":"main","index":0}]]},"Code1":{"main":[[]]},"Code3":{"main":[[]]},"Busca na SerpAPI22":{"main":[[]]},"Caxias do Sul1":{"main":[[]]},"Extrair Leads26":{"main":[[{"node":"Create a row","type":"main","index":0}]]},"When clicking ‘Execute workflow’":{"main":[[]]},"Split Coordenadas":{"main":[[]]},"Create a row":{"main":[[{"node":"Loop Over Items","type":"main","index":0}]]},"If3":{"main":[[{"node":"Split Coordenadas3","type":"main","index":0}],[]]},"HTTP Request ScraperAPI":{"main":[[]]},"Extrair Emails":{"main":[[]]},"Gerar Coordenadas1":{"main":[[{"node":"Loop Over Items","type":"main","index":0}]]},"Chamar SerpAPI2":{"main":[[{"node":"Extrair Leads26","type":"main","index":0}]]},"Dominios":{"main":[[{"node":"Buscar Leads Apollo1","type":"main","index":0}]]},"Buscar Emails Hunter":{"main":[[{"node":"Filtrar Emails","type":"main","index":0}]]},"Filtrar Emails":{"main":[[{"node":"Salvar no Google Sheets","type":"main","index":0}]]},"Buscar Leads Apollo":{"main":[[]]},"Split Coordenadas2":{"main":[[{"node":"Dominios","type":"main","index":0}]]},"Buscar Leads Apollo1":{"main":[[{"node":"Organizar Dados","type":"main","index":0}]]},"Wait1":{"main":[[{"node":"Chamar SerpAPI2","type":"main","index":0}]]},"Loop Over Items":{"main":[[],[{"node":"Wait1","type":"main","index":0}]]},"Replace Me":{"main":[[]]},"Split Coordenadas3":{"main":[[{"node":"Jina AI - Scraper","type":"main","index":0}]]},"Acessar Site":{"main":[[]]},"Extrair Email do HTML":{"main":[[{"node":"Edit Fields","type":"main","index":0}]]},"Edit Fields":{"main":[[{"node":"Code","type":"main","index":0}]]},"Code":{"main":[[{"node":"If4","type":"main","index":0}]]},"If4":{"main":[[{"node":"Edit Fields1","type":"main","index":0}],[{"node":"Split Coordenadas3","type":"main","index":0}]]},"Get many rows4":{"main":[[]]},"Update a row1":{"main":[[]]},"Wait2":{"main":[[{"node":"Split Coordenadas3","type":"main","index":0}]]},"If1":{"main":[[{"node":"If5","type":"main","index":0}]]},"If5":{"main":[[]]},"If6":{"main":[[]]},"If7":{"main":[[]]},"Compare Datasets":{"main":[[]]},"Jina AI - Scraper":{"main":[[{"node":"Extrair Email do HTML","type":"main","index":0}]]},"Edit Fields1":{"main":[[{"node":"Append row in sheet","type":"main","index":0}]]},"Webhook":{"main":[[{"node":"Code2","type":"main","index":0}]]},"Append row in sheet1":{"main":[[{"node":"Wait","type":"main","index":0}]]},"Split Coordenadas4":{"main":[[{"node":"Get row(s) in sheet","type":"main","index":0}]]},"Extrair Email do HTML1":{"main":[[{"node":"Edit Fields2","type":"main","index":0}]]},"Edit Fields2":{"main":[[{"node":"Code4","type":"main","index":0}]]},"Code4":{"main":[[{"node":"If8","type":"main","index":0}]]},"If8":{"main":[[{"node":"Edit Fields3","type":"main","index":0}],[{"node":"Split Coordenadas4","type":"main","index":0}]]},"Wait":{"main":[[{"node":"Split Coordenadas4","type":"main","index":0}]]},"Jina AI - Scraper1":{"main":[[{"node":"Extrair Email do HTML1","type":"main","index":0}]]},"Edit Fields3":{"main":[[{"node":"Append row in sheet1","type":"main","index":0}]]},"Code2":{"main":[[{"node":"Get many rows2","type":"main","index":0}]]},"Get row(s) in sheet":{"main":[[{"node":"If9","type":"main","index":0}]]},"If9":{"main":[[{"node":"Jina AI - Scraper1","type":"main","index":0}]]},"Append row in sheet2":{"main":[[{"node":"Split Coordenadas4","type":"main","index":0}]]},"If10":{"main":[[{"node":"Append row in sheet2","type":"main","index":0}]]},"Get row(s) in sheet1":{"main":[[{"node":"If10","type":"main","index":0}]]},"Create a row1":{"main":[[]]}},"settings":{"executionOrder":"v1"},"staticData":null,"meta":{"templateCredsSetupCompleted":true},"pinData":{"Webhook":[{"json":{"headers":{"host": "[REDACTED]","user-agent":"python-requests/2.32.4","content-length":"31315","accept":"*/*","accept-encoding":"gzip, deflate","content-type":"application/json","x-forwarded-for":"177.73.7.29","x-forwarded-host":"workspace.n8n.automatech.tech","x-forwarded-port":"443","x-forwarded-proto":"https","x-forwarded-server":"edcc34b0087e","x-real-ip":"177.73.7.29"},"params":{},"query":{},"body":[{"nome_empresa":"Tess Fleur - Floricultura Porto Alegre","telefone":"(51) 99896-2811","endereco":"Rua Pereira Franco, 65 - Sala 305 - São João, Porto Alegre - RS, 90240-520","website":"https://tessfleur.com.br/","rating":"5,0","reviews":"422","especialidades":"Floricultura"},{"nome_empresa":"Floricultura Beija-Flor","telefone":"(51) 3330-0155","endereco":"Av. Protásio Alves, 1987 - Alto Petrópolis, Porto Alegre - RS, 90410-002","website":"http://yumi-flor.com.br/","rating":"4,2","reviews":"1063","especialidades":"Floricultura"},{"nome_empresa":"Arquitetura das Flores - Floricultura em Porto Alegre","telefone":"(51) 3391-9553","endereco":"R. Dr. Timóteo, 732 - Moinhos de Vento, Porto Alegre - RS, 90570-040","website":"https://arquiteturadasflores.com.br/","rating":"4,8","reviews":"412","especialidades":"Floricultura"},{"nome_empresa":"Art Fashion Floricultura porto alegre","telefone":"(51) 98502-0728","endereco":"Rua General Caldwell, 742 - Menino Deus, Porto Alegre - RS, 90130-050","website":"","rating":"3,7","reviews":"58","especialidades":"Floricultura"},{"nome_empresa":"Floricultura Mira Flores Floricultura Porto Alegre","telefone":"(51) 99704-4004","endereco":"R. Cel. Feijó, 1136 - São João, Porto Alegre - RS, 90520-060","website":"https://www.floriculturamiraflores.com.br/","rating":"4,9","reviews":"128","especialidades":"Floricultura"},{"nome_empresa":"Floricultura Iara Sereia","telefone":"(51) 98417-1871","endereco":"Av. Porto Alegre, 67 - Medianeira, Porto Alegre - RS, 90880-130","website":"","rating":"4,8","reviews":"44","especialidades":"Floricultura"},{"nome_empresa":"Freitas floricultura","telefone":"(51) 98938-6140","endereco":"R. Belvedere - Azenha, Porto Alegre - RS, 90880-430","website":"","rating":"5,0","reviews":"","especialidades":"Floricultura"},{"nome_empresa":"Floricultura Benjuá Flor & Cultura","telefone":"(51) 98012-1352","endereco":"R. Riachuelo, 1294 - loja terreo - Centro Histórico, Porto Alegre - RS, 90010-271","website":"","rating":"5,0","reviews":"553","especialidades":"Floricultura"},{"nome_empresa":"HF Atelier de flores","telefone":"(51) 98552-3635","endereco":"R. Anchieta, 293 - Teresópolis, Porto Alegre - RS, 90870-010","website":"http://www.floriculturapoa.com.br/","rating":"5,0","reviews":"18","especialidades":"Floricultura"},{"nome_empresa":"Floricultura JP - Coroa de Flores","telefone":"(51) 3354-3416","endereco":"R. Anchieta, 305 - Teresópolis, Porto Alegre - RS, 90450-190","website":"http://www.floriculturajp.com.br/coroasf.htm","rating":"4,7","reviews":"11","especialidades":"Floricultura"},{"nome_empresa":"Floricultura Pombinha Rola","telefone":"(51) 3341-0173","endereco":"Av. Assis Brasil, 1779 - loja o1 - Passo d'Areia, Porto Alegre - RS, 91010-005","website":"","rating":"4,5","reviews":"75","especialidades":"Floricultura"},{"nome_empresa":"J.I.Emoções","telefone":"(51) 3026-0709","endereco":"Av. Alberto Bins, 941 - Floresta, Porto Alegre - RS, 90030-141","website":"https://www.instagram.com/ji.emocoes_florespermanentes/","rating":"4,8","reviews":"170","especialidades":"Floricultura"},{"nome_empresa":"Porto Garden Loja de Flores","telefone":"(51) 98175-7263","endereco":"Av. Dr. Nilo Peçanha, 3800 - Vila Jardim, Porto Alegre - RS, 91330-001","website":"https://www.portogarden.com.br/buques/","rating":"4,7","reviews":"203","especialidades":"Floricultura"},{"nome_empresa":"Floricultura Zona Norte","telefone":"(51) 3207-7987","endereco":"Av. Assis Brasil, 7086 - Sarandi, Porto Alegre - RS, 91140-000","website":"","rating":"4,5","reviews":"233","especialidades":"Floricultura"},{"nome_empresa":"Floricultura Menina Flor Porto Alegre","telefone":"(51) 99745-4352","endereco":"Av. Assis Brasil, 6631 - Sarandi, Porto Alegre - RS, 91140-001","website":"https://floriculturameninaflor.com.br/","rating":"4,7","reviews":"70","especialidades":"Floricultura"},{"nome_empresa":"Blumengarten Plantas e Flores LTDA","telefone":"(51) 3338-1588","endereco":"R. Dr. Salvador França, 1750 - Jardim Botânico, Porto Alegre - RS, 90690-000","website":"http://www.blumengarten.com.br/","rating":"4,6","reviews":"1599","especialidades":"Floricultura"},{"nome_empresa":"Floricultura Sempre Flor | Buquês e Flores no Menino Deus em Porto Alegre","telefone":"(51) 3517-8264","endereco":"R. José de Alencar, 942 - Menino Deus, Porto Alegre - RS, 90880-480","website":"https://floriculturasempreflor.com.br/","rating":"4,4","reviews":"43","especialidades":"Floricultura"},{"nome_empresa":"Floricultura Winge","telefone":"(51) 3268-4880","endereco":"R. Dr. Mário Totta, 963 - Tristeza, Porto Alegre - RS, 91900-000","website":"https://www.facebook.com/FloriculturaWinge/","rating":"4,7","reviews":"3426","especialidades":"Floricultura"},{"nome_empresa":"Floricultura Floresta","telefone":"(51) 3346-4281","endereco":"Av. Cristóvão Colombo, 1646 - Floresta, Porto Alegre - RS, 90560-001","website":"","rating":"4,1","reviews":"27","especialidades":"Floricultura"},{"nome_empresa":"ENCANTO DAS FLORES","telefone":"(51) 98314-2322","endereco":"Av. Fernando Ferrari, 1001 - Anchieta, Porto Alegre - RS, 90200-041","website":"","rating":"4,9","reviews":"82","especialidades":"Floricultura"},{"nome_empresa":"Flor & Arte Presentes & Restauro....","telefone":"(51) 99440-7488","endereco":"R. Riachuelo, 785 - conj.230 - Centro Histórico, Porto Alegre - RS, 90010-270","website":"","rating":"5,0","reviews":"2","especialidades":"Floricultura"},{"nome_empresa":"Atacado e Floricultura Santa Fé","telefone":"(51) 3339-4389","endereco":"Av. Bento Gonçalves, 5833 - Partenon, Porto Alegre - RS, 91540-000","website":"http://www.floriculturasantafe.com.br/","rating":"4,5","reviews":"683","especialidades":"Floricultura"},{"nome_empresa":"Floricultura Dias","telefone":"(51) 3227-1881","endereco":"R. Gen. Lima e Silva, 19 - Cidade Baixa, Porto Alegre - RS, 90050-100","website":"http://www.diasfloricultura.com.br/","rating":"4,8","reviews":"55","especialidades":"Floricultura"},{"nome_empresa":"Roda Flores Comércio Atacadista","telefone":"(51) 3079-2615","endereco":"Av. Jaime Vignoli, 578 - Anchieta, Porto Alegre - RS, 90200-110","website":"","rating":"4,7","reviews":"837","especialidades":"Floricultura"},{"nome_empresa":"Casa Verde Floricultura","telefone":"(51) 99179-6182","endereco":"Av. A. J. Renner, 1240 - Navegantes, Porto Alegre - RS, 90020-022","website":"https://www.instagram.com/casa.verde_floricultura/","rating":"4,5","reviews":"45","especialidades":"Floricultura"},{"nome_empresa":"Floricultura Armazém das Flores","telefone":"(51) 3338-6611","endereco":"Av. Protásio Alves, 3938 - Três Figueiras, Porto Alegre - RS, 91310-000","website":"http://www.armazemdasflores.net.br/","rating":"4,5","reviews":"106","especialidades":"Floricultura"},{"nome_empresa":"HM Jardins","telefone":"(51) 99842-2295","endereco":"R. São Manoel, 2185 - Santana, Porto Alegre - RS, 90620-110","website":"https://hmjardins.com.br/","rating":"4,8","reviews":"523","especialidades":"Floricultura"},{"nome_empresa":"Floricultura Adoro Flores","telefone":"(51) 3366-0109","endereco":"Av. Baltazar de Oliveira Garcia, 3310 - Rubem Berta, Porto Alegre - RS, 91180-000","website":"https://www.adoroflores.com.br/","rating":"4,5","reviews":"106","especialidades":"Floricultura"},{"nome_empresa":"Zenko Flores - Floricultura on-line em Porto Alegre - RS","telefone":"(51) 99791-5439","endereco":"","website":"https://www.zenkoflores.com.br/","rating":"4,9","reviews":"67","especialidades":"Floricultura"},{"nome_empresa":"FLORICULTURA ECOVILLE","telefone":"(51) 99615-7149","endereco":"Rua Alameda 3 de Outubro, 845, bairro - Sarandi, Porto Alegre - RS, 91130-470","website":"","rating":"4,9","reviews":"38","especialidades":"Floricultura"},{"nome_empresa":"La Planta","telefone":"(51) 99900-1145","endereco":"R. Dinarte Ribeiro, 148 - Moinhos de Vento, Porto Alegre - RS, 90570-050","website":"","rating":"5,0","reviews":"","especialidades":"Floricultura"},{"nome_empresa":"Tanni Flores","telefone":"(51) 98452-9330","endereco":"Av. Porto Alegre, 228 - Azenha, Porto Alegre - RS, 90880-130","website":"","rating":"5,0","reviews":"","especialidades":"Floricultura"},{"nome_empresa":"Floricultura Silveira","telefone":"(51) 3328-4208","endereco":"Av. Eng. Alfredo Corrêa Daudt, 380 - Boa Vista, Porto Alegre - RS, 90480-120","website":"https://instagram.com/floricultura_silveira","rating":"4,7","reviews":"81","especialidades":"Floricultura"},{"nome_empresa":"Studio Floē","telefone":"(51) 99505-3232","endereco":"R. Passo da Pátria, 42 - Bela Vista, Porto Alegre - RS, 90460-060","website":"http://www.studiofloe.com.br/","rating":"4,9","reviews":"97","especialidades":"Floricultura"},{"nome_empresa":"Floricultura De Cristal Flor","telefone":"(51) 98659-8623","endereco":"Av. Diário de Notícias, 600 - Cristal, Porto Alegre - RS, 90810-080","website":"http://www.floriculturadecristal.com.br/","rating":"4,5","reviews":"221","especialidades":"Floricultura"},{"nome_empresa":"FLORICULTURA INFINITY FLOWERS em PORTO ALEGRE RS","telefone":"(51) 98114-0266","endereco":"Zona Norte - Avenida Assis Brasil, 1335 loja 7 Galeria Aymoré Localizado em: - Passo d'Areia, Porto Alegre - RS, 91010-005","website":"","rating":"5,0","reviews":"2","especialidades":"Floricultura"},{"nome_empresa":"Floricultura Toca das Flores","telefone":"(51) 98453-0534","endereco":"Av. Otávio Rocha, 55 - S/N - BOX 12 - Centro Histórico, Porto Alegre - RS, 90020-150","website":"https://www.instagram.com/floriculturatocadasflores_poa?igsh=MWtxNzRtOHo3OTFjMQ==","rating":"4,6","reviews":"43","especialidades":"Floricultura"},{"nome_empresa":"Floricultura Mônica","telefone":"(51) 3366-2779","endereco":"R. Alberto Rangel, 186 - Rubem Berta, Porto Alegre - RS, 91180-840","website":"","rating":"4,8","reviews":"149","especialidades":"Floricultura"},{"nome_empresa":"Floricultura Pareci","telefone":"(51) 98119-2741","endereco":"R. Barão do Amazonas, 613 - Petrópolis, Porto Alegre - RS, 90670-090","website":"http://parecifloricultura.com.br/","rating":"4,7","reviews":"77","especialidades":"Floricultura"},{"nome_empresa":"Coroas de Flores - Best Porto Alegre","telefone":"(51) 3003-5053","endereco":"Avenida Carlos Gomes, 700 sala 606, 5º andar - Boa Vista, Porto Alegre - RS, 90480-000","website":"http://www.floresportoalegre.com.br/","rating":"","reviews":"","especialidades":"Floricultura"},{"nome_empresa":"Floricultura Boa Vista e Paisagismo","telefone":"(51) 3328-0802","endereco":"Av. Eng. Alfredo Corrêa Daudt, 120 - Boa Vista, Porto Alegre - RS, 90480-120","website":"","rating":"4,7","reviews":"84","especialidades":"Floricultura"},{"nome_empresa":"Floricultura Flora do Sul","telefone":"(51) 3388-1429","endereco":"Largo Dr. José Faibes Lubianca, 1 - Loja 19 - Bom Fim, Porto Alegre - RS, 90040-120","website":"","rating":"4,7","reviews":"28","especialidades":"Floricultura"},{"nome_empresa":"Blumenstrauss Floricultura","telefone":"(51) 3311-9299","endereco":"esquina com - Av. Independência, 1054, R. Pinheiro Machado, 292 - Independência, Porto Alegre - RS, 90035-073","website":"http://www.blumenstrauss.com.br/","rating":"4,6","reviews":"51","especialidades":"Floricultura"},{"nome_empresa":"Três Marias Flores","telefone":"(51) 99184-3993","endereco":"Av. Mariland, 774 - São João, Porto Alegre - RS, 90440-190","website":"https://www.instagram.com/3mariasflores/?hl=pt-br","rating":"5,0","reviews":"13","especialidades":"Floricultura"},{"nome_empresa":"TalitaK Flores e Jardins","telefone":"(51) 98190-7690","endereco":"Praça Júlio de Castilhos, 52 - Moinhos de Vento, Porto Alegre - RS, 90430-020","website":"https://www.ifood.com.br/delivery/porto-alegre-rs/talita-k-flores-e-jardim-floresta/5450d62c-428d-45f9-8f53-84ace9391cfb?utm_medium=share","rating":"5,0","reviews":"26","especialidades":"Floricultura"},{"nome_empresa":"Porto das Flores Floricultura","telefone":"(51) 2314-1149","endereco":"Av. Jerônimo de Ornelas, 681 - Santana, Porto Alegre - RS, 90040-340","website":"http://www.portodasflores.com.br/","rating":"4,8","reviews":"18","especialidades":"Floricultura"},{"nome_empresa":"Flor & Casa","telefone":"(51) 99994-6684","endereco":"R. Comendador Rheingantz, 274 - Auxiliadora, Porto Alegre - RS, 90450-020","website":"","rating":"4,6","reviews":"134","especialidades":"Floricultura"},{"nome_empresa":"Kzaverde Floricultura","telefone":"(51) 98338-8338","endereco":"Rua Tomaz Flores, 141 - Independência, Porto Alegre - RS, 90630-180","website":"","rating":"4,4","reviews":"33","especialidades":"Floricultura"},{"nome_empresa":"Fluorita Flor e Amor","telefone":"(51) 99776-9292","endereco":"R. Gen. Lima e Silva, 749 - Loja - Cidade Baixa, Porto Alegre - RS, 90050-101","website":"","rating":"5,0","reviews":"31","especialidades":"Floricultura"},{"nome_empresa":"Floricultura São Miguel e Almas","telefone":"(51) 2160-6657","endereco":"R. Plácido de Castro, 181 - Santo Antônio, Porto Alegre - RS, 90650-070","website":"","rating":"","reviews":"","especialidades":"Floricultura"},{"nome_empresa":"Floricultura Aurora","telefone":"(51) 3286-8886","endereco":"R. Duque de Caxias, 1553 - Centro Histórico, Porto Alegre - RS, 90010-283","website":"","rating":"4,6","reviews":"34","especialidades":"Floricultura"},{"nome_empresa":"Floricultura Mazzolin Di Fiori","telefone":"(51) 99465-3887","endereco":"Av. Protásio Alves, 3884 - Três Figueiras, Porto Alegre - RS, 91310-000","website":"http://www.mazzolindifiori.com.br/","rating":"4,4","reviews":"34","especialidades":"Floricultura"},{"nome_empresa":"Floricultura Santa Helena","telefone":"(51) 3231-0188","endereco":"Av. Cel. Gastão Haslocher Mazeron, 336 - Medianeira, Porto Alegre - RS, 90880-370","website":"http://www.floriculturasantahelena.com.br/","rating":"4,6","reviews":"110","especialidades":"Floricultura"},{"nome_empresa":"A Benedita Floristeria- Floricultura em Porto Alegre","telefone":"(51) 98505-4194","endereco":"R Anita Garibaldi, 1747 - Bela Vista, Porto Alegre - RS, 90480-201","website":"https://www.instagram.com/a.benedita?igshid=OGQ5ZDc2ODk2ZA==","rating":"4,9","reviews":"31","especialidades":"Floricultura"},{"nome_empresa":"Mundo das Flores","telefone":"(51) 99414-7951","endereco":"R. Voluntários da Pátria, 426 - Centro Histórico, Porto Alegre - RS, 90030-001","website":"","rating":"4,5","reviews":"26","especialidades":"Designer de flores"},{"nome_empresa":"Nara.flores e presentes","telefone":"(51) 99828-2211","endereco":"Av. Otávio Rocha, 134 - box 7 e 8 - Centro Histórico, Porto Alegre - RS, 90020-904","website":"","rating":"5,0","reviews":"16","especialidades":"Floricultura"},{"nome_empresa":"Floricultura Cearucha","telefone":"(51) 99653-3276","endereco":"R. Saldanha da Gama, 142 - São José, Porto Alegre - RS, 91520-630","website":"https://www.facebook.com/FLORICULTURA-CEARUCHA-1006497576068237/?tn-str=k*F","rating":"4,6","reviews":"103","especialidades":"Floricultura"},{"nome_empresa":"Floricultura Rosi Flores e Decorações","telefone":"(51) 98599-4519","endereco":"Estr. João de Oliveira Remião, 1240 - Lomba do Pinheiro, Porto Alegre - RS, 91550-000","website":"https://www.rosiflores.com/","rating":"4,8","reviews":"236","especialidades":"Floricultura"},{"nome_empresa":"Floricultura Tuia Azul","telefone":"(51) 3332-0321","endereco":"Av. Cel. Lucas de Oliveira, 2226 - Petrópolis, Porto Alegre - RS, 90460-000","website":"","rating":"5,0","reviews":"5","especialidades":"Floricultura"},{"nome_empresa":"Floricultura Flor de Amor","telefone":"(51) 98478-2427","endereco":"Largo Dr. José Faibes Lubianca, 1 - Loja 16 - Bom Fim, Porto Alegre - RS, 90040-120","website":"","rating":"4,7","reviews":"14","especialidades":"Floricultura"},{"nome_empresa":"Verde amor","telefone":"","endereco":"Av. Cel. Lucas de Oliveira, 2163 - Petrópolis, Porto Alegre - RS, 90460-011","website":"https://verdeamor.eco/","rating":"5,0","reviews":"4","especialidades":"Floricultura"},{"nome_empresa":"Floricultura Sempre Verde","telefone":"(51) 3336-2262","endereco":"Av. Teresópolis, 3437 - Teresópolis, Porto Alegre - RS, 90870-001","website":"https://www.instagram.com/sempre_verde_floricultura/","rating":"4,5","reviews":"97","especialidades":"Floricultura"},{"nome_empresa":"Via flores","telefone":"(51) 99197-5866","endereco":"R. Pedro Ivo, 1010 - Mont'Serrat, Porto Alegre - RS, 90450-210","website":"","rating":"5,0","reviews":"3","especialidades":"Floricultura"},{"nome_empresa":"Floricultura Raio de Luz","telefone":"(51) 98447-7327","endereco":"Av. São Pedro, 847 - São Geraldo, Porto Alegre - RS, 90230-121","website":"","rating":"4,3","reviews":"49","especialidades":"Floricultura"},{"nome_empresa":"Amore Mio Flores para Eventos","telefone":"(51) 99807-2532","endereco":"Av. França, 1292 - Navegantes, Porto Alegre - RS, 90230-220","website":"","rating":"5,0","reviews":"","especialidades":"Floricultura"},{"nome_empresa":"Ipiranga Garden Complex","telefone":"(51) 99854-3580","endereco":"Av. Ipiranga, 4299 - Partenon, Porto Alegre - RS, 90610-001","website":"","rating":"5,0","reviews":"14","especialidades":"Floricultura"},{"nome_empresa":"Floricultura São Carlos","telefone":"(51) 99650-2176","endereco":"Av. Natal, 73 - Medianeira, Porto Alegre - RS, 90880-110","website":"https://saocarloscoroas.com.br/","rating":"5,0","reviews":"20","especialidades":"Floricultura"},{"nome_empresa":"Floricultura Rua da Praia","telefone":"(51) 99121-4853","endereco":"R. dos Andradas, 846 - Centro Histórico, Porto Alegre - RS, 90020-006","website":"","rating":"4,7","reviews":"7","especialidades":"Floricultura"},{"nome_empresa":"Kokedameria - Kokedamas Porto Alegre","telefone":"(51) 99348-4965","endereco":"Rua Florêncio Ygartua, 271 (visitas agendadas - Moinhos de Vento, Porto Alegre - RS, 90430-010","website":"https://www.instagram.com/kokedameria/","rating":"5,0","reviews":"254","especialidades":"Designer de flores"},{"nome_empresa":"Floricultura Coqueiro","telefone":"(51) 99849-6218","endereco":"Rua General Caldwell, 702 - Menino Deus, Porto Alegre - RS, 90130-050","website":"","rating":"4,8","reviews":"34","especialidades":"Floricultura"},{"nome_empresa":"Flor de Gauss","telefone":"(51) 98409-7473","endereco":"Galeria Champs Elysee - R. 24 de Outubro, 435 - Loja 18 - Moinhos de Vento, Porto Alegre - RS, 90510-001","website":"https://linktr.ee/floriculturaflordegauss?utm_source=linktree_profile_share&ltsid=077d8f46-c08d-4dcb-971b-dfa077729841","rating":"5,0","reviews":"21","especialidades":"Floricultura"},{"nome_empresa":"Floricultura São Pedro - Coroa de flores","telefone":"","endereco":"Av. Porto Alegre, 214 - Azenha, Porto Alegre - RS, 90880-130","website":"","rating":"","reviews":"","especialidades":"Floricultura"},{"nome_empresa":"Floricultura Costa Gama","telefone":"(51) 3250-5912","endereco":"Estr. Costa Gama, 5605 - Belém Velho, Porto Alegre - RS, 91787-290","website":"","rating":"4,8","reviews":"120","especialidades":"Floricultura"},{"nome_empresa":"Floricultura Selma","telefone":"(51) 3219-9946","endereco":"Av. Prof. Oscar Pereira, 400 - Banca 31 - Gloria, Porto Alegre - RS, 91710-000","website":"","rating":"4,7","reviews":"23","especialidades":"Floricultura"},{"nome_empresa":"Green life Floricultura E Serviços de Jardinagem Ltda.","telefone":"(51) 99561-0797","endereco":"R. Jalmar Azambuja Diniz, 198 - Jardim Itu, Porto Alegre - RS, 91220-260","website":"https://www.facebook.com/greenlifecomercial/","rating":"4,3","reviews":"20","especialidades":"Floricultura"},{"nome_empresa":"Lúcia Flores","telefone":"","endereco":"Rua Dr. Vale, S/N - Moinhos de Vento, Porto Alegre - RS, 90560-010","website":"","rating":"5,0","reviews":"9","especialidades":"Floricultura"},{"nome_empresa":"Armelin Floricultura","telefone":"(51) 3085-3131","endereco":"Av. Wenceslau Escobar, 2375 - Tristeza, Porto Alegre - RS, 91793-330","website":"https://armelinfloricultura.com.br/","rating":"4,3","reviews":"64","especialidades":"Floricultura"},{"nome_empresa":"Arteplantas","telefone":"(51) 3346-8298","endereco":"R. Padre Chagas, 178 - Moinhos de Vento, Porto Alegre - RS, 91150-060","website":"http://arteplantas.com.br/shop","rating":"4,8","reviews":"19","especialidades":"Floricultura"},{"nome_empresa":"Carnívoras Jarro de Macaco - Floricultura e artesanato","telefone":"(51) 98915-2222","endereco":"R. Dona Sebastiana, 463 - São João, Porto Alegre - RS, 91020-010","website":"","rating":"5,0","reviews":"9","especialidades":"Floricultura"},{"nome_empresa":"Dê Flores Floricultura","telefone":"(51) 99446-3070","endereco":"Av. Taquara, 214 - Petrópolis, Porto Alegre - RS, 90460-210","website":"http://www.defloresonline.com.br/","rating":"4,7","reviews":"22","especialidades":"Floricultura"},{"nome_empresa":"Floricultura E Paisagismo Angel Garden","telefone":"(51) 3328-9405","endereco":"Av. Eng. Alfredo Corrêa Daudt, 100 - Boa Vista, Porto Alegre - RS, 90480-120","website":"","rating":"4,3","reviews":"16","especialidades":"Floricultura"},{"nome_empresa":"Garden green vasos","telefone":"(51) 99854-3580","endereco":"Av. Ipiranga, 4299 - Partenon, Porto Alegre - RS, 90610-001","website":"https://instagram.com/gardengreenvasos?igshid=188noa82poy1g","rating":"4,9","reviews":"13","especialidades":"Floricultura"},{"nome_empresa":"Floriê Floricultura","telefone":"(51) 99671-1147","endereco":"Av. Wenceslau Escobar, 2247 - Tristeza, Porto Alegre - RS, 91900-000","website":"","rating":"3,2","reviews":"38","especialidades":"Floricultura"},{"nome_empresa":"Floricultura Maria Flor","telefone":"(51) 98652-4529","endereco":"Av. Getúlio Vargas, 806 - Menino Deus, Porto Alegre - RS, 93260-490","website":"https://www.instagram.com/mariaflor_floric/","rating":"5,0","reviews":"","especialidades":"Floricultura"},{"nome_empresa":"Miosótis Floricultura","telefone":"(51) 98141-9959","endereco":"Largo Dr. José Faibes Lubianca, 1 - Loja 12 - Bom Fim, Porto Alegre - RS, 90040-120","website":"","rating":"3,9","reviews":"19","especialidades":"Floricultura"},{"nome_empresa":"Floricultura Maciel","telefone":"(51) 98691-0419","endereco":"Av. Otávio Rocha, 59 - Centro Histórico, Porto Alegre - RS, 90020-151","website":"https://linktr.ee/floriculturamacie","rating":"5,0","reviews":"2","especialidades":"Floricultura"},{"nome_empresa":"Floricultura Bistek","telefone":"(51) 3103-0645","endereco":"R. Valdir Antônio Lopes - Boa Vista, Porto Alegre - RS, 91330-000","website":"https://institucional.bistek.com.br/loja/astir-27","rating":"5,0","reviews":"3","especialidades":"Floricultura"},{"nome_empresa":"Floricultura Rosa Bischoff - Flores e Decorações","telefone":"(51) 99193-4193","endereco":"Av. Prof. Oscar Pereira, 401 - Loja 2 - Azenha, Porto Alegre - RS, 90640-070","website":"https://www.instagram.com/rosabischofffloricultura/","rating":"5,0","reviews":"6","especialidades":"Floricultura"},{"nome_empresa":"Fernanda Rosa Flores Boutique","telefone":"(51) 99808-2435","endereco":"Rua Francisco Ferrer, 222 - Rio Branco, Porto Alegre - RS, 90420-140","website":"https://fernandarosafb.com.br/","rating":"4,8","reviews":"18","especialidades":"Floricultura"},{"nome_empresa":"Floricultura Nataju","telefone":"","endereco":"Av. Bento Gonçalves, 3065 - Partenon, Porto Alegre - RS, 90650-002","website":"","rating":"5,0","reviews":"2","especialidades":"Floricultura"},{"nome_empresa":"Tanni Flores","telefone":"(51) 98452-9330","endereco":"Av. Porto Alegre, 228 - Medianeira, Porto Alegre - RS, 90880-130","website":"","rating":"","reviews":"","especialidades":"Floricultura"},{"nome_empresa":"El Mundo de Musgo - Cursos & Kokedamas","telefone":"(51) 99837-1334","endereco":"Loja SPAZIO DEL BAGNO - R. Mariante, 379 - Rio Branco, Porto Alegre - RS, 90430-180","website":"http://elmundodemusgo.com.br/","rating":"4,9","reviews":"40","especialidades":"Floricultura"},{"nome_empresa":"Donna flor floristeria","telefone":"(51) 99228-0596","endereco":"Av. Goethe, 37 - Rio Branco, Porto Alegre - RS, 90430-100","website":"","rating":"5,0","reviews":"9","especialidades":"Floricultura"},{"nome_empresa":"Casa Lya","telefone":"(51) 3019-2504","endereco":"R. Quintino Bocaiúva, 156 - Floresta, Porto Alegre - RS, 90420-060","website":"","rating":"4,4","reviews":"5","especialidades":"Floricultura"},{"nome_empresa":"Floricultura MENINO DEUS","telefone":"(51) 99199-0621","endereco":"R. Múcio Teixeira, 1634 - Menino Deus, Porto Alegre - RS, 90150-090","website":"","rating":"4,8","reviews":"5","especialidades":"Floricultura"},{"nome_empresa":"Floricultura Porto Alegre Centro Plantas, Vazos e Insumos / Canto Verde C.H","telefone":"(51) 99367-6216","endereco":"R. Riachuelo, 913 - Centro Histórico, Porto Alegre - RS, 90010-270","website":"https://www.instagram.com/canto_verdech?igsh=bHVkMjZpd21oajNh&utm_source=qr","rating":"","reviews":"","especialidades":"Floricultura"},{"nome_empresa":"Cheiro & Verde Floricultura","telefone":"(51) 3328-2399","endereco":"","website":"https://instagram.com/cheiroeverde?utm_medium=copy_link","rating":"4,3","reviews":"12","especialidades":"Floricultura"},{"nome_empresa":"ATELIER DAS FLORES ANGELICA MARTINS","telefone":"(51) 99983-8587","endereco":"Av. José Gertum, 414 - Chácara das Pedras, Porto Alegre - RS, 91330-450","website":"","rating":"4,6","reviews":"15","especialidades":"Designer de flores"},{"nome_empresa":"Flora Reino De Xango&Ossain","telefone":"(51) 4066-8011","endereco":"Av. Prof. Oscar Pereira, 2118 - Glória, Porto Alegre - RS, 91710-000","website":"","rating":"4,8","reviews":"20","especialidades":"Floricultura"},{"nome_empresa":"Floricultura Zaffari Higienópolis","telefone":"","endereco":"Av. Plínio Brasil Milano, 1000 - Higienópolis, Porto Alegre - RS, 90520-900","website":"https://www.zaffari.com.br/hortifruti/floricultura","rating":"","reviews":"","especialidades":"Floricultura"},{"nome_empresa":"FLOS TABERNAM","telefone":"(51) 99920-4220","endereco":"R. Passo da Pátria, 210 - Bela Vista, Porto Alegre - RS, 90460-060","website":"","rating":"5,0","reviews":"3","especialidades":"Floricultura"},{"nome_empresa":"Amor por Suculentas","telefone":"(51) 99329-0347","endereco":"R. Humberto de Campos, 95 - Partenon, Porto Alegre - RS, 90660-280","website":"","rating":"5,0","reviews":"11","especialidades":"Mercado de flores"},{"nome_empresa":"Floricultura Zaffari Cristóvão Colombo","telefone":"","endereco":"Av. Cristóvão Colombo, 1271 - Floresta, Porto Alegre - RS, 90560-004","website":"https://www.zaffari.com.br/hortifruti/floricultura","rating":"","reviews":"","especialidades":"Floricultura"},{"nome_empresa":"Ginkgo","telefone":"(51) 3103-3361","endereco":"R. Cel. Bordini, 332 - Auxiliadora, Porto Alegre - RS, 90440-003","website":"https://www.facebook.com/ginkgo788.oficial","rating":"4,5","reviews":"2037","especialidades":"Café"},{"nome_empresa":"Sebastião Flores e Decorações","telefone":"","endereco":"R. Dr. Timóteo, 513 - Moinhos de Vento, Porto Alegre - RS, 90570-041","website":"","rating":"4,8","reviews":"4","especialidades":"Loja de artigos para festas"},{"nome_empresa":"lilly","telefone":"(51) 3275-1555","endereco":"R. Comendador Caminha, 42 - Moinhos de Vento, Porto Alegre - RS, 90430-030","website":"http://lillyfloristshop.com/","rating":"","reviews":"","especialidades":"Floricultura"},{"nome_empresa":"Floresul Prod Com Imp e Exp de Flores do Sul","telefone":"","endereco":"Av. Borges de Medeiros, 328 - Centro Histórico, Porto Alegre - RS, 90020-020","website":"","rating":"","reviews":"","especialidades":"Floricultura"},{"nome_empresa":"Bazar & Flora","telefone":"","endereco":"R. Marcílio Dias, 1446 - Menino Deus, Porto Alegre - RS, 90130-001","website":"","rating":"","reviews":"","especialidades":"Floricultura"},{"nome_empresa":"Igor Fernandes Flores","telefone":"(51) 3029-6996","endereco":"R. Humberto de Campos, 425 - Partenon, Porto Alegre - RS, 90660-280","website":"","rating":"","reviews":"","especialidades":"Floricultura"},{"nome_empresa":"Dellun Flores E Decor Acão","telefone":"","endereco":"Azenha, Porto Alegre - RS, 90620-001","website":"","rating":"","reviews":"","especialidades":"Floricultura"},{"nome_empresa":"Itibere Ruas Tatim","telefone":"(51) 3222-7673","endereco":"R. Dr. Timóteo, 408 - Floresta, Porto Alegre - RS, 90570-040","website":"","rating":"","reviews":"","especialidades":"Floricultura"},{"nome_empresa":"","telefone":"","endereco":"","website":"","rating":"","reviews":"","especialidades":""},{"nome_empresa":"","telefone":"","endereco":"","website":"","rating":"","reviews":"","especialidades":""},{"nome_empresa":"","telefone":"","endereco":"","website":"http://www.angelus.com.br/","rating":"","reviews":"","especialidades":""},{"nome_empresa":"","telefone":"","endereco":"","website":"","rating":"","reviews":"","especialidades":""},{"nome_empresa":"","telefone":"","endereco":"","website":"","rating":"","reviews":"","especialidades":""},{"nome_empresa":"","telefone":"","endereco":"","website":"http://facebook.com/floriculturaepaisagismosw","rating":"","reviews":"","especialidades":""},{"nome_empresa":"","telefone":"","endereco":"","website":"","rating":"","reviews":"","especialidades":""},{"nome_empresa":"","telefone":"","endereco":"","website":"","rating":"","reviews":"","especialidades":""}],"webhookUrl":"https://workspace.n8n.automatech.tech/webhook/b0c6a501-c1a4-4edc-b011-4091e27297bf","executionMode":"production"}}]},"versionId":"0b2dcb9b-2a4d-40bc-8bea-434306f76e41","triggerCount":0,"tags":[]}

