{"createdAt":"2025-06-05T03:36:45.153Z","updatedAt":"2025-08-04T14:15:42.257Z","id":"a9hDJsdeX1sE24ic","name":"GERADOR DE INSTÂNCIA EVOLUTIONNAPI","active":true,"isArchived":false,"nodes":[{"parameters":{"html":"<!DOCTYPE html>\n<html lang=\"pt-BR\">\n<head>\n<meta charset=\"UTF-8\" />\n<meta name=\"viewport\" content=\"width=device-width, initial-scale=1\" />\n<title>Login e Gerador de QR Code - ASTATONN LTDA</title>\n<style>\n  * {\n    margin:0; padding:0; box-sizing:border-box; font-family: 'Arial', sans-serif;\n  }\n  body {\n    background:#007BFF;\n    color:#fff;\n    min-height:100vh;\n    padding:40px 20px 60px;\n    display:flex;\n    flex-direction: column;\n    align-items: center;\n    justify-content: flex-start;\n  }\n  .container {\n    background:#fff;\n    color:#333;\n    padding:2.5rem 3rem;\n    border-radius:10px;\n    box-shadow: 0 5px 15px rgba(0,0,0,.25);\n    width:90%;\n    max-width:600px;\n    text-align:center;\n  }\n  .container h1 {\n    font-size:28px;\n    margin-bottom:1.5rem;\n    font-weight:700;\n  }\n  .form-group {\n    margin-bottom:1.25rem;\n    text-align:left;\n  }\n  .form-group label {\n    display:block;\n    margin-bottom:.6rem;\n    color:#555;\n    font-weight:600;\n    font-size:1.1rem;\n  }\n  .form-group input {\n    width:100%;\n    padding:.8rem 1rem;\n    border:1.5px solid #ccc;\n    border-radius:6px;\n    font-size:1.1rem;\n    transition: border-color .3s ease;\n  }\n  .form-group input:focus {\n    border-color:#007BFF;\n    outline:none;\n    box-shadow:0 0 6px rgba(0,123,255,.6);\n  }\n  .btn {\n    width:100%;\n    padding:.9rem;\n    background:#007BFF;\n    color:#fff;\n    font-size:1.2rem;\n    font-weight:700;\n    border:none;\n    border-radius:6px;\n    cursor:pointer;\n    transition: background .25s ease;\n    user-select:none;\n  }\n  .btn:hover:not(:disabled) {\n    background:#0056b3;\n  }\n  .btn:disabled {\n    background:#999;\n    cursor:not-allowed;\n  }\n  .footer {\n    margin-top:3rem;\n    text-align:center;\n    color:#fff;\n    font-size:.9rem;\n  }\n  .footer a {\n    color:#ffd700;\n    text-decoration:none;\n    font-weight:600;\n    transition: color .3s ease;\n  }\n  .footer a:hover {\n    color:#ffc107;\n  }\n  .error {\n    color:#d32f2f;\n    font-size:1rem;\n    margin-bottom:1rem;\n    font-weight:600;\n  }\n  .loader {\n    border:6px solid #f3f3f3;\n    border-top:6px solid #007BFF;\n    border-radius:50%;\n    width:56px;\n    height:56px;\n    animation: spin 1s linear infinite;\n    margin:30px auto;\n    display:none;\n  }\n  @keyframes spin {\n    0% {transform: rotate(0deg);}\n    100% {transform: rotate(360deg);}\n  }\n  #qrcode img {\n    margin-top:1.5rem;\n    max-width:280px;\n    max-height:280px;\n    border:4px solid #007BFF;\n    border-radius:12px;\n  }\n  #timer {\n    margin-top:1.25rem;\n    font-weight:700;\n    font-size:1.25rem;\n    color:#007BFF;\n  }\n  #qrcode-page p {\n    font-size:1rem;\n    color:#555;\n    margin: .5rem 0 1.25rem;\n    font-weight: 500;\n  }\n  #qrcode-page p strong {\n    color:#333;\n  }\n  #qrcode-page p em {\n    font-style: normal;\n    color:#777;\n  }\n</style>\n</head>\n<body>\n  <div class=\"container\" id=\"login-page\">\n    <img src=\"https://[REDACTED].supabase.co/storage/v1/object/public/astatonn//Logo%202%20RAW.png\" alt=\"Logo ASTATONN\" style=\"max-width:180px; margin-bottom:1.5rem;\">\n    <h1>Login</h1>\n    <div id=\"error-message\" class=\"error\" style=\"display:none;\"></div>\n    <form id=\"login-form\" autocomplete=\"off\">\n      <div class=\"form-group\">\n        <label for=\"login\">Login:</label>\n        <input type=\"text\" id=\"login\" name=\"login\" placeholder=\"Digite seu login\" required />\n      </div>\n      <div class=\"form-group\">\n        <label for=\"password\">Senha:</label>\n        <input type=\"password\" id=\"password\" name=\"password\" placeholder=\"Digite sua senha\" required />\n      </div>\n      <button type=\"submit\" class=\"btn\">Entrar</button>\n    </form>\n  </div>\n\n  <div class=\"container\" id=\"qrcode-page\" style=\"display:none;\">\n    <h1>Gerador de QR Code</h1>\n    <p>🛈 <strong>Digite o nome da instância</strong> que representará sua conexão com a API do WhatsApp.<br />\n      Escolha algo fácil de lembrar, como <em>\"loja-matriz\"</em>, <em>\"consultorio-dr-joao\"</em> ou <em>\"suporte-cliente\"</em>.\n    </p>\n    <input type=\"text\" id=\"instanceName\" placeholder=\"Nome da instância\" />\n    <button id=\"generateButton\" onclick=\"generateQRCode()\">Gerar QR Code</button>\n    <div id=\"loader\" class=\"loader\"></div>\n    <div id=\"qrcode\"></div>\n    <div id=\"timer\"></div>\n  </div>\n\n  <footer class=\"footer\">\n    <p>@2025 criado por <a href=\"http://astatoon.com/\" target=\"_blank\" rel=\"noopener noreferrer\">ASTATONN LTDA</a></p>\n  </footer>\n\n  <script>\n    const loginForm = document.getElementById('login-form');\n    const loginPage = document.getElementById('login-page');\n    const qrcodePage = document.getElementById('qrcode-page');\n    const errorMessage = document.getElementById('error-message');\n\n    loginForm.addEventListener('submit', async (event) => {\n      event.preventDefault();\n      const login = document.getElementById('login').value.trim();\n      const password = document.getElementById('password').value.trim();\n      try {\n        const response = await fetch('https://workspace.n8n.automatech.tech/webhook/html', {\n          method: 'POST',\n          headers: {'Content-Type': 'application/json'},\n          body: JSON.stringify({ login, password }),\n        });\n        const data = await response.json();\n        if (data.status === 'sucess') {\n          alert(data.mensagem);\n          loginPage.style.display = 'none';\n          qrcodePage.style.display = 'block';\n        } else {\n          errorMessage.style.display = 'block';\n          errorMessage.textContent = data.mensagem || 'Erro ao efetuar login.';\n        }\n      } catch {\n        errorMessage.style.display = 'block';\n        errorMessage.textContent = 'Erro ao conectar ao servidor.';\n      }\n    });\n\n    let timerInterval;\n    let timeLeft = 30;\n    let currentInstanceName = '';\n\n    async function generateQRCode() {\n      const instanceName = document.getElementById('instanceName').value.trim();\n      if (!instanceName) {\n        alert('Por favor, insira o nome da instância.');\n        return;\n      }\n      currentInstanceName = instanceName;\n      await fetchAndDisplayQRCode(instanceName, true);\n      clearInterval(timerInterval);\n      timeLeft = 30;\n      updateTimer();\n      timerInterval = setInterval(updateTimer, 1000);\n    }\n\n    async function fetchAndDisplayQRCode(instanceName, isInitial = false) {\n      const loader = document.getElementById('loader');\n      const generateButton = document.getElementById('generateButton');\n      const qrcodeElement = document.getElementById('qrcode');\n      loader.style.display = 'block';\n      generateButton.disabled = true;\n      qrcodeElement.innerHTML = '';\n      try {\n        const endpoint = isInitial\n          ? 'https://workspace.n8n.automatech.tech/webhook/criar-instancia'\n          : 'https://workspace.n8n.automatech.tech/webhook/atualizar-qrcode';\n        const response = await fetch(endpoint, {\n          method: 'POST',\n          headers: {'Content-Type': 'application/json'},\n          body: JSON.stringify({ instanceName }),\n        });\n        if (!response.ok) throw new Error('Erro na resposta do servidor');\n        const contentType = response.headers.get('content-type');\n        let imgSrc;\n        if (contentType && contentType.includes('application/json')) {\n          const data = await response.json();\n          imgSrc = `data:image/png;base64,${data.qrCodeBase64}`;\n        } else {\n          const blob = await response.blob();\n          imgSrc = URL.createObjectURL(blob);\n        }\n        qrcodeElement.innerHTML = `<img src=\"${imgSrc}\" alt=\"QR Code\">`;\n      } catch {\n        alert('Erro ao gerar QR code. Por favor, tente novamente.');\n      } finally {\n        loader.style.display = 'none';\n        generateButton.disabled = false;\n      }\n    }\n\n    function updateTimer() {\n      const timerElement = document.getElementById('timer');\n      timerElement.textContent = `Novo QR Code em: ${timeLeft}s`;\n      if (timeLeft === 0) {\n        clearInterval(timerInterval);\n        updateQRCode();\n        timeLeft = 30;\n        timerInterval = setInterval(updateTimer, 1000);\n      } else {\n        timeLeft--;\n      }\n    }\n\n    async function updateQRCode() {\n      if (currentInstanceName) {\n        await fetchAndDisplayQRCode(currentInstanceName);\n      }\n    }\n  </script>\n</body>\n</html>\n"},"id":"502c431e-ea33-45ef-8cea-097688dd46ad","name":"HTML","type":"n8n-nodes-base.html","typeVersion":1.2,"position":[288,-48]},{"parameters":{"respondWith":"text","responseBody":"={{ $json.html }}","options":{}},"type":"n8n-nodes-base.respondToWebhook","typeVersion":1.1,"position":[528,-48],"id":"7171e2b6-a3bf-4d0a-bc6a-f3295ab1ebca","name":"Respond to Webhook4"},{"parameters":{"path":"html","responseMode":"responseNode","options":{}},"id":"62fcf961-ecbf-4d54-bafb-6f92c2683419","name":"Webhook","type":"n8n-nodes-base.webhook","typeVersion":2,"position":[48,-48],"webhookId":"a2f5db03-bfae-4702-bc2c-aa3e5d15a51b"},{"parameters":{"content":"# PARA ALTERAR CORES LOGO E ETC EDIT ESSE HTML","height":600,"width":180},"type":"n8n-nodes-base.stickyNote","typeVersion":1,"position":[240,-464],"id":"561e01b5-6d45-4c88-a68e-01c741209d5c","name":"Sticky Note"},{"parameters":{"content":"# LINK P/ ACESSAR O SITE   >LINK DO WEBHOOK< \nhttps://workspace.n8n.automatech.tech/webhook/html","width":780},"type":"n8n-nodes-base.stickyNote","typeVersion":1,"position":[-608,-64],"id":"39920751-3dc4-4e35-93eb-2809ba5e8e90","name":"Sticky Note2"},{"parameters":{"conditions":{"options":{"caseSensitive":true,"leftValue":"","typeValidation":"strict","version":2},"conditions":[{"id":"b5586b08-90da-419e-ba4a-94f1492acaff","leftValue":"={{ $json }}","rightValue":"","operator":{"type":"object","operation":"notEmpty","singleValue":true}}],"combinator":"and"},"options":{}},"id":"e19a10b3-b7b5-406e-b7f1-017206b7ca98","name":"If","type":"n8n-nodes-base.if","typeVersion":2.2,"position":[160,336]},{"parameters":{"respondWith":"json","responseBody":"{\n  \"status\": \"falha\",\n  \"mensagem\": \"login ou senha não correspondem a um usúario ativo!\"\n}","options":{}},"id":"3338115d-4cb3-44ad-a928-0afbfd1f63f9","name":"Respond to Webhook1","type":"n8n-nodes-base.respondToWebhook","typeVersion":1.1,"position":[512,368]},{"parameters":{"respondWith":"json","responseBody":"{\n  \"status\": \"sucess\",\n  \"mensagem\": \"Login efetuado com sucesso!\"\n}","options":{}},"id":"23222e3b-44e2-4d04-82fc-32a5c7c23dfb","name":"Respond to Webhook2","type":"n8n-nodes-base.respondToWebhook","typeVersion":1.1,"position":[512,240]},{"parameters":{"method":"POST","url":"https://evolutionapi.automatech.tech/instance/create","sendHeaders":true,"headerParameters":{"parameters":[{"name":"apikey","REDACTED_KEY": "[REDACTED]"}]},"sendBody":true,"bodyParameters":{"parameters":[{"name":"instanceName","value":"={{ $json.body.instanceName }}"},{"name":"qrcode","value":true},{"name":"integration","value":"WHATSAPP-BAILEYS"}]},"options":{"redirect":{"redirect":{}}}},"type":"n8n-nodes-base.httpRequest","typeVersion":4.2,"position":[-128,528],"id":"245eeaec-4693-4418-90f8-d8a3fcac6ed0","name":"Criar instancia evolution"},{"parameters":{"url":"=https://evolutionapi.automatech.tech/instance/connect/{{ $json.body.instanceName }}","sendHeaders":true,"headerParameters":{"parameters":[{"name":"apikey","REDACTED_KEY": "[REDACTED]"}]},"options":{"redirect":{"redirect":{}}}},"type":"n8n-nodes-base.httpRequest","typeVersion":4.2,"position":[-128,720],"id":"36bfc173-5fa7-4616-98bf-7ff473c0531b","name":"Criar instancia evolution1"},{"parameters":{"operation":"toBinary","sourceProperty":"base64","options":{}},"type":"n8n-nodes-base.convertToFile","typeVersion":1.1,"position":[320,528],"id":"bcc8ced0-78d7-4839-8d42-d94ff17ec593","name":"Convert to File"},{"parameters":{"operation":"toBinary","sourceProperty":"base64","options":{}},"type":"n8n-nodes-base.convertToFile","typeVersion":1.1,"position":[320,720],"id":"952b71b3-22b9-4a8e-9a97-cad085f9262d","name":"Convert to File1"},{"parameters":{"respondWith":"binary","responseDataSource":"set","options":{}},"type":"n8n-nodes-base.respondToWebhook","typeVersion":1.1,"position":[512,528],"id":"e6a50559-9815-4bbe-bb63-01e2adfe5e21","name":"Respond to Webhook5"},{"parameters":{"respondWith":"binary","responseDataSource":"set","options":{}},"type":"n8n-nodes-base.respondToWebhook","typeVersion":1.1,"position":[512,736],"id":"5afd9e74-5b9f-4ffa-8850-4a55fee78561","name":"Respond to Webhook6"},{"parameters":{"assignments":{"assignments":[{"id":"7997d699-2380-48aa-8dc3-b1eac974e16e","name":"base64","value":"={{ $json.qrcode.base64.split(',').last() }}","type":"string"}]},"options":{}},"type":"n8n-nodes-base.set","typeVersion":3.4,"position":[144,528],"id":"7c35732b-c8c3-4ff2-be6b-77f9d08671e8","name":"Edit Fields2"},{"parameters":{"httpMethod":"POST","path":"criar-instancia","responseMode":"responseNode","options":{}},"type":"n8n-nodes-base.webhook","typeVersion":2,"position":[-448,528],"id":"2b74ee56-f066-4f1e-ba63-a36315d0e772","name":"criar-instancia-evolution","webhookId":"a2ab8312-11f5-4da1-bc8a-c5191ca3124f"},{"parameters":{"httpMethod":"POST","path":"atualizar-qrcode","responseMode":"responseNode","options":{}},"type":"n8n-nodes-base.webhook","typeVersion":2,"position":[-464,720],"id":"1d3021b0-200a-413c-beca-1bf46b15de7e","name":"Atualiza qr code","webhookId":"d4851d61-8140-4f73-8080-106589aa067f"},{"parameters":{"httpMethod":"POST","path":"html","responseMode":"responseNode","options":{}},"id":"e672a1e9-65ae-4d6b-96a9-1c1e7f4a60e1","name":"Webhook1","type":"n8n-nodes-base.webhook","typeVersion":2,"position":[-448,336],"webhookId":"6aca3102-9244-4093-9a3a-66d3e4d82fc0"},{"parameters":{"content":"# novos usuários para logar , usuarios criados no bando de dados login_clientes, após isso inserir o nome da instancia e scanear o qrcode\n--- está criado a nova instancia na evolutionn","height":340,"width":1320,"color":4},"type":"n8n-nodes-base.stickyNote","typeVersion":1,"position":[-544,160],"id":"225b7a98-222e-4757-aad1-7bee6058f3dd","name":"Sticky Note3"},{"parameters":{"operation":"get","tableId":"login_cliente_astatonn","filters":{"conditions":[{"keyName":"login","keyValue":"={{ $json.body.login }}"},{"keyName":"senha","keyValue":"={{ $json.body.password }}"},{"keyName":"active","keyValue":"true"}]}},"id":"f80e4731-6608-4cf4-8d76-469d90e2e86e","name":"Get a row","type":"n8n-nodes-base.supabase","typeVersion":1,"position":[-128,336],"alwaysOutputData":true,"credentials":{"supabaseApi":{"id":"G9KBchsZQ2g5jOab","name":"Supabase Astatonn"}}}],"connections":{"HTML":{"main":[[{"node":"Respond to Webhook4","type":"main","index":0}]]},"Webhook":{"main":[[{"node":"HTML","type":"main","index":0}]]},"If":{"main":[[{"node":"Respond to Webhook2","type":"main","index":0}],[{"node":"Respond to Webhook1","type":"main","index":0}]]},"Criar instancia evolution":{"main":[[{"node":"Edit Fields2","type":"main","index":0}]]},"Criar instancia evolution1":{"main":[[{"node":"Convert to File1","type":"main","index":0}]]},"Convert to File":{"main":[[{"node":"Respond to Webhook5","type":"main","index":0}]]},"Convert to File1":{"main":[[{"node":"Respond to Webhook6","type":"main","index":0}]]},"Edit Fields2":{"main":[[{"node":"Convert to File","type":"main","index":0}]]},"criar-instancia-evolution":{"main":[[{"node":"Criar instancia evolution","type":"main","index":0}]]},"Atualiza qr code":{"main":[[{"node":"Criar instancia evolution1","type":"main","index":0}]]},"Webhook1":{"main":[[{"node":"Get a row","type":"main","index":0}]]},"Get a row":{"main":[[{"node":"If","type":"main","index":0}]]}},"settings":{"executionOrder":"v1"},"staticData":null,"meta":{"templateCredsSetupCompleted":true},"pinData":{},"versionId":"71685202-0385-4e6f-b878-1f70006b113b","triggerCount":4,"tags":[{"createdAt":"2025-04-18T04:29:01.436Z","updatedAt":"2025-04-18T04:29:01.436Z","id":"O8dsWJpFE2QmJmpS","name":"EM PRODUÇÂO"}]}

