{"createdAt":"2025-04-16T22:39:26.241Z","updatedAt":"2025-07-18T02:49:27.890Z","id":"YKeOKC3DFfCAjtGF","name":"My workflow 8","active":false,"isArchived":true,"nodes":[{"parameters":{"httpMethod":"POST","path":"sdr-aula","options":{}},"type":"n8n-nodes-base.webhook","typeVersion":2,"position":[-1100,20],"id":"70949e16-9c2c-4735-b124-a170e1438fad","name":"Webhook","webhookId":"5710f3e9-a637-40d3-a758-8b8acf8bc67c"},{"parameters":{"amount":10},"type":"n8n-nodes-base.wait","typeVersion":1.1,"position":[400,0],"id":"f75678f0-a5d0-4768-b1d8-119adb3fdaad","name":"Wait","webhookId":"262938d5-7d34-4374-851f-732bb7e32533"},{"parameters":{"jsCode":"// Código atualizado para o node 'Code' no n8n\nconst array1 = $('Get Memory 1').item.json.Message1;\nconst array2 = $('Get Memory 2').item.json.Message2;\n\n// Combina os elementos dos arrays em strings únicas\nconst combinedText1 = array1.join(' ');\nconst combinedText2 = array2.join(' ');\n\n// Retorna os resultados no formato exigido pelo n8n\nreturn [\n  {\n    json: {\n      combinedText1,\n      combinedText2,\n    },\n  },\n];"},"type":"n8n-nodes-base.code","typeVersion":2,"position":[840,0],"id":"075096ee-46a9-45bd-adfc-c1cd71ae0c75","name":"Code"},{"parameters":{"operation":"get","propertyName":"Message1","key":"={{ $('Data Handler').item.json.remoteJid }}","options":{}},"type":"n8n-nodes-base.redis","typeVersion":1,"position":[200,0],"id":"e41ac6ec-ee92-43d7-9c6c-e06d0bddfde1","name":"Get Memory 1"},{"parameters":{"operation":"get","propertyName":"Message2","key":"={{ $('Data Handler').item.json.remoteJid }}","options":{}},"type":"n8n-nodes-base.redis","typeVersion":1,"position":[620,0],"id":"d21d2b9a-d787-4c6d-92cf-7649efaafd4a","name":"Get Memory 2"},{"parameters":{"operation":"push","list":"={{ $('Data Handler').item.json.remoteJid }}","messageData":"={{ $('Data Handler').item.json.conversation }}","tail":true},"type":"n8n-nodes-base.redis","typeVersion":1,"position":[0,0],"id":"35ae2fff-7a8b-4503-8085-de66b5f60023","name":"Text Memory"},{"parameters":{"assignments":{"assignments":[{"id":"2911e082-e712-4b85-bcf7-611f60d1559f","name":"remoteJid","value":"={{ $json.body.data.key.remoteJid }}","type":"string"},{"id":"16a9c5c0-5a35-4db2-ab94-ef251115696f","name":"conversation","value":"={{ $json.body.data.message.conversation }}","type":"string"},{"id":"95ca6185-7794-4411-82c5-d30676a6ca52","name":"evo.instance","value":"={{ $json.body.instance }}","type":"string"},{"id":"66fcd40d-88da-4117-958d-7b4a29454136","name":"evo.server_url","value":"={{ $json.body.server_url }}","type":"string"},{"id":"477ee9d8-59d3-4dd4-9eab-038367517cb1","name":"evo.apikey","value":"={{ $json.body.apikey }}","type":"string"}]},"options":{}},"type":"n8n-nodes-base.set","typeVersion":3.4,"position":[-900,20],"id":"bd2a7eef-0ae9-46fd-84b5-6c8e05cf59bc","name":"Data Handler"},{"parameters":{"conditions":{"options":{"caseSensitive":true,"leftValue":"","typeValidation":"strict","version":2},"conditions":[{"id":"6de225a3-3524-4810-8ce2-6b96d1dff463","leftValue":"={{ $json.combinedText1 }}","rightValue":"={{ $json.combinedText2 }}","operator":{"type":"string","operation":"equals","name":"filter.operator.equals"}}],"combinator":"and"},"options":{}},"type":"n8n-nodes-base.filter","typeVersion":2.2,"position":[1080,0],"id":"d240541d-8e89-49cd-8956-ec217428c8a5","name":"Filter"},{"parameters":{"operation":"delete","key":"={{ $('Data Handler').item.json.remoteJid }}"},"type":"n8n-nodes-base.redis","typeVersion":1,"position":[380,240],"id":"c34a3633-a1c5-4a16-ba7a-c38328c2ee86","name":"Redis"},{"parameters":{"jsCode":"// Recupera o texto da variável\nconst output = $('AI Agent').item.json.output;\n\n// Faz o split usando '\\n\\n' como delimitador\nconst splitOutput = output.split('\\n\\n');\n\n// Retorna cada parte do split como um item separado\nreturn splitOutput.map(part => ({\n  json: {\n    splitPart: part,\n  },\n}));\n"},"type":"n8n-nodes-base.code","typeVersion":2,"position":[580,240],"id":"33d28033-ff8b-4da3-a12a-9e6efaacd1c1","name":"Code1","alwaysOutputData":true},{"parameters":{"conditions":{"options":{"caseSensitive":true,"leftValue":"","typeValidation":"strict","version":2},"conditions":[{"id":"8df33b65-c374-45c8-a755-e7d5806f6564","leftValue":"={{ $json.remoteJid }}","rightValue":"=558498620111@s.whatsapp.net","operator":{"type":"string","operation":"equals","name":"filter.operator.equals"}}],"combinator":"and"},"options":{}},"type":"n8n-nodes-base.filter","typeVersion":2.2,"position":[-700,20],"id":"60cae285-5cca-4ee7-b830-8a13dade6fbf","name":"Number Filter","disabled":true},{"parameters":{"operation":"get","tableId":"conversas_teste","filters":{"conditions":[{"keyName":"number","keyValue":"={{ $('Data Handler').item.json.remoteJid }}"}]}},"type":"n8n-nodes-base.supabase","typeVersion":1,"position":[-480,20],"id":"43619f95-79c6-40f6-a012-efb55e31ac5f","name":"Supabase2","alwaysOutputData":true},{"parameters":{"conditions":{"options":{"caseSensitive":true,"leftValue":"","typeValidation":"strict","version":2},"conditions":[{"id":"9052c4ba-c9eb-468b-a15e-2eb63821823e","leftValue":"={{ $json.isEmpty() }}","rightValue":"","operator":{"type":"boolean","operation":"false","singleValue":true}}],"combinator":"and"},"options":{}},"type":"n8n-nodes-base.if","typeVersion":2.2,"position":[-300,20],"id":"a13aafdb-5f04-4540-87a7-d67af26531fb","name":"Number exist?"},{"parameters":{"tableId":"conversas_teste","fieldsUi":{"fieldValues":[{"fieldId":"created_at","fieldValue":"={{ $('Data Handler').item.json.date_time }}"},{"fieldId":"number","fieldValue":"={{ $('Data Handler').item.json.remoteJid }}"}]}},"type":"n8n-nodes-base.supabase","typeVersion":1,"position":[-300,260],"id":"56945f45-7acc-4ad0-915a-5a02d7705c65","name":"Supabase3","retryOnFail":true,"maxTries":5,"waitBetweenTries":5000},{"parameters":{"promptType":"define","text":"=Mensagem: {{ $json.combinedText2 }}\n\nHorário mensagem: {{ $now }}","options":{"systemMessage":"Você é um agente de suporte que conversa com leads no Whatsapp"}},"type":"@n8n/n8n-nodes-langchain.agent","typeVersion":1.7,"position":[0,240],"id":"13f36ec9-8c21-4ff3-8c70-2ed95f8110d9","name":"AI Agent"},{"parameters":{"options":{"frequencyPenalty":0.1,"presencePenalty":0.1,"topP":0.9}},"type":"@n8n/n8n-nodes-langchain.lmChatOpenAi","typeVersion":1,"position":[-60,460],"id":"06336d76-a378-4f16-8f06-e77402dd2729","name":"OpenAI Chat Model"},{"parameters":{},"type":"@n8n/n8n-nodes-langchain.toolCalculator","typeVersion":1,"position":[240,460],"id":"99b9fdf5-520a-4249-bd45-b7b2e3840147","name":"Calculator"},{"parameters":{"options":{}},"type":"n8n-nodes-base.splitInBatches","typeVersion":3,"position":[800,260],"id":"9820c87a-90ab-4469-b914-04f12471dd69","name":"Loop Over Items"},{"parameters":{"sessionIdType":"customKey","sessionKey":"={{ $('Data Handler').item.json.remoteJid }}","contextWindowLength":30},"type":"@n8n/n8n-nodes-langchain.memoryBufferWindow","typeVersion":1.3,"position":[80,460],"id":"c070fe64-2e3a-40ae-8922-92e39b8b4f50","name":"Window Buffer Memory"},{"parameters":{"method":"POST","url":"https://api.elevenlabs.io/v1/text-to-speech/Xb7hH8MSUJpSbSDYk0k2","sendQuery":true,"queryParameters":{"parameters":[{"name":"output_format","value":"mp3_44100_128"}]},"sendHeaders":true,"headerParameters":{"parameters":[{"name":"xi-api-key","value":"sk_8ebc6d62f182de3efb66c76ca34bdc2651357acc536a5ccc"}]},"sendBody":true,"bodyParameters":{"parameters":[{"name":"text","value":"={{ $('Loop Over Items').item.json.splitPart.replaceAll('**', '*') }}"},{"name":"model_id","value":"eleven_multilingual_v2"}]},"options":{}},"type":"n8n-nodes-base.httpRequest","typeVersion":4.2,"position":[1120,620],"id":"6e73bc46-a5fa-40d5-bdd4-c8aea66710c4","name":"Eleven Labs"},{"parameters":{"rules":{"values":[{"conditions":{"options":{"caseSensitive":true,"leftValue":"","typeValidation":"strict","version":2},"conditions":[{"leftValue":"={{ $json.randomNumber }}","rightValue":1,"operator":{"type":"number","operation":"equals"}}],"combinator":"and"},"renameOutput":true,"outputKey":"Texto"},{"conditions":{"options":{"caseSensitive":true,"leftValue":"","typeValidation":"strict","version":2},"conditions":[{"id":"114bca16-4241-43b4-9017-7f1e791a2b16","leftValue":"={{ $json.randomNumber }}","rightValue":2,"operator":{"type":"number","operation":"equals"}}],"combinator":"and"},"renameOutput":true,"outputKey":"Texto"},{"conditions":{"options":{"caseSensitive":true,"leftValue":"","typeValidation":"strict","version":2},"conditions":[{"id":"b274180e-e92f-4562-8d5e-b8bd3dccb55b","leftValue":"={{ $json.randomNumber }}","rightValue":3,"operator":{"type":"number","operation":"equals"}}],"combinator":"and"},"renameOutput":true,"outputKey":"Texto"},{"conditions":{"options":{"caseSensitive":true,"leftValue":"","typeValidation":"strict","version":2},"conditions":[{"id":"5ff762af-4df5-4cc3-a8b5-ee10b3bed4b6","leftValue":"={{ $json.randomNumber }}","rightValue":4,"operator":{"type":"number","operation":"equals"}}],"combinator":"and"},"renameOutput":true,"outputKey":"Audio"}]},"options":{}},"type":"n8n-nodes-base.switch","typeVersion":3.2,"position":[1200,340],"id":"c6d1a556-ba8f-421d-bc46-4289dce6ca35","name":"Switch"},{"parameters":{"operation":"binaryToPropery","options":{}},"type":"n8n-nodes-base.extractFromFile","typeVersion":1,"position":[1320,620],"id":"e13bd704-2a17-4ac7-bdf7-855980eb99c2","name":"Extract from File"},{"parameters":{"jsCode":"function generateRandomNumber() {\n    return Math.floor(Math.random() * 4) + 1;\n}\n\nreturn [{ json: { randomNumber: generateRandomNumber() } }];"},"type":"n8n-nodes-base.code","typeVersion":2,"position":[1000,360],"id":"e2017664-b967-4192-9591-5322eed75261","name":"Número Aleatório"},{"parameters":{"resource":"messages-api","instanceName":"={{ $('Data Handler').item.json.evo.instance }}","remoteJid":"={{ $('Number Filter').item.json.remoteJid }}","messageText":"={{ $('Loop Over Items').item.json.splitPart }}","options_message":{"delay":5000}},"type":"n8n-nodes-evolution-api.evolutionApi","typeVersion":1,"position":[1520,340],"id":"bf12214e-18cc-44b1-8905-9d8790d18e5f","name":"Evolution API","credentials":{"evolutionApi":{"id":"Jsa3dJJatpZBbdg9","name":"Victor"}}},{"parameters":{"resource":"messages-api","operation":"send-audio","instanceName":"={{ $('Data Handler').item.json.evo.instance }}","remoteJid":"={{ $('Number Filter').item.json.remoteJid }}","media":"={{ $json.data }}","options_message":{"delay":5000}},"type":"n8n-nodes-evolution-api.evolutionApi","typeVersion":1,"position":[1520,620],"id":"e7d270be-a0e8-4fb9-b706-4920bfa9cebb","name":"Evolution API1","credentials":{"evolutionApi":{"id":"Jsa3dJJatpZBbdg9","name":"Victor"}}}],"connections":{"Webhook":{"main":[[{"node":"Data Handler","type":"main","index":0}]]},"Wait":{"main":[[{"node":"Get Memory 2","type":"main","index":0}]]},"Code":{"main":[[{"node":"Filter","type":"main","index":0}]]},"Get Memory 1":{"main":[[{"node":"Wait","type":"main","index":0}]]},"Get Memory 2":{"main":[[{"node":"Code","type":"main","index":0}]]},"Text Memory":{"main":[[{"node":"Get Memory 1","type":"main","index":0}]]},"Data Handler":{"main":[[{"node":"Number Filter","type":"main","index":0}]]},"Filter":{"main":[[{"node":"AI Agent","type":"main","index":0}]]},"Redis":{"main":[[{"node":"Code1","type":"main","index":0}]]},"Code1":{"main":[[{"node":"Loop Over Items","type":"main","index":0}]]},"Number Filter":{"main":[[{"node":"Supabase2","type":"main","index":0}]]},"Supabase2":{"main":[[{"node":"Number exist?","type":"main","index":0}]]},"Number exist?":{"main":[[{"node":"Text Memory","type":"main","index":0}],[{"node":"Supabase3","type":"main","index":0}]]},"Supabase3":{"main":[[{"node":"Text Memory","type":"main","index":0}]]},"AI Agent":{"main":[[{"node":"Redis","type":"main","index":0}]]},"OpenAI Chat Model":{"ai_languageModel":[[{"node":"AI Agent","type":"ai_languageModel","index":0}]]},"Calculator":{"ai_tool":[[{"node":"AI Agent","type":"ai_tool","index":0}]]},"Loop Over Items":{"main":[[],[{"node":"Número Aleatório","type":"main","index":0}]]},"Window Buffer Memory":{"ai_memory":[[{"node":"AI Agent","type":"ai_memory","index":0}]]},"Número Aleatório":{"main":[[{"node":"Switch","type":"main","index":0}]]},"Switch":{"main":[[{"node":"Evolution API","type":"main","index":0}],[{"node":"Evolution API","type":"main","index":0}],[{"node":"Evolution API","type":"main","index":0}],[{"node":"Eleven Labs","type":"main","index":0}]]},"Evolution API":{"main":[[{"node":"Loop Over Items","type":"main","index":0}]]},"Eleven Labs":{"main":[[{"node":"Extract from File","type":"main","index":0}]]},"Extract from File":{"main":[[{"node":"Evolution API1","type":"main","index":0}]]},"Evolution API1":{"main":[[{"node":"Loop Over Items","type":"main","index":0}]]}},"settings":{"executionOrder":"v1"},"staticData":null,"meta":null,"pinData":{"Webhook":[{"json":{"headers":{"host": "[REDACTED]","user-agent":"axios/1.7.9","content-length":"935","accept-encoding":"gzip, compress, deflate, br","content-type":"application/json","x-forwarded-for":"172.18.0.1","x-forwarded-host":"n8n.solazius.cloud","x-forwarded-port":"443","x-forwarded-proto":"https","x-forwarded-server":"37192cbfaea5","x-real-ip":"172.18.0.1"},"params":{},"query":{},"body":{"event":"messages.upsert","instance":"AgenteIA","data":{"key":{"remoteJid":"558498620111@s.whatsapp.net","fromMe":false,"id":"3EB03D4A9BE7B243A3CD3F"},"pushName":"Anderson Adelino","status":"DELIVERY_ACK","message":{"conversation":"Oi","messageContextInfo":{"deviceListMetadata":{"senderKeyHash":"RujTxTYex1lUXg==","senderTimestamp":"1739235717","senderAccountType":"E2EE","receiverAccountType":"E2EE","recipientKeyHash":"kwVEaBowvtcuHQ==","recipientTimestamp":"1739380008"},"deviceListMetadataVersion":2,"messageSecret":"zlX87SGw0TgfeovDaKJZvvxNaiij2sEu99MNGwTWplA="}},"messageType":"conversation","messageTimestamp":1740100414,"instanceId":"654457cd-0f09-4916-8490-f7d33477834f","source":"web"},"destination":"https://n8n.solazius.cloud/webhook/sdr-aula","date_time":"2025-02-20T22:13:34.805Z","sender":"558492071010@s.whatsapp.net","server_url":"https://evolution-api.solazius.cloud","apiKey": "[REDACTED]"},"webhookUrl":"https://webhook.solazius.cloud/webhook/sdr-aula","executionMode":"production"}}]},"versionId":"d9d6a895-0956-4a27-a9c3-f1f3333cb4e9","triggerCount":0,"tags":[]}

