{"createdAt":"2025-04-26T04:35:05.789Z","updatedAt":"2025-05-17T13:18:41.838Z","id":"x0qyGM9JjMJsLRZg","name":"MCP_SERVER_PLANILHA_CLIENTES_FLORICULTURA","active":false,"isArchived":false,"nodes":[{"parameters":{"path":"clientes"},"type":"@n8n/n8n-nodes-langchain.mcpTrigger","typeVersion":1,"position":[240,100],"id":"2516e1ca-85df-4c70-8d39-311ad3c735b3","name":"MCP Server Trigger","webhookId":"7b81c1b5-223e-489f-a261-6884ee8892f9"},{"parameters":{"operation":"create","documentId":{"__rl":true,"value":"1TROXFCxgg5ehtDnryeaE2_nRv7OfUz172UN2gAImk_w","mode":"list","cachedResultName":"Clientes","cachedResultUrl":"https://docs.google.com/spreadsheets/d/1TROXFCxgg5ehtDnryeaE2_nRv7OfUz172UN2gAImk_w/edit?usp=drivesdk"},"title":"={{ /*n8n-auto-generated-fromAI-override*/ $fromAI('Title', ``, 'string') }}","options":{}},"type":"n8n-nodes-base.googleSheetsTool","typeVersion":4.5,"position":[-80,360],"id":"789c4adc-745c-4748-b999-9f6a14455727","name":"Criar","credentials":{"googleSheetsOAuth2Api":{"id":"sFtSa2h1fvmHuTqX","name":"rolimvictorhugo@gmail.com"}}},{"parameters":{"documentId":{"__rl":true,"value":"1TROXFCxgg5ehtDnryeaE2_nRv7OfUz172UN2gAImk_w","mode":"list","cachedResultName":"Clientes","cachedResultUrl":"https://docs.google.com/spreadsheets/d/1TROXFCxgg5ehtDnryeaE2_nRv7OfUz172UN2gAImk_w/edit?usp=drivesdk"},"sheetName":{"__rl":true,"value":"gid=0","mode":"list","cachedResultName":"Página1","cachedResultUrl":"https://docs.google.com/spreadsheets/d/1TROXFCxgg5ehtDnryeaE2_nRv7OfUz172UN2gAImk_w/edit#gid=0"},"options":{}},"type":"n8n-nodes-base.googleSheetsTool","typeVersion":4.5,"position":[60,360],"id":"51376d22-3533-4af6-aaac-db0bdffcd4e2","name":"buscar","credentials":{"googleSheetsOAuth2Api":{"id":"sFtSa2h1fvmHuTqX","name":"rolimvictorhugo@gmail.com"}}},{"parameters":{"operation":"update","documentId":{"__rl":true,"value":"1TROXFCxgg5ehtDnryeaE2_nRv7OfUz172UN2gAImk_w","mode":"list","cachedResultName":"Clientes","cachedResultUrl":"https://docs.google.com/spreadsheets/d/1TROXFCxgg5ehtDnryeaE2_nRv7OfUz172UN2gAImk_w/edit?usp=drivesdk"},"sheetName":{"__rl":true,"value":"gid=0","mode":"list","cachedResultName":"Página1","cachedResultUrl":"https://docs.google.com/spreadsheets/d/19_iDJIRNjqtTWtaiiEIQRkX9JMA1CSChkP-A9zzOHws/edit#gid=0"},"columns":{"mappingMode":"defineBelow","value":{"row_number":"={{ /*n8n-auto-generated-fromAI-override*/ $fromAI('row_number__using_to_match_', ``, 'string') }}","Nome ":"={{ /*n8n-auto-generated-fromAI-override*/ $fromAI('Nome_', ``, 'string') }}","Telefone ":"={{ /*n8n-auto-generated-fromAI-override*/ $fromAI('Telefone_', ``, 'string') }}","Endereço":"={{ /*n8n-auto-generated-fromAI-override*/ $fromAI('Endere_o', ``, 'string') }}","cep":"={{ /*n8n-auto-generated-fromAI-override*/ $fromAI('cep', ``, 'string') }}","Data da Entrega":"={{ /*n8n-auto-generated-fromAI-override*/ $fromAI('Data_da_Entrega', ``, 'string') }}"},"matchingColumns":["Nome do Produto"],"schema":[{"id":"Nome ","displayName":"Nome ","required":false,"defaultMatch":false,"display":true,"type":"string","canBeUsedToMatch":true,"removed":false},{"id":"Telefone ","displayName":"Telefone ","required":false,"defaultMatch":false,"display":true,"type":"string","canBeUsedToMatch":true,"removed":false},{"id":"Endereço","displayName":"Endereço","required":false,"defaultMatch":false,"display":true,"type":"string","canBeUsedToMatch":true,"removed":false},{"id":"cep","displayName":"cep","required":false,"defaultMatch":false,"display":true,"type":"string","canBeUsedToMatch":true,"removed":false},{"id":"Data da Entrega","displayName":"Data da Entrega","required":false,"defaultMatch":false,"display":true,"type":"string","canBeUsedToMatch":true,"removed":false},{"id":"row_number","displayName":"row_number","required":false,"defaultMatch":false,"display":true,"type":"string","canBeUsedToMatch":true,"readOnly":true,"removed":false}],"attemptToConvertTypes":false,"convertFieldsToString":false},"options":{}},"type":"n8n-nodes-base.googleSheetsTool","typeVersion":4.5,"position":[180,360],"id":"7f9f3cdf-2289-4bf2-be50-a363c34fef00","name":"Atualizar","credentials":{"googleSheetsOAuth2Api":{"id":"sFtSa2h1fvmHuTqX","name":"rolimvictorhugo@gmail.com"}}},{"parameters":{"operation":"appendOrUpdate","documentId":{"__rl":true,"value":"1TROXFCxgg5ehtDnryeaE2_nRv7OfUz172UN2gAImk_w","mode":"list","cachedResultName":"Clientes","cachedResultUrl":"https://docs.google.com/spreadsheets/d/1TROXFCxgg5ehtDnryeaE2_nRv7OfUz172UN2gAImk_w/edit?usp=drivesdk"},"sheetName":{"__rl":true,"value":"gid=0","mode":"list","cachedResultName":"Página1","cachedResultUrl":"https://docs.google.com/spreadsheets/d/1EnAx0YzO_fJ3FNN35K5e10NuP_tTE2k9BBZDceSv0Xk/edit#gid=0"},"columns":{"mappingMode":"defineBelow","value":{"Nome ":"={{ /*n8n-auto-generated-fromAI-override*/ $fromAI('Nome_', ``, 'string') }}","Telefone ":"={{ /*n8n-auto-generated-fromAI-override*/ $fromAI('Telefone_', ``, 'string') }}","Endereço":"={{ /*n8n-auto-generated-fromAI-override*/ $fromAI('Endere_o', ``, 'string') }}","cep":"={{ /*n8n-auto-generated-fromAI-override*/ $fromAI('cep', ``, 'string') }}","Data da Entrega":"={{ /*n8n-auto-generated-fromAI-override*/ $fromAI('Data_da_Entrega', ``, 'string') }}"},"matchingColumns":["Nome do Produto"],"schema":[{"id":"Nome ","displayName":"Nome ","required":false,"defaultMatch":false,"display":true,"type":"string","canBeUsedToMatch":true,"removed":false},{"id":"Telefone ","displayName":"Telefone ","required":false,"defaultMatch":false,"display":true,"type":"string","canBeUsedToMatch":true,"removed":false},{"id":"Endereço","displayName":"Endereço","required":false,"defaultMatch":false,"display":true,"type":"string","canBeUsedToMatch":true,"removed":false},{"id":"cep","displayName":"cep","required":false,"defaultMatch":false,"display":true,"type":"string","canBeUsedToMatch":true,"removed":false},{"id":"Data da Entrega","displayName":"Data da Entrega","required":false,"defaultMatch":false,"display":true,"type":"string","canBeUsedToMatch":true,"removed":false}],"attemptToConvertTypes":false,"convertFieldsToString":false},"options":{}},"type":"n8n-nodes-base.googleSheetsTool","typeVersion":4.5,"position":[300,360],"id":"2b96456b-7936-45b5-93c0-62ba5359ccd5","name":"Atualizar linha","credentials":{"googleSheetsOAuth2Api":{"id":"sFtSa2h1fvmHuTqX","name":"rolimvictorhugo@gmail.com"}}},{"parameters":{"operation":"clear","documentId":{"__rl":true,"value":"19_iDJIRNjqtTWtaiiEIQRkX9JMA1CSChkP-A9zzOHws","mode":"list","cachedResultName":"Estoque_Floricultura","cachedResultUrl":"https://docs.google.com/spreadsheets/d/19_iDJIRNjqtTWtaiiEIQRkX9JMA1CSChkP-A9zzOHws/edit?usp=drivesdk"},"sheetName":{"__rl":true,"value":"gid=0","mode":"list","cachedResultName":"Página1","cachedResultUrl":"https://docs.google.com/spreadsheets/d/19_iDJIRNjqtTWtaiiEIQRkX9JMA1CSChkP-A9zzOHws/edit#gid=0"},"keepFirstRow":"={{ /*n8n-auto-generated-fromAI-override*/ $fromAI('Keep_First_Row', ``, 'boolean') }}"},"type":"n8n-nodes-base.googleSheetsTool","typeVersion":4.5,"position":[560,360],"id":"ff5979ce-7f35-4a02-ae50-8c6463699084","name":"Limpar","credentials":{"googleSheetsOAuth2Api":{"id":"sFtSa2h1fvmHuTqX","name":"rolimvictorhugo@gmail.com"}}},{"parameters":{"operation":"remove","documentId":{"__rl":true,"value":"1TROXFCxgg5ehtDnryeaE2_nRv7OfUz172UN2gAImk_w","mode":"list","cachedResultName":"Clientes","cachedResultUrl":"https://docs.google.com/spreadsheets/d/1TROXFCxgg5ehtDnryeaE2_nRv7OfUz172UN2gAImk_w/edit?usp=drivesdk"},"sheetName":{"__rl":true,"value":"gid=0","mode":"list","cachedResultName":"Página1","cachedResultUrl":"https://docs.google.com/spreadsheets/d/1TROXFCxgg5ehtDnryeaE2_nRv7OfUz172UN2gAImk_w/edit#gid=0"}},"type":"n8n-nodes-base.googleSheetsTool","typeVersion":4.5,"position":[680,360],"id":"092230f3-fce3-49e5-9801-66baa0f422f3","name":"Apagar","credentials":{"googleSheetsOAuth2Api":{"id":"sFtSa2h1fvmHuTqX","name":"rolimvictorhugo@gmail.com"}}},{"parameters":{"operation":"delete","documentId":{"__rl":true,"value":"1TROXFCxgg5ehtDnryeaE2_nRv7OfUz172UN2gAImk_w","mode":"list","cachedResultName":"Clientes","cachedResultUrl":"https://docs.google.com/spreadsheets/d/1TROXFCxgg5ehtDnryeaE2_nRv7OfUz172UN2gAImk_w/edit?usp=drivesdk"},"sheetName":{"__rl":true,"value":"gid=0","mode":"list","cachedResultName":"Página1","cachedResultUrl":"https://docs.google.com/spreadsheets/d/1EnAx0YzO_fJ3FNN35K5e10NuP_tTE2k9BBZDceSv0Xk/edit#gid=0"},"startIndex":"={{ /*n8n-auto-generated-fromAI-override*/ $fromAI('Start_Row_Number', ``, 'number') }}","numberToDelete":"={{ /*n8n-auto-generated-fromAI-override*/ $fromAI('Number_of_Rows_to_Delete', ``, 'number') }}"},"type":"n8n-nodes-base.googleSheetsTool","typeVersion":4.5,"position":[800,360],"id":"5161f3b2-efde-40ec-bfc7-ee05ded7c921","name":"Apagar linhas e Colunas","credentials":{"googleSheetsOAuth2Api":{"id":"sFtSa2h1fvmHuTqX","name":"rolimvictorhugo@gmail.com"}}},{"parameters":{"operation":"append","documentId":{"__rl":true,"value":"1TROXFCxgg5ehtDnryeaE2_nRv7OfUz172UN2gAImk_w","mode":"list","cachedResultName":"Clientes","cachedResultUrl":"https://docs.google.com/spreadsheets/d/1TROXFCxgg5ehtDnryeaE2_nRv7OfUz172UN2gAImk_w/edit?usp=drivesdk"},"sheetName":{"__rl":true,"value":"gid=0","mode":"list","cachedResultName":"Página1","cachedResultUrl":"https://docs.google.com/spreadsheets/d/1EnAx0YzO_fJ3FNN35K5e10NuP_tTE2k9BBZDceSv0Xk/edit#gid=0"},"columns":{"mappingMode":"defineBelow","value":{"Nome ":"={{ /*n8n-auto-generated-fromAI-override*/ $fromAI('Nome_', ``, 'string') }}","Telefone ":"={{ /*n8n-auto-generated-fromAI-override*/ $fromAI('Telefone_', ``, 'string') }}","Endereço":"={{ /*n8n-auto-generated-fromAI-override*/ $fromAI('Endere_o', ``, 'string') }}","cep":"={{ /*n8n-auto-generated-fromAI-override*/ $fromAI('cep', ``, 'string') }}","Data da Entrega":"={{ /*n8n-auto-generated-fromAI-override*/ $fromAI('Data_da_Entrega', ``, 'string') }}"},"matchingColumns":["Nome do Produto"],"schema":[{"id":"Nome ","displayName":"Nome ","required":false,"defaultMatch":false,"display":true,"type":"string","canBeUsedToMatch":true,"removed":false},{"id":"Telefone ","displayName":"Telefone ","required":false,"defaultMatch":false,"display":true,"type":"string","canBeUsedToMatch":true,"removed":false},{"id":"Endereço","displayName":"Endereço","required":false,"defaultMatch":false,"display":true,"type":"string","canBeUsedToMatch":true,"removed":false},{"id":"cep","displayName":"cep","required":false,"defaultMatch":false,"display":true,"type":"string","canBeUsedToMatch":true,"removed":false},{"id":"Data da Entrega","displayName":"Data da Entrega","required":false,"defaultMatch":false,"display":true,"type":"string","canBeUsedToMatch":true,"removed":false}],"attemptToConvertTypes":false,"convertFieldsToString":false},"options":{}},"type":"n8n-nodes-base.googleSheetsTool","typeVersion":4.5,"position":[440,360],"id":"1fc56ade-6dc1-4af5-918e-f48a759ab020","name":"Appende linha","credentials":{"googleSheetsOAuth2Api":{"id":"sFtSa2h1fvmHuTqX","name":"rolimvictorhugo@gmail.com"}}}],"connections":{"Criar":{"ai_tool":[[{"node":"MCP Server Trigger","type":"ai_tool","index":0}]]},"buscar":{"ai_tool":[[{"node":"MCP Server Trigger","type":"ai_tool","index":0}]]},"Atualizar":{"ai_tool":[[{"node":"MCP Server Trigger","type":"ai_tool","index":0}]]},"Atualizar linha":{"ai_tool":[[{"node":"MCP Server Trigger","type":"ai_tool","index":0}]]},"Limpar":{"ai_tool":[[{"node":"MCP Server Trigger","type":"ai_tool","index":0}]]},"Apagar":{"ai_tool":[[{"node":"MCP Server Trigger","type":"ai_tool","index":0}]]},"Apagar linhas e Colunas":{"ai_tool":[[{"node":"MCP Server Trigger","type":"ai_tool","index":0}]]},"Appende linha":{"ai_tool":[[{"node":"MCP Server Trigger","type":"ai_tool","index":0}]]}},"settings":{"executionOrder":"v1"},"staticData":null,"meta":{"templateCredsSetupCompleted":true},"pinData":{},"versionId":"e0cd97da-a96a-48a0-9980-aa5c482b2328","triggerCount":1,"tags":[]}

