{"createdAt":"2025-04-20T22:50:51.095Z","updatedAt":"2025-05-01T03:32:40.478Z","id":"EPUJQ96HGp0hQbbs","name":"MCP_SERVER_ODONTOLOGIA","active":false,"isArchived":false,"nodes":[{"parameters":{"path":"Odonto"},"type":"@n8n/n8n-nodes-langchain.mcpTrigger","typeVersion":1,"position":[240,100],"id":"e290033d-81d2-4a72-9ad3-f72345981d26","name":"MCP Server Trigger","webhookId":"edbe3ad4-c8a4-4c7e-9296-29da5f1436e5"},{"parameters":{"content":"                                   SERVIDOR MCP PARA CLINICA DE ONDONTOLOGIA","height":80,"width":800},"type":"n8n-nodes-base.stickyNote","position":[20,0],"typeVersion":1,"id":"17c8101d-d36d-4c78-8290-3af172d103fc","name":"Sticky Note"},{"parameters":{"operation":"create","documentId":{"__rl":true,"value":"1EnAx0YzO_fJ3FNN35K5e10NuP_tTE2k9BBZDceSv0Xk","mode":"list","cachedResultName":"Cadastro_Odonto","cachedResultUrl":"https://docs.google.com/spreadsheets/d/1EnAx0YzO_fJ3FNN35K5e10NuP_tTE2k9BBZDceSv0Xk/edit?usp=drivesdk"},"title":"={{ /*n8n-auto-generated-fromAI-override*/ $fromAI('Title', ``, 'string') }}","options":{}},"type":"n8n-nodes-base.googleSheetsTool","typeVersion":4.5,"position":[-80,360],"id":"ec69b92e-64b2-4ea7-a31a-afd666fc4464","name":"Create","credentials":{"googleSheetsOAuth2Api":{"id":"sFtSa2h1fvmHuTqX","name":"rolimvictorhugo@gmail.com"}}},{"parameters":{"documentId":{"__rl":true,"value":"1EnAx0YzO_fJ3FNN35K5e10NuP_tTE2k9BBZDceSv0Xk","mode":"list","cachedResultName":"Cadastro_Odonto","cachedResultUrl":"https://docs.google.com/spreadsheets/d/1EnAx0YzO_fJ3FNN35K5e10NuP_tTE2k9BBZDceSv0Xk/edit?usp=drivesdk"},"sheetName":{"__rl":true,"value":"gid=0","mode":"list","cachedResultName":"Página1","cachedResultUrl":"https://docs.google.com/spreadsheets/d/1EnAx0YzO_fJ3FNN35K5e10NuP_tTE2k9BBZDceSv0Xk/edit#gid=0"},"options":{}},"type":"n8n-nodes-base.googleSheetsTool","typeVersion":4.5,"position":[40,360],"id":"e12ae744-fd33-455b-a26c-bd86f668ab1d","name":"Get Rows","credentials":{"googleSheetsOAuth2Api":{"id":"sFtSa2h1fvmHuTqX","name":"rolimvictorhugo@gmail.com"}}},{"parameters":{"operation":"update","documentId":{"__rl":true,"value":"1EnAx0YzO_fJ3FNN35K5e10NuP_tTE2k9BBZDceSv0Xk","mode":"list","cachedResultName":"Cadastro_Odonto","cachedResultUrl":"https://docs.google.com/spreadsheets/d/1EnAx0YzO_fJ3FNN35K5e10NuP_tTE2k9BBZDceSv0Xk/edit?usp=drivesdk"},"sheetName":{"__rl":true,"value":"gid=0","mode":"list","cachedResultName":"Página1","cachedResultUrl":"https://docs.google.com/spreadsheets/d/1EnAx0YzO_fJ3FNN35K5e10NuP_tTE2k9BBZDceSv0Xk/edit#gid=0"},"columns":{"mappingMode":"defineBelow","value":{"row_number":"={{ /*n8n-auto-generated-fromAI-override*/ $fromAI('row_number__using_to_match_', ``, 'string') }}","Nome":"={{ /*n8n-auto-generated-fromAI-override*/ $fromAI('Nome', ``, 'string') }}","Data de nascimento":"={{ /*n8n-auto-generated-fromAI-override*/ $fromAI('Data_de_nascimento', ``, 'string') }}","CPF":"={{ /*n8n-auto-generated-fromAI-override*/ $fromAI('CPF', ``, 'string') }}","Telefone":"={{ /*n8n-auto-generated-fromAI-override*/ $fromAI('Telefone', ``, 'string') }}","Endereço":"={{ /*n8n-auto-generated-fromAI-override*/ $fromAI('Endere_o', ``, 'string') }}","Convênio":"={{ /*n8n-auto-generated-fromAI-override*/ $fromAI('Conv_nio', ``, 'string') }}","Email":"={{ /*n8n-auto-generated-fromAI-override*/ $fromAI('Email', ``, 'string') }}"},"matchingColumns":["Nome"],"schema":[{"id":"Nome","displayName":"Nome","required":false,"defaultMatch":false,"display":true,"type":"string","canBeUsedToMatch":true,"removed":false},{"id":"Data de nascimento","displayName":"Data de nascimento","required":false,"defaultMatch":false,"display":true,"type":"string","canBeUsedToMatch":true,"removed":false},{"id":"CPF","displayName":"CPF","required":false,"defaultMatch":false,"display":true,"type":"string","canBeUsedToMatch":true,"removed":false},{"id":"Telefone","displayName":"Telefone","required":false,"defaultMatch":false,"display":true,"type":"string","canBeUsedToMatch":true,"removed":false},{"id":"Endereço","displayName":"Endereço","required":false,"defaultMatch":false,"display":true,"type":"string","canBeUsedToMatch":true,"removed":false},{"id":"Convênio","displayName":"Convênio","required":false,"defaultMatch":false,"display":true,"type":"string","canBeUsedToMatch":true,"removed":false},{"id":"Email","displayName":"Email","required":false,"defaultMatch":false,"display":true,"type":"string","canBeUsedToMatch":true,"removed":false},{"id":"row_number","displayName":"row_number","required":false,"defaultMatch":false,"display":true,"type":"string","canBeUsedToMatch":true,"readOnly":true,"removed":false}],"attemptToConvertTypes":false,"convertFieldsToString":false},"options":{}},"type":"n8n-nodes-base.googleSheetsTool","typeVersion":4.5,"position":[160,360],"id":"3086e801-f927-4005-9b43-d96d831b3c70","name":"Update Row","credentials":{"googleSheetsOAuth2Api":{"id":"sFtSa2h1fvmHuTqX","name":"rolimvictorhugo@gmail.com"}}},{"parameters":{"operation":"appendOrUpdate","documentId":{"__rl":true,"value":"1EnAx0YzO_fJ3FNN35K5e10NuP_tTE2k9BBZDceSv0Xk","mode":"list","cachedResultName":"Cadastro_Odonto","cachedResultUrl":"https://docs.google.com/spreadsheets/d/1EnAx0YzO_fJ3FNN35K5e10NuP_tTE2k9BBZDceSv0Xk/edit?usp=drivesdk"},"sheetName":{"__rl":true,"value":"gid=0","mode":"list","cachedResultName":"Página1","cachedResultUrl":"https://docs.google.com/spreadsheets/d/1EnAx0YzO_fJ3FNN35K5e10NuP_tTE2k9BBZDceSv0Xk/edit#gid=0"},"columns":{"mappingMode":"defineBelow","value":{"Nome":"={{ /*n8n-auto-generated-fromAI-override*/ $fromAI('Nome__using_to_match_', ``, 'string') }}","Data de nascimento":"={{ /*n8n-auto-generated-fromAI-override*/ $fromAI('Data_de_nascimento', ``, 'string') }}","CPF":"={{ /*n8n-auto-generated-fromAI-override*/ $fromAI('CPF', ``, 'string') }}","Telefone":"={{ /*n8n-auto-generated-fromAI-override*/ $fromAI('Telefone', ``, 'string') }}","Endereço":"={{ /*n8n-auto-generated-fromAI-override*/ $fromAI('Endere_o', ``, 'string') }}","Convênio":"={{ /*n8n-auto-generated-fromAI-override*/ $fromAI('Conv_nio', ``, 'string') }}","Email":"={{ /*n8n-auto-generated-fromAI-override*/ $fromAI('Email', ``, 'string') }}"},"matchingColumns":["Nome"],"schema":[{"id":"Nome","displayName":"Nome","required":false,"defaultMatch":false,"display":true,"type":"string","canBeUsedToMatch":true,"removed":false},{"id":"Data de nascimento","displayName":"Data de nascimento","required":false,"defaultMatch":false,"display":true,"type":"string","canBeUsedToMatch":true,"removed":false},{"id":"CPF","displayName":"CPF","required":false,"defaultMatch":false,"display":true,"type":"string","canBeUsedToMatch":true,"removed":false},{"id":"Telefone","displayName":"Telefone","required":false,"defaultMatch":false,"display":true,"type":"string","canBeUsedToMatch":true,"removed":false},{"id":"Endereço","displayName":"Endereço","required":false,"defaultMatch":false,"display":true,"type":"string","canBeUsedToMatch":true,"removed":false},{"id":"Convênio","displayName":"Convênio","required":false,"defaultMatch":false,"display":true,"type":"string","canBeUsedToMatch":true,"removed":false},{"id":"Email","displayName":"Email","required":false,"defaultMatch":false,"display":true,"type":"string","canBeUsedToMatch":true,"removed":false}],"attemptToConvertTypes":false,"convertFieldsToString":false},"options":{}},"type":"n8n-nodes-base.googleSheetsTool","typeVersion":4.5,"position":[300,360],"id":"978da2ed-079a-476b-b931-2284cde80985","name":"Append or Update Row","credentials":{"googleSheetsOAuth2Api":{"id":"sFtSa2h1fvmHuTqX","name":"rolimvictorhugo@gmail.com"}}},{"parameters":{"operation":"append","documentId":{"__rl":true,"value":"1EnAx0YzO_fJ3FNN35K5e10NuP_tTE2k9BBZDceSv0Xk","mode":"list","cachedResultName":"Cadastro_Odonto","cachedResultUrl":"https://docs.google.com/spreadsheets/d/1EnAx0YzO_fJ3FNN35K5e10NuP_tTE2k9BBZDceSv0Xk/edit?usp=drivesdk"},"sheetName":{"__rl":true,"value":"gid=0","mode":"list","cachedResultName":"Página1","cachedResultUrl":"https://docs.google.com/spreadsheets/d/1EnAx0YzO_fJ3FNN35K5e10NuP_tTE2k9BBZDceSv0Xk/edit#gid=0"},"columns":{"mappingMode":"defineBelow","value":{"Nome":"={{ /*n8n-auto-generated-fromAI-override*/ $fromAI('Nome', ``, 'string') }}","Data de nascimento":"={{ /*n8n-auto-generated-fromAI-override*/ $fromAI('Data_de_nascimento', ``, 'string') }}","CPF":"={{ /*n8n-auto-generated-fromAI-override*/ $fromAI('CPF', ``, 'string') }}","Telefone":"={{ /*n8n-auto-generated-fromAI-override*/ $fromAI('Telefone', ``, 'string') }}","Endereço":"={{ /*n8n-auto-generated-fromAI-override*/ $fromAI('Endere_o', ``, 'string') }}","Convênio":"={{ /*n8n-auto-generated-fromAI-override*/ $fromAI('Conv_nio', ``, 'string') }}","Email":"={{ /*n8n-auto-generated-fromAI-override*/ $fromAI('Email', ``, 'string') }}"},"matchingColumns":[],"schema":[{"id":"Nome","displayName":"Nome","required":false,"defaultMatch":false,"display":true,"type":"string","canBeUsedToMatch":true,"removed":false},{"id":"Data de nascimento","displayName":"Data de nascimento","required":false,"defaultMatch":false,"display":true,"type":"string","canBeUsedToMatch":true,"removed":false},{"id":"CPF","displayName":"CPF","required":false,"defaultMatch":false,"display":true,"type":"string","canBeUsedToMatch":true,"removed":false},{"id":"Telefone","displayName":"Telefone","required":false,"defaultMatch":false,"display":true,"type":"string","canBeUsedToMatch":true,"removed":false},{"id":"Endereço","displayName":"Endereço","required":false,"defaultMatch":false,"display":true,"type":"string","canBeUsedToMatch":true,"removed":false},{"id":"Convênio","displayName":"Convênio","required":false,"defaultMatch":false,"display":true,"type":"string","canBeUsedToMatch":true,"removed":false},{"id":"Email","displayName":"Email","required":false,"defaultMatch":false,"display":true,"type":"string","canBeUsedToMatch":true,"removed":false}],"attemptToConvertTypes":false,"convertFieldsToString":false},"options":{}},"type":"n8n-nodes-base.googleSheetsTool","typeVersion":4.5,"position":[440,360],"id":"026b8222-8a12-4e2f-b40b-a3d78361bf5c","name":"Append Row","credentials":{"googleSheetsOAuth2Api":{"id":"sFtSa2h1fvmHuTqX","name":"rolimvictorhugo@gmail.com"}}},{"parameters":{"operation":"clear","documentId":{"__rl":true,"value":"1EnAx0YzO_fJ3FNN35K5e10NuP_tTE2k9BBZDceSv0Xk","mode":"list","cachedResultName":"Cadastro_Odonto","cachedResultUrl":"https://docs.google.com/spreadsheets/d/1EnAx0YzO_fJ3FNN35K5e10NuP_tTE2k9BBZDceSv0Xk/edit?usp=drivesdk"},"sheetName":{"__rl":true,"value":"gid=0","mode":"list","cachedResultName":"Página1","cachedResultUrl":"https://docs.google.com/spreadsheets/d/1EnAx0YzO_fJ3FNN35K5e10NuP_tTE2k9BBZDceSv0Xk/edit#gid=0"},"keepFirstRow":"={{ /*n8n-auto-generated-fromAI-override*/ $fromAI('Keep_First_Row', ``, 'boolean') }}"},"type":"n8n-nodes-base.googleSheetsTool","typeVersion":4.5,"position":[560,360],"id":"dafe81c7-ff8a-4788-9f4f-4cdc13d119d8","name":"Clear","credentials":{"googleSheetsOAuth2Api":{"id":"sFtSa2h1fvmHuTqX","name":"rolimvictorhugo@gmail.com"}}},{"parameters":{"operation":"remove","documentId":{"__rl":true,"value":"1EnAx0YzO_fJ3FNN35K5e10NuP_tTE2k9BBZDceSv0Xk","mode":"list","cachedResultName":"Cadastro_Odonto","cachedResultUrl":"https://docs.google.com/spreadsheets/d/1EnAx0YzO_fJ3FNN35K5e10NuP_tTE2k9BBZDceSv0Xk/edit?usp=drivesdk"},"sheetName":{"__rl":true,"value":"gid=0","mode":"list","cachedResultName":"Página1","cachedResultUrl":"https://docs.google.com/spreadsheets/d/1EnAx0YzO_fJ3FNN35K5e10NuP_tTE2k9BBZDceSv0Xk/edit#gid=0"}},"type":"n8n-nodes-base.googleSheetsTool","typeVersion":4.5,"position":[680,360],"id":"36c6361b-67b3-42b4-aca6-31601aa05730","name":"Delete","credentials":{"googleSheetsOAuth2Api":{"id":"sFtSa2h1fvmHuTqX","name":"rolimvictorhugo@gmail.com"}}},{"parameters":{"operation":"delete","documentId":{"__rl":true,"value":"1EnAx0YzO_fJ3FNN35K5e10NuP_tTE2k9BBZDceSv0Xk","mode":"list","cachedResultName":"Cadastro_Odonto","cachedResultUrl":"https://docs.google.com/spreadsheets/d/1EnAx0YzO_fJ3FNN35K5e10NuP_tTE2k9BBZDceSv0Xk/edit?usp=drivesdk"},"sheetName":{"__rl":true,"value":"gid=0","mode":"list","cachedResultName":"Página1","cachedResultUrl":"https://docs.google.com/spreadsheets/d/1EnAx0YzO_fJ3FNN35K5e10NuP_tTE2k9BBZDceSv0Xk/edit#gid=0"},"startIndex":"={{ /*n8n-auto-generated-fromAI-override*/ $fromAI('Start_Row_Number', ``, 'number') }}","numberToDelete":"={{ /*n8n-auto-generated-fromAI-override*/ $fromAI('Number_of_Rows_to_Delete', ``, 'number') }}"},"type":"n8n-nodes-base.googleSheetsTool","typeVersion":4.5,"position":[800,360],"id":"bbc26a1c-fbba-45d6-9d50-fe9f79c815fa","name":"Delete Rows or Columns","credentials":{"googleSheetsOAuth2Api":{"id":"sFtSa2h1fvmHuTqX","name":"rolimvictorhugo@gmail.com"}}}],"connections":{"Create":{"ai_tool":[[{"node":"MCP Server Trigger","type":"ai_tool","index":0}]]},"Get Rows":{"ai_tool":[[{"node":"MCP Server Trigger","type":"ai_tool","index":0}]]},"Update Row":{"ai_tool":[[{"node":"MCP Server Trigger","type":"ai_tool","index":0}]]},"Append or Update Row":{"ai_tool":[[{"node":"MCP Server Trigger","type":"ai_tool","index":0}]]},"Append Row":{"ai_tool":[[{"node":"MCP Server Trigger","type":"ai_tool","index":0}]]},"Clear":{"ai_tool":[[{"node":"MCP Server Trigger","type":"ai_tool","index":0}]]},"Delete":{"ai_tool":[[{"node":"MCP Server Trigger","type":"ai_tool","index":0}]]},"Delete Rows or Columns":{"ai_tool":[[{"node":"MCP Server Trigger","type":"ai_tool","index":0}]]}},"settings":{"executionOrder":"v1"},"staticData":null,"meta":{"templateCredsSetupCompleted":true},"pinData":{},"versionId":"a41270ec-a2f8-4b43-b20d-c648afb3d613","triggerCount":1,"tags":[]}

