{"createdAt":"2025-06-30T01:30:49.073Z","updatedAt":"2025-06-30T01:46:23.507Z","id":"cEGHQ4nwVoqxRa4t","name":"PROCURA CLIENTES APIFY","active":false,"isArchived":false,"nodes":[{"parameters":{"functionCode":"// Extrai os dados relevantes dos resultados, removendo +55 do telefone\nreturn items[0].json.local_results.map(result => {\n  let telefone = result.phone || '';\n  telefone = telefone.replace(/^\\+55\\s?-?/, '');\n  return {\n    json: {\n      Nome: result.title,\n      Telefone: telefone,\n      Endereço: result.address,\n      Website: result.website,\n      Categoria: result.type\n    }\n  };\n});"},"name":"Extrair Leads1","type":"n8n-nodes-base.function","typeVersion":1,"position":[580,0],"id":"c5b51242-7c3a-4842-aa0a-eb7b853b5157"},{"parameters":{"jsCode":"// Lista de coordenadas de bairros (Porto Alegre, Canoas, Nova Santa Rita, São Leopoldo)\nconst coordenadas = [\n  '@-30.0277,-51.2287,14z', // Centro POA\n  '@-30.0428,-51.2095,14z', // Menino Deus\n  '@-30.0156,-51.1851,14z', // Petrópolis\n  '@-30.0644,-51.1242,14z', // Lomba do Pinheiro\n  '@-30.0773,-51.2091,14z', // Partenon\n  '@-30.0500,-51.1700,14z', // Teresópolis\n  '@-30.0350,-51.2400,14z', // Navegantes\n\n  '@-29.9200,-51.1800,14z', // Centro Canoas\n  '@-29.9150,-51.1700,14z', // São Luis\n  '@-29.9045,-51.1500,14z', // Mathias Velho\n\n  '@-29.7400,-51.1450,14z', // Campina - Nova Santa Rita\n  '@-29.7430,-51.1650,14z', // Vicentina - Nova Santa Rita\n\n  '@-29.7260,-51.1500,14z', // São Leopoldo\n  '@-29.6200,-51.1400,14z'  // Cristo Rei - São Leopoldo\n];\n\n// Escolhe a coordenada baseada no dia da semana\nconst dia = new Date().getDay(); // 0 = domingo, 6 = sábado\nconst coordenada = coordenadas[dia % coordenadas.length];\n\n// Gera os offsets de 20 em 20 (até 100)\nconst offsets = [0, 20, 40, 60, 80];\n\n// Retorna combinação coordenada + start\nreturn offsets.map(start => ({\n  json: {\n    ll: coordenada,\n    start\n  }\n}));\n"},"type":"n8n-nodes-base.code","typeVersion":2,"position":[80,0],"id":"2ffd0bc7-03ab-4a75-b852-bfd127a6020a","name":"Code"},{"parameters":{"operation":"append","documentId":{"__rl":true,"value":"1Cp266-lhI6w4XDlZFeNLDq9OBxKUvtTIugixYqDxa_M","mode":"list","cachedResultName":"Clientes_Astatonn","cachedResultUrl":"https://docs.google.com/spreadsheets/d/1Cp266-lhI6w4XDlZFeNLDq9OBxKUvtTIugixYqDxa_M/edit?usp=drivesdk"},"sheetName":{"__rl":true,"value":"gid=0","mode":"list","cachedResultName":"Página1","cachedResultUrl":"https://docs.google.com/spreadsheets/d/1Cp266-lhI6w4XDlZFeNLDq9OBxKUvtTIugixYqDxa_M/edit#gid=0"},"columns":{"mappingMode":"defineBelow","value":{"Categoria":"={{ $json.Categoria }}","Nome ":"={{ $json.Nome }}","Telefone":"={{ $json.Telefone }}","Endereço":"={{ $json[\"Endereço\"] }}","Website":"={{ $json.Website }}","Enviado ":"✅"},"matchingColumns":["Categoria"],"schema":[{"id":"Nome ","displayName":"Nome ","required":false,"defaultMatch":false,"display":true,"type":"string","canBeUsedToMatch":true,"removed":false},{"id":"Telefone","displayName":"Telefone","required":false,"defaultMatch":false,"display":true,"type":"string","canBeUsedToMatch":true,"removed":false},{"id":"Endereço","displayName":"Endereço","required":false,"defaultMatch":false,"display":true,"type":"string","canBeUsedToMatch":true,"removed":false},{"id":"Website","displayName":"Website","required":false,"defaultMatch":false,"display":true,"type":"string","canBeUsedToMatch":true,"removed":false},{"id":"Categoria","displayName":"Categoria","required":false,"defaultMatch":false,"display":true,"type":"string","canBeUsedToMatch":true,"removed":false},{"id":"Enviado ","displayName":"Enviado ","required":false,"defaultMatch":false,"display":true,"type":"string","canBeUsedToMatch":true,"removed":false}],"attemptToConvertTypes":false,"convertFieldsToString":false},"options":{}},"type":"n8n-nodes-base.googleSheets","typeVersion":4.6,"position":[540,1260],"id":"09b92ac5-ceb2-478d-94d0-6adf684a94e9","name":"Append row in sheet1","executeOnce":false,"credentials":{"googleSheetsOAuth2Api":{"id":"sFtSa2h1fvmHuTqX","name":"rolimvictorhugo@gmail.com"}}},{"parameters":{"batchSize":1,"options":{}},"type":"n8n-nodes-base.splitInBatches","typeVersion":1,"position":[-240,1260],"name":"Split Coordenadas","id":"9363c874-a9e0-4bac-81c6-35762770c332"},{"parameters":{"url":"https://serpapi.com/search.json","options":{},"queryParametersUi":{"parameter":[{"name":"engine","value":"google_maps"},{"name":"type","value":"search"},{"name":"q","value":"Floricultura"},{"name":"text","value":"={{ parseFloat($json.lat) + ',' + parseFloat($json.lon) }}\n\n"},{"name":"api_key","REDACTED_KEY": "[REDACTED]"}]}},"type":"n8n-nodes-base.httpRequest","typeVersion":2,"position":[0,1260],"name":"Chamar SerpAPI","id":"6bf50fd5-ca25-42a8-8325-2631c71b9354"},{"parameters":{"functionCode":"\nreturn items[0].json.local_results.map(result => {\n  let telefone = result.phone || '';\n  telefone = telefone.replace(/^\\+55\\s?-?/, '');\n  return {\n    json: {\n      Nome: result.title,\n      Telefone: telefone,\n      Endereço: result.address,\n      Website: result.website,\n      Categoria: result.type\n    }\n  };\n});\n"},"type":"n8n-nodes-base.function","typeVersion":1,"position":[240,1260],"name":"Extrair Leads","id":"07dcec8a-3af3-441e-9263-68f4d0f1623a"},{"parameters":{"options":{}},"type":"n8n-nodes-base.splitInBatches","typeVersion":3,"position":[900,1260],"id":"8b18ba6d-eef4-495e-bf87-1174f5396f58","name":"Loop Over Items1"},{"parameters":{"url":"=https://us1.locationiq.com/v1/search.php\n","sendQuery":true,"queryParameters":{"parameters":[{"name":"q","value":"={{ $json.chatInput }}"},{"name":"key","value":"pk.f8216bd1e40b734d34580a6c91d86076"},{"name":"=format","value":"json"},{"name":"limit","value":"1"},{"name":"countrycodes","value":"br"}]},"sendHeaders":true,"headerParameters":{"parameters":[{"name":"User-Agent","value":"n8n-geocoder"}]},"options":{}},"type":"n8n-nodes-base.httpRequest","typeVersion":4.2,"position":[-460,1260],"id":"264be694-5a41-4a95-9af2-d537f5780fcc","name":"HTTP Request2","alwaysOutputData":true},{"parameters":{"options":{}},"type":"@n8n/n8n-nodes-langchain.chatTrigger","typeVersion":1.1,"position":[-720,1260],"id":"0a5b6fd9-f41c-4b6c-b4e9-249f502f53ec","name":"When chat message received","webhookId":"cf2dc8aa-8d0c-4e21-8dc6-8de344cd9da1"},{"parameters":{"content":"OPÇÂO DE COLETA MANUAL POR ENDEREÇO < BAIRRO OU CIDADE","height":400,"width":1980},"type":"n8n-nodes-base.stickyNote","position":[-880,1100],"typeVersion":1,"id":"2a0ed303-40ed-46c3-a15d-fd5bbe73adbb","name":"Sticky Note"},{"parameters":{"operation":"append","documentId":{"__rl":true,"value":"1Cp266-lhI6w4XDlZFeNLDq9OBxKUvtTIugixYqDxa_M","mode":"list","cachedResultName":"Clientes_Astatonn","cachedResultUrl":"https://docs.google.com/spreadsheets/d/1Cp266-lhI6w4XDlZFeNLDq9OBxKUvtTIugixYqDxa_M/edit?usp=drivesdk"},"sheetName":{"__rl":true,"value":"gid=0","mode":"list","cachedResultName":"Página1","cachedResultUrl":"https://docs.google.com/spreadsheets/d/1Cp266-lhI6w4XDlZFeNLDq9OBxKUvtTIugixYqDxa_M/edit#gid=0"},"columns":{"mappingMode":"defineBelow","value":{"Categoria":"={{ $json.Categoria }}","Nome ":"={{ $json.Nome }}","Telefone":"={{ $json.Telefone }}","Endereço":"={{ $json[\"Endereço\"] }}","Website":"={{ $json.Website }}","Enviado ":"✅"},"matchingColumns":["Categoria"],"schema":[{"id":"Nome ","displayName":"Nome ","required":false,"defaultMatch":false,"display":true,"type":"string","canBeUsedToMatch":true,"removed":false},{"id":"Telefone","displayName":"Telefone","required":false,"defaultMatch":false,"display":true,"type":"string","canBeUsedToMatch":true,"removed":false},{"id":"Endereço","displayName":"Endereço","required":false,"defaultMatch":false,"display":true,"type":"string","canBeUsedToMatch":true,"removed":false},{"id":"Website","displayName":"Website","required":false,"defaultMatch":false,"display":true,"type":"string","canBeUsedToMatch":true,"removed":false},{"id":"Categoria","displayName":"Categoria","required":false,"defaultMatch":false,"display":true,"type":"string","canBeUsedToMatch":true,"removed":false},{"id":"Enviado ","displayName":"Enviado ","required":false,"defaultMatch":false,"display":true,"type":"string","canBeUsedToMatch":true,"removed":false}],"attemptToConvertTypes":false,"convertFieldsToString":false},"options":{}},"type":"n8n-nodes-base.googleSheets","typeVersion":4.6,"position":[540,1700],"id":"7e0bae0b-a734-4613-9fa6-c6cf5a0c5186","name":"Append row in sheet2","executeOnce":false,"credentials":{"googleSheetsOAuth2Api":{"id":"sFtSa2h1fvmHuTqX","name":"rolimvictorhugo@gmail.com"}}},{"parameters":{"functionCode":"// Lista de coordenadas\nconst coordenadas = [\n  '@-30.0277,-51.2287,14z', // Centro POA\n  '@-30.0428,-51.2095,14z', // Menino Deus\n  '@-30.0156,-51.1851,14z', // Petrópolis\n  '@-30.0644,-51.1242,14z', // Lomba do Pinheiro\n  '@-30.0773,-51.2091,14z', // Partenon\n  '@-30.0500,-51.1700,14z', // Teresópolis\n  '@-30.0350,-51.2400,14z', // Navegantes\n  '@-29.9200,-51.1800,14z', // Centro Canoas\n  '@-29.9150,-51.1700,14z', // São Luis\n  '@-29.9045,-51.1500,14z', // Mathias Velho\n  '@-29.7400,-51.1450,14z', // Campina - Nova Santa Rita\n  '@-29.7430,-51.1650,14z', // Vicentina - Nova Santa Rita\n  '@-29.7260,-51.1500,14z', // São Leopoldo\n  '@-29.6200,-51.1400,14z'  // Cristo Rei - São Leopoldo\n];\n\n// Offsets de 20 em 20\nconst offsets = [0, 20, 40, 60, 80];\n\n// Combina cada coordenada com cada offset\nconst combinacoes = [];\n\nfor (const ll of coordenadas) {\n  for (const start of offsets) {\n    combinacoes.push({ json: { ll, start } });\n  }\n}\n\nreturn combinacoes;\n"},"type":"n8n-nodes-base.function","typeVersion":1,"position":[-420,1700],"name":"Gerar Coordenadas1","id":"136df31a-533a-4c0e-8db3-e4831a332444"},{"parameters":{"batchSize":1,"options":{}},"type":"n8n-nodes-base.splitInBatches","typeVersion":1,"position":[-160,1700],"name":"Split Coordenadas2","id":"59076548-1833-4273-9bd8-3b3a49884287"},{"parameters":{"url":"https://serpapi.com/search.json","options":{},"queryParametersUi":{"parameter":[{"name":"engine","value":"google_maps"},{"name":"type","value":"search"},{"name":"q","value":"Floricultura"},{"name":"ll","value":"={{ $json.ll }}"},{"name":"api_key","REDACTED_KEY": "[REDACTED]"},{"name":"start","value":"={{ $json.start }}"}]}},"type":"n8n-nodes-base.httpRequest","typeVersion":2,"position":[80,1700],"name":"Chamar SerpAPI2","id":"1f58752e-d31d-4ddd-aea5-7887ad817aea"},{"parameters":{"functionCode":"\nreturn items[0].json.local_results.map(result => {\n  let telefone = result.phone || '';\n  telefone = telefone.replace(/^\\+55\\s?-?/, '');\n  return {\n    json: {\n      Nome: result.title,\n      Telefone: telefone,\n      Endereço: result.address,\n      Website: result.website,\n      Categoria: result.type\n    }\n  };\n});\n"},"type":"n8n-nodes-base.function","typeVersion":1,"position":[300,1700],"name":"Extrair Leads3","id":"5ad3b993-69d0-4caa-8ca1-79fcedc7522e"},{"parameters":{"options":{}},"type":"n8n-nodes-base.splitInBatches","typeVersion":3,"position":[780,1700],"id":"c697bc4f-9e07-4003-9943-02f37ee5e1b0","name":"Loop Over Items2"},{"parameters":{},"type":"n8n-nodes-base.manualTrigger","typeVersion":1,"position":[-720,1700],"id":"a78da42f-8724-4664-aab7-c795a233d703","name":"When clicking ‘Execute workflow’"},{"parameters":{"content":"OPÇÂO COLETA AUTOMATICA PASSANDO COORDENADA LAT E LON DA REGIÂO>","height":400,"width":1980},"type":"n8n-nodes-base.stickyNote","position":[-880,1560],"typeVersion":1,"id":"fa0d03d7-7938-42b9-810c-0ba36396835e","name":"Sticky Note1"},{"parameters":{"resource":"Actors","operation":"Get list of runs","actorId":{"__rl":true,"mode":"list","value":""},"requestOptions":{}},"type":"n8n-nodes-apify.apify","typeVersion":1,"position":[20,2320],"id":"0ccd63de-e344-4fa7-b4d7-e3a16e87c9f5","name":"Get list of runs","credentials":{"apifyApi":{"id":"BYPN1DDGy1AnHVQB","name":"Apify victor"}}}],"connections":{"Extrair Leads1":{"main":[[]]},"Code":{"main":[[]]},"Append row in sheet1":{"main":[[{"node":"Loop Over Items1","type":"main","index":0}]]},"Split Coordenadas":{"main":[[{"node":"Chamar SerpAPI","type":"main","index":0}]]},"Chamar SerpAPI":{"main":[[{"node":"Extrair Leads","type":"main","index":0}]]},"Extrair Leads":{"main":[[{"node":"Append row in sheet1","type":"main","index":0}]]},"Loop Over Items1":{"main":[[],[{"node":"Extrair Leads","type":"main","index":0}]]},"HTTP Request2":{"main":[[{"node":"Split Coordenadas","type":"main","index":0}]]},"When chat message received":{"main":[[{"node":"HTTP Request2","type":"main","index":0}]]},"Append row in sheet2":{"main":[[{"node":"Loop Over Items2","type":"main","index":0}]]},"Gerar Coordenadas1":{"main":[[{"node":"Split Coordenadas2","type":"main","index":0}]]},"Split Coordenadas2":{"main":[[{"node":"Chamar SerpAPI2","type":"main","index":0}]]},"Chamar SerpAPI2":{"main":[[{"node":"Extrair Leads3","type":"main","index":0}]]},"Extrair Leads3":{"main":[[{"node":"Append row in sheet2","type":"main","index":0}]]},"Loop Over Items2":{"main":[[],[{"node":"Gerar Coordenadas1","type":"main","index":0}]]},"When clicking ‘Execute workflow’":{"main":[[{"node":"Gerar Coordenadas1","type":"main","index":0}]]}},"settings":{"executionOrder":"v1"},"staticData":null,"meta":{"templateCredsSetupCompleted":true},"pinData":{},"versionId":"66c89893-c153-4c8e-b2ef-a411670266c7","triggerCount":0,"tags":[]}

