{"createdAt":"2025-07-18T04:32:25.456Z","updatedAt":"2025-07-18T04:32:25.456Z","id":"hhYghnKol6YlhaaW","name":"TRANSCRIÇÂO DE AUDIO","active":false,"isArchived":false,"nodes":[{"parameters":{"httpMethod":"POST","path":"7c2e2701-1ccd-4268-a940-99e9720230c7","options":{}},"type":"n8n-nodes-base.webhook","typeVersion":2,"position":[-80,304],"id":"fcfd3458-325f-4d70-9a05-1750cf882958","name":"Webhook","webhookId":"7c2e2701-1ccd-4268-a940-99e9720230c7"},{"parameters":{"rules":{"values":[{"conditions":{"options":{"caseSensitive":true,"leftValue":"","typeValidation":"strict","version":2},"conditions":[{"leftValue":"={{ $json.body.data.messageType }}","rightValue":"audioMessage","operator":{"type":"string","operation":"equals"},"id":"2464f1b9-dc62-4412-93b1-ac4fda6933ef"}],"combinator":"and"},"renameOutput":true,"outputKey":"Audio"},{"conditions":{"options":{"caseSensitive":true,"leftValue":"","typeValidation":"strict","version":2},"conditions":[{"id":"7e21ee8c-cde4-42c2-b207-3a83fe7bed7d","leftValue":"={{ $json.body.data.messageType }}","rightValue":"conversation","operator":{"type":"string","operation":"equals","name":"filter.operator.equals"}}],"combinator":"and"},"renameOutput":true,"outputKey":"Texto"}]},"options":{}},"type":"n8n-nodes-base.switch","typeVersion":3.2,"position":[192,304],"id":"93404178-77c5-4b7b-a185-4b0915480e83","name":"Switch"},{"parameters":{"resource":"chat-api","operation":"get-media-base64","instanceName":"evolua-ia","messageId":"={{ $json.body.data.key.id }}","convertToMp4":true},"type":"n8n-nodes-evolution-api.evolutionApi","typeVersion":1,"position":[464,144],"id":"8c4ce341-ddab-46f7-a418-fc5d5a30b562","name":"Obter m dia em base64"},{"parameters":{"assignments":{"assignments":[{"id":"daa35395-bdc4-4118-9807-064458590e57","name":"audio","value":"={{ $json.data.base64 }}","type":"string"}]},"options":{}},"type":"n8n-nodes-base.set","typeVersion":3.4,"position":[736,144],"id":"a240ba14-d167-4254-83ea-f7b10526ee92","name":"SET_AUDIO"},{"parameters":{"operation":"toBinary","sourceProperty":"audio","options":{}},"type":"n8n-nodes-base.convertToFile","typeVersion":1.1,"position":[976,144],"id":"7a477497-f78a-4de6-95de-7a6980f118b0","name":"Convert to File"},{"parameters":{"resource":"audio","operation":"transcribe","options":{}},"type":"@n8n/n8n-nodes-langchain.openAi","typeVersion":1.8,"position":[1184,144],"id":"b6a4074e-e243-46e0-bcb3-2d6ad9da2525","name":"Transcribe a recording"},{"parameters":{"assignments":{"assignments":[{"id":"535fa69e-f50f-42e6-85ea-1952f4c3b67a","name":"audio_transcrito","value":"={{ $json.text }}","type":"string"}]},"options":{}},"type":"n8n-nodes-base.set","typeVersion":3.4,"position":[1472,336],"id":"e4d13baf-900a-4975-98bd-f0e2b1fe42dd","name":"Edit Fields"},{"parameters":{"content":"## Transcrever Áudios","height":540,"width":2100,"color":4},"type":"n8n-nodes-base.stickyNote","typeVersion":1,"position":[-176,64],"id":"b5733a3e-bf27-4d18-b137-57b6d6fe5300","name":"Sticky Note"}],"connections":{"Webhook":{"main":[[{"node":"Switch","type":"main","index":0}]]},"Switch":{"main":[[{"node":"Obter m dia em base64","type":"main","index":0}],[{"node":"Edit Fields","type":"main","index":0}]]},"Obter m dia em base64":{"main":[[{"node":"SET_AUDIO","type":"main","index":0}]]},"SET_AUDIO":{"main":[[{"node":"Convert to File","type":"main","index":0}]]},"Convert to File":{"main":[[{"node":"Transcribe a recording","type":"main","index":0}]]},"Transcribe a recording":{"main":[[{"node":"Edit Fields","type":"main","index":0}]]}},"settings":{"executionOrder":"v1"},"staticData":null,"meta":null,"pinData":{},"versionId":"31a742f6-f6dd-4146-8990-218eee51a778","triggerCount":0,"tags":[]}

