{"createdAt":"2025-07-03T02:21:52.253Z","updatedAt":"2025-07-03T02:21:52.253Z","id":"urMgbtyJlj9oXj08","name":"My workflow 45","active":false,"isArchived":false,"nodes":[{"parameters":{"httpMethod":"POST","path":"upload-pdf-traducao","options":{}},"id":"16a132e2-4f93-44ce-bdca-c33e291cc7c7","name":"Webhook","type":"n8n-nodes-base.webhook","typeVersion":1,"position":[0,0],"webhookId":"35c15ce6-dcd8-4c7b-8cfe-08351ff00d3e"},{"parameters":{"requestMethod":"POST","url":"https://api.pdf.co/v1/file/upload","options":{},"bodyParametersUi":{"parameter":[{"name":"file"}]}},"id":"bf3bad78-4fda-4e83-a3cb-863e455eea69","name":"Upload para PDF.co","type":"n8n-nodes-base.httpRequest","typeVersion":1,"position":[260,0]},{"parameters":{"requestMethod":"POST","url":"https://api.pdf.co/v1/pdf/convert/to/text","jsonParameters":true,"options":{},"bodyParametersJson":"{\"url\": \"{{ $json[\"body.url\"] }}\"}"},"id":"ae7272e0-4b99-4b3e-94b5-5cccccd277e1","name":"Extrair texto do PDF","type":"n8n-nodes-base.httpRequest","typeVersion":1,"position":[500,0]}],"connections":{"Webhook":{"main":[[{"node":"Upload para PDF.co","type":"main","index":0}]]},"Upload para PDF.co":{"main":[[{"node":"Extrair texto do PDF","type":"main","index":0}]]}},"settings":{"executionOrder":"v1"},"staticData":null,"meta":null,"pinData":{},"versionId":"1d0152dc-de2c-4af3-a681-90e56daa777a","triggerCount":0,"tags":[]}

