{"createdAt":"2025-04-15T16:40:13.720Z","updatedAt":"2025-05-17T11:52:27.299Z","id":"eP5hpC6iSyH7s3kz","name":"MCP_SERVER_CALENDARIO_PORTIFOLIO","active":false,"isArchived":false,"nodes":[{"parameters":{"path":"977ba3de-5855-4201-bfb5-57280d073000"},"type":"@n8n/n8n-nodes-langchain.mcpTrigger","typeVersion":1,"position":[200,120],"id":"56d01438-8275-49ca-af1c-c2c5517514db","name":"MCP Server Trigger","webhookId":"977ba3de-5855-4201-bfb5-57280d073000"},{"parameters":{"calendar":{"__rl":true,"value":"secsau.3bsupr@gmail.com","mode":"list","cachedResultName":"BOTSAUDE"},"start":"={{ /*n8n-auto-generated-fromAI-override*/ $fromAI('Start', ``, 'string') }}","end":"={{ /*n8n-auto-generated-fromAI-override*/ $fromAI('End', ``, 'string') }}","additionalFields":{"description":"={{ /*n8n-auto-generated-fromAI-override*/ $fromAI('Description', ``, 'string') }}","summary":"={{ /*n8n-auto-generated-fromAI-override*/ $fromAI('Summary', ``, 'string') }}"}},"type":"n8n-nodes-base.googleCalendarTool","typeVersion":1.3,"position":[60,360],"id":"55d8c0f1-1174-4c7d-91ca-90e24c9403a8","name":"Create Event","credentials":{"googleCalendarOAuth2Api":{"id":"bY9dPYnTrlBCv2GD","name":"CALENDARIO SAUDE"}}},{"parameters":{"operation":"get","calendar":{"__rl":true,"value":"secsau.3bsupr@gmail.com","mode":"list","cachedResultName":"BOTSAUDE"},"eventId":"={{ /*n8n-auto-generated-fromAI-override*/ $fromAI('Event_ID', ``, 'string') }}","options":{}},"type":"n8n-nodes-base.googleCalendarTool","typeVersion":1.3,"position":[200,360],"id":"cac99237-c60f-4c4c-9057-644e3f006b6b","name":"Get Event","credentials":{"googleCalendarOAuth2Api":{"id":"bY9dPYnTrlBCv2GD","name":"CALENDARIO SAUDE"}}},{"parameters":{"operation":"delete","calendar":{"__rl":true,"value":"secsau.3bsupr@gmail.com","mode":"list","cachedResultName":"BOTSAUDE"},"eventId":"={{ /*n8n-auto-generated-fromAI-override*/ $fromAI('Event_ID', ``, 'string') }}","options":{}},"type":"n8n-nodes-base.googleCalendarTool","typeVersion":1.3,"position":[360,360],"id":"4858dd79-5bce-45b4-8787-0d131e6fc493","name":"Delete event","credentials":{"googleCalendarOAuth2Api":{"id":"bY9dPYnTrlBCv2GD","name":"CALENDARIO SAUDE"}}},{"parameters":{"operation":"getAll","calendar":{"__rl":true,"value":"secsau.3bsupr@gmail.com","mode":"list","cachedResultName":"BOTSAUDE"},"returnAll":true,"timeMin":"={{ /*n8n-auto-generated-fromAI-override*/ $fromAI('After', ``, 'string') }}","timeMax":"={{ /*n8n-auto-generated-fromAI-override*/ $fromAI('Before', ``, 'string') }}","options":{}},"type":"n8n-nodes-base.googleCalendarTool","typeVersion":1.3,"position":[520,360],"id":"94267223-f3fc-44b5-a80e-f8ee860017ae","name":"Get Many Events","credentials":{"googleCalendarOAuth2Api":{"id":"bY9dPYnTrlBCv2GD","name":"CALENDARIO SAUDE"}}},{"parameters":{"operation":"update","calendar":{"__rl":true,"value":"secsau.3bsupr@gmail.com","mode":"list","cachedResultName":"BOTSAUDE"},"eventId":"={{ /*n8n-auto-generated-fromAI-override*/ $fromAI('Event_ID', ``, 'string') }}","updateFields":{"description":"={{ /*n8n-auto-generated-fromAI-override*/ $fromAI('Description', ``, 'string') }}","summary":"={{ /*n8n-auto-generated-fromAI-override*/ $fromAI('Summary', ``, 'string') }}"}},"type":"n8n-nodes-base.googleCalendarTool","typeVersion":1.3,"position":[680,360],"id":"00be9938-d172-416c-8bdf-95fd57ea33ef","name":"Google Calendar","credentials":{"googleCalendarOAuth2Api":{"id":"bY9dPYnTrlBCv2GD","name":"CALENDARIO SAUDE"}}},{"parameters":{"content":"                                   SERVIDOR MCP PARA CALENDARIO ","height":80,"width":800},"type":"n8n-nodes-base.stickyNote","position":[-100,0],"typeVersion":1,"id":"5c97f953-d4f2-43c9-af4a-dfe45953bf9c","name":"Sticky Note"}],"connections":{"Create Event":{"ai_tool":[[{"node":"MCP Server Trigger","type":"ai_tool","index":0}]]},"Get Event":{"ai_tool":[[{"node":"MCP Server Trigger","type":"ai_tool","index":0}]]},"Delete event":{"ai_tool":[[{"node":"MCP Server Trigger","type":"ai_tool","index":0}]]},"Get Many Events":{"ai_tool":[[{"node":"MCP Server Trigger","type":"ai_tool","index":0}]]},"Google Calendar":{"ai_tool":[[{"node":"MCP Server Trigger","type":"ai_tool","index":0}]]}},"settings":{"executionOrder":"v1"},"staticData":null,"meta":null,"pinData":{},"versionId":"8d2b6c00-d58f-48ef-8333-dca4a71da61e","triggerCount":1,"tags":[]}

