{"createdAt":"2025-06-03T01:02:40.687Z","updatedAt":"2025-06-03T01:14:23.945Z","id":"WoifhWkkX9pIeW2m","name":"Buscar-Midias","active":false,"isArchived":false,"nodes":[{"parameters":{"workflowInputs":{"values":[{"name":"idInstagram"}]}},"id":"9f9fb394-9129-4fec-bce6-93fa038e59ce","typeVersion":1.1,"name":"When Executed by Another Workflow","type":"n8n-nodes-base.executeWorkflowTrigger","position":[0,0]},{"parameters":{"url":"=https://graph.facebook.com/v21.0/{{ $json.idInstagram }}?fields=media&access_token=SUBSTITUA-ESSE-TEXTO-PELO-SEU-TOKEN","options":{"response":{"response":{"fullResponse":true}}}},"id":"8ad5b40e-7296-4cbe-8d5e-5c1b83c3b8ce","name":"Criar container","type":"n8n-nodes-base.httpRequest","typeVersion":4.2,"position":[220,0]}],"connections":{"When Executed by Another Workflow":{"main":[[{"node":"Criar container","type":"main","index":0}]]}},"settings":{"executionOrder":"v1"},"staticData":null,"meta":null,"pinData":{},"versionId":"6f3fe1c1-b9c4-4100-ba14-e3e319b40869","triggerCount":0,"tags":[]}

